ISO-10303-21;
HEADER;
/* LQFP-48_7x7mm_P0.5mm.step 3D STEP model for use in ECAD systems
 * Copyright (C) 2025, KiCAD
 *
 * This work is licensed under the
 * [Creative Commons CC-BY-SA 4.0 License](https://creativecommons.org/licenses/by-sa/4.0/legalcode),
 * with the following exception:
 *
 * To the extent that the creation of electronic designs that use 'Licensed Material' can be
 * considered to be 'Adapted Material', then the copyright holder waives article 3 of the license
 * with respect to these designs and any generated files which use data provided as part of the
 * 'Licensed Material'.
 *
 * You are free to use the library data in your own projects without the obligation to share your
 * project files under this or any other license agreement. However, if you wish to distribute
 * these libraries, or parts thereof (including in modified form) as a collection then the exception
 * above does not apply. Please refer to
 * https://gitlab.com/kicad/libraries/kicad-packages3D/-/blob/master/LICENSE.md for further clarification
 * of the exception.
 *
 * Disclaimer of Warranties and Limitation of Liability.
 * These libraries are provided in the hope that they will be useful, but are provided without warranty of any kind, express or implied.
 * USE 3D CAD DATA AT YOUR OWN RISK
 * DO NOT RELY UPON ANY INFORMATION FOUND HERE WITHOUT INDEPENDENT VERIFICATION.
 */

FILE_DESCRIPTION(
/* description */ ('model of LQFP-48_7x7mm_P0.5mm'),
/* implementation_level */ '2;1');

FILE_NAME(
/* name */ 'LQFP-48_7x7mm_P0.5mm.step',
/* time_stamp */ '1970-01-01T00:00:00',
/* author */ ('KiCAD','kicad'),
/* organization */ ('OCCT'),
/* preprocessor_version */ '',
/* originating_system */ 'KiCAD',
/* authorisation */ '');

FILE_SCHEMA(('AUTOMOTIVE_DESIGN { 1 0 10303 214 1 1 1 1 }'));
ENDSEC;

DATA;
#1=APPLICATION_PROTOCOL_DEFINITION('international standard','automotive_design',2000,#2);
#2=APPLICATION_CONTEXT('core data for automotive mechanical design processes');
#3=SHAPE_DEFINITION_REPRESENTATION(#4,#10);
#4=PRODUCT_DEFINITION_SHAPE('','',#5);
#5=PRODUCT_DEFINITION('design','',#6,#9);
#6=PRODUCT_DEFINITION_FORMATION('','',#7);
#7=PRODUCT('LQFP-48_7x7mm_P0.5mm','LQFP-48_7x7mm_P0.5mm','',(#8));
#8=PRODUCT_CONTEXT('',#2,'mechanical');
#9=PRODUCT_DEFINITION_CONTEXT('part definition',#2,'design');
#10=ADVANCED_BREP_SHAPE_REPRESENTATION('',(#11,#15),#14151);
#11=AXIS2_PLACEMENT_3D('',#12,#13,#14);
#12=CARTESIAN_POINT('',(0.,0.,0.));
#13=DIRECTION('',(0.,0.,1.));
#14=DIRECTION('',(1.,0.,-0.));
#15=MANIFOLD_SOLID_BREP('',#16);
#16=CLOSED_SHELL('',(#17,#138,#192,#205,#226,#247,#265,#286,#304,#325,#343,#364,#382,#403,#421,#442,#460,#481,#499,#520,#538,#559,#577,#598,#616,#637,#655,#676,#693,#706,#815,#924,#937,#950,#1055,#1070,#1085,#1125,#1191,#1207,#1260,#1276,#1336,#1352,#1405,#1421,#1481,#1497,#1550,#1566,#1626,#1642,#1695,#1711,#1771,#1787,#1840,#1856,#1916,#1932,#1985,#2001,#2061,#2077,#2130,#2146,#2206,#2222,#2275,#2291,#2351,#2367,#2420,#2436,#2496,#2512,#2565,#2581,#2641,#2657,#2710,#2726,#2786,#2802,#2855,#2887,#2905,#2926,#2944,#2965,#2983,#3004,#3022,#3043,#3061,#3082,#3100,#3121,#3139,#3160,#3178,#3199,#3217,#3238,#3256,#3277,#3295,#3316,#3334,#3355,#3365,#3377,#3398,#3416,#3437,#3455,#3476,#3494,#3515,#3533,#3554,#3572,#3593,#3611,#3632,#3650,#3671,#3689,#3710,#3728,#3749,#3767,#3788,#3806,#3827,#3844,#3859,#3874,#3890,#3911,#3929,#3950,#3968,#3989,#4007,#4028,#4046,#4067,#4085,#4106,#4124,#4145,#4163,#4184,#4202,#4223,#4241,#4262,#4280,#4301,#4319,#4340,#4353,#4376,#4486,#4500,#4550,#4562,#4572,#4583,#4592,#4602,#4612,#4622,#4632,#4641,#4653,#4663,#4673,#4682,#4692,#4702,#4712,#4722,#4730,#4742,#4752,#4762,#4771,#4781,#4791,#4801,#4811,#4819,#4831,#4841,#4851,#4860,#4870,#4880,#4890,#4900,#4908,#4920,#4930,#4940,#4949,#4959,#4969,#4979,#4989,#4997,#5009,#5019,#5029,#5038,#5048,#5058,#5068,#5078,#5086,#5098,#5108,#5118,#5127,#5137,#5147,#5157,#5167,#5175,#5187,#5197,#5207,#5216,#5226,#5236,#5246,#5256,#5264,#5276,#5286,#5296,#5305,#5315,#5325,#5335,#5345,#5353,#5365,#5375,#5385,#5394,#5404,#5414,#5424,#5434,#5442,#5454,#5464,#5474,#5483,#5493,#5503,#5513,#5523,#5531,#5543,#5553,#5563,#5572,#5582,#5592,#5602,#5612,#5620,#5634,#5744,#5764,#5790,#5856,#5872,#5925,#5936,#5996,#6012,#6065,#6076,#6136,#6152,#6205,#6216,#6276,#6292,#6345,#6356,#6416,#6432,#6485,#6496,#6556,#6572,#6625,#6636,#6696,#6712,#6765,#6776,#6836,#6852,#6905,#6916,#6976,#6992,#7045,#7056,#7116,#7132,#7185,#7196,#7256,#7272,#7325,#7333,#7391,#7407,#7455,#7519,#7535,#7583,#7593,#7653,#7669,#7722,#7733,#7793,#7809,#7862,#7873,#7933,#7949,#8002,#8013,#8073,#8089,#8142,#8153,#8213,#8229,#8282,#8293,#8353,#8369,#8422,#8433,#8493,#8509,#8562,#8573,#8633,#8649,#8702,#8713,#8773,#8789,#8842,#8853,#8913,#8929,#8982,#8993,#9053,#9069,#9122,#9143,#9209,#9225,#9278,#9294,#9354,#9370,#9423,#9439,#9499,#9515,#9568,#9584,#9644,#9660,#9713,#9729,#9789,#9805,#9858,#9874,#9934,#9950,#10003,#10019,#10079,#10095,#10148,#10164,#10224,#10240,#10293,#10309,#10369,#10385,#10438,#10454,#10514,#10530,#10583,#10599,#10659,#10675,#10728,#10744,#10804,#10820,#10871,#10881,#10893,#10905,#10917,#10929,#10941,#10953,#10965,#10977,#10989,#11001,#11013,#11041,#11050,#11062,#11074,#11086,#11098,#11110,#11122,#11134,#11146,#11158,#11170,#11182,#11191,#11201,#11214,#11256,#11266,#11277,#11286,#11296,#11306,#11316,#11326,#11335,#11345,#11355,#11364,#11374,#11384,#11394,#11404,#11412,#11422,#11432,#11441,#11451,#11461,#11471,#11481,#11489,#11499,#11509,#11518,#11528,#11538,#11548,#11558,#11566,#11576,#11586,#11595,#11605,#11615,#11625,#11635,#11643,#11653,#11663,#11672,#11682,#11692,#11702,#11712,#11720,#11730,#11740,#11749,#11759,#11769,#11779,#11789,#11797,#11807,#11817,#11826,#11836,#11846,#11856,#11866,#11874,#11884,#11894,#11903,#11913,#11923,#11933,#11943,#11951,#11961,#11971,#11980,#11990,#12000,#12010,#12020,#12028,#12038,#12048,#12057,#12067,#12077,#12087,#12097,#12105,#12115,#12124,#12134,#12144,#12154,#12164,#12172,#12183,#12192,#12202,#12212,#12222,#12232,#12241,#12251,#12261,#12270,#12280,#12290,#12300,#12310,#12318,#12328,#12338,#12347,#12357,#12367,#12377,#12387,#12395,#12405,#12415,#12424,#12434,#12444,#12454,#12464,#12472,#12482,#12492,#12501,#12511,#12521,#12531,#12541,#12549,#12559,#12569,#12578,#12588,#12598,#12608,#12618,#12626,#12636,#12646,#12655,#12665,#12675,#12685,#12695,#12703,#12713,#12723,#12732,#12742,#12752,#12762,#12772,#12780,#12790,#12800,#12809,#12819,#12829,#12839,#12849,#12857,#12867,#12877,#12886,#12896,#12906,#12916,#12926,#12934,#12944,#12954,#12963,#12973,#12983,#12993,#13003,#13011,#13021,#13031,#13040,#13050,#13060,#13070,#13080,#13088,#13100,#13110,#13121,#13130,#13140,#13150,#13160,#13170,#13179,#13191,#13201,#13211,#13220,#13230,#13240,#13250,#13260,#13268,#13280,#13290,#13300,#13309,#13319,#13329,#13339,#13349,#13357,#13369,#13379,#13389,#13398,#13408,#13418,#13428,#13438,#13446,#13458,#13468,#13478,#13487,#13497,#13507,#13517,#13527,#13535,#13547,#13557,#13567,#13576,#13586,#13596,#13606,#13616,#13624,#13636,#13646,#13656,#13665,#13675,#13685,#13695,#13705,#13713,#13725,#13735,#13745,#13754,#13764,#13774,#13784,#13794,#13802,#13814,#13824,#13834,#13843,#13853,#13863,#13873,#13883,#13891,#13903,#13913,#13923,#13932,#13942,#13952,#13962,#13972,#13980,#13992,#14002,#14012,#14021,#14031,#14041,#14051,#14061,#14069,#14079,#14089,#14098,#14108,#14118,#14128,#14138,#14146));
#17=ADVANCED_FACE('',(#18),#137,.F.);
#18=FACE_BOUND('',#19,.F.);
#19=EDGE_LOOP('',(#20,#28,#33,#39,#43,#47,#51,#55,#59,#63,#67,#71,#75,#79,#83,#87,#91,#95,#99,#103,#107,#111,#115,#119,#123,#127,#131,#134));
#20=ORIENTED_EDGE('',*,*,#21,.T.);
#21=EDGE_CURVE('',#22,#24,#26,.T.);
#22=VERTEX_POINT('',#23);
#23=CARTESIAN_POINT('',(-3.258576074478,3.367152148956,0.1));
#24=VERTEX_POINT('',#25);
#25=CARTESIAN_POINT('',(3.258576074478,3.367152148956,0.1));
#26=LINE('',#23,#27);
#27=VECTOR('',#14,1.);
#28=ORIENTED_EDGE('',*,*,#29,.T.);
#29=EDGE_CURVE('',#24,#30,#32,.T.);
#30=VERTEX_POINT('',#31);
#31=CARTESIAN_POINT('',(3.325,3.5,0.725));
#32=B_SPLINE_CURVE_WITH_KNOTS('',1,(#25,#31),.UNSPECIFIED.,.F.,.F.,(2,2),(0.,1.),.PIECEWISE_BEZIER_KNOTS.);
#33=ORIENTED_EDGE('',*,*,#34,.F.);
#34=EDGE_CURVE('',#35,#30,#37,.T.);
#35=VERTEX_POINT('',#36);
#36=CARTESIAN_POINT('',(2.86,3.5,0.725));
#37=LINE('',#38,#27);
#38=CARTESIAN_POINT('',(-3.325,3.5,0.725));
#39=ORIENTED_EDGE('',*,*,#40,.F.);
#40=EDGE_CURVE('',#41,#35,#37,.T.);
#41=VERTEX_POINT('',#42);
#42=CARTESIAN_POINT('',(2.64,3.5,0.725));
#43=ORIENTED_EDGE('',*,*,#44,.F.);
#44=EDGE_CURVE('',#45,#41,#37,.T.);
#45=VERTEX_POINT('',#46);
#46=CARTESIAN_POINT('',(2.36,3.5,0.725));
#47=ORIENTED_EDGE('',*,*,#48,.F.);
#48=EDGE_CURVE('',#49,#45,#37,.T.);
#49=VERTEX_POINT('',#50);
#50=CARTESIAN_POINT('',(2.14,3.5,0.725));
#51=ORIENTED_EDGE('',*,*,#52,.F.);
#52=EDGE_CURVE('',#53,#49,#37,.T.);
#53=VERTEX_POINT('',#54);
#54=CARTESIAN_POINT('',(1.86,3.5,0.725));
#55=ORIENTED_EDGE('',*,*,#56,.F.);
#56=EDGE_CURVE('',#57,#53,#37,.T.);
#57=VERTEX_POINT('',#58);
#58=CARTESIAN_POINT('',(1.64,3.5,0.725));
#59=ORIENTED_EDGE('',*,*,#60,.F.);
#60=EDGE_CURVE('',#61,#57,#37,.T.);
#61=VERTEX_POINT('',#62);
#62=CARTESIAN_POINT('',(1.36,3.5,0.725));
#63=ORIENTED_EDGE('',*,*,#64,.F.);
#64=EDGE_CURVE('',#65,#61,#37,.T.);
#65=VERTEX_POINT('',#66);
#66=CARTESIAN_POINT('',(1.14,3.5,0.725));
#67=ORIENTED_EDGE('',*,*,#68,.F.);
#68=EDGE_CURVE('',#69,#65,#37,.T.);
#69=VERTEX_POINT('',#70);
#70=CARTESIAN_POINT('',(0.86,3.5,0.725));
#71=ORIENTED_EDGE('',*,*,#72,.F.);
#72=EDGE_CURVE('',#73,#69,#37,.T.);
#73=VERTEX_POINT('',#74);
#74=CARTESIAN_POINT('',(0.64,3.5,0.725));
#75=ORIENTED_EDGE('',*,*,#76,.F.);
#76=EDGE_CURVE('',#77,#73,#37,.T.);
#77=VERTEX_POINT('',#78);
#78=CARTESIAN_POINT('',(0.36,3.5,0.725));
#79=ORIENTED_EDGE('',*,*,#80,.F.);
#80=EDGE_CURVE('',#81,#77,#37,.T.);
#81=VERTEX_POINT('',#82);
#82=CARTESIAN_POINT('',(0.14,3.5,0.725));
#83=ORIENTED_EDGE('',*,*,#84,.F.);
#84=EDGE_CURVE('',#85,#81,#37,.T.);
#85=VERTEX_POINT('',#86);
#86=CARTESIAN_POINT('',(-0.14,3.5,0.725));
#87=ORIENTED_EDGE('',*,*,#88,.F.);
#88=EDGE_CURVE('',#89,#85,#37,.T.);
#89=VERTEX_POINT('',#90);
#90=CARTESIAN_POINT('',(-0.36,3.5,0.725));
#91=ORIENTED_EDGE('',*,*,#92,.F.);
#92=EDGE_CURVE('',#93,#89,#37,.T.);
#93=VERTEX_POINT('',#94);
#94=CARTESIAN_POINT('',(-0.64,3.5,0.725));
#95=ORIENTED_EDGE('',*,*,#96,.F.);
#96=EDGE_CURVE('',#97,#93,#37,.T.);
#97=VERTEX_POINT('',#98);
#98=CARTESIAN_POINT('',(-0.86,3.5,0.725));
#99=ORIENTED_EDGE('',*,*,#100,.F.);
#100=EDGE_CURVE('',#101,#97,#37,.T.);
#101=VERTEX_POINT('',#102);
#102=CARTESIAN_POINT('',(-1.14,3.5,0.725));
#103=ORIENTED_EDGE('',*,*,#104,.F.);
#104=EDGE_CURVE('',#105,#101,#37,.T.);
#105=VERTEX_POINT('',#106);
#106=CARTESIAN_POINT('',(-1.36,3.5,0.725));
#107=ORIENTED_EDGE('',*,*,#108,.F.);
#108=EDGE_CURVE('',#109,#105,#37,.T.);
#109=VERTEX_POINT('',#110);
#110=CARTESIAN_POINT('',(-1.64,3.5,0.725));
#111=ORIENTED_EDGE('',*,*,#112,.F.);
#112=EDGE_CURVE('',#113,#109,#37,.T.);
#113=VERTEX_POINT('',#114);
#114=CARTESIAN_POINT('',(-1.86,3.5,0.725));
#115=ORIENTED_EDGE('',*,*,#116,.F.);
#116=EDGE_CURVE('',#117,#113,#37,.T.);
#117=VERTEX_POINT('',#118);
#118=CARTESIAN_POINT('',(-2.14,3.5,0.725));
#119=ORIENTED_EDGE('',*,*,#120,.F.);
#120=EDGE_CURVE('',#121,#117,#37,.T.);
#121=VERTEX_POINT('',#122);
#122=CARTESIAN_POINT('',(-2.36,3.5,0.725));
#123=ORIENTED_EDGE('',*,*,#124,.F.);
#124=EDGE_CURVE('',#125,#121,#37,.T.);
#125=VERTEX_POINT('',#126);
#126=CARTESIAN_POINT('',(-2.64,3.5,0.725));
#127=ORIENTED_EDGE('',*,*,#128,.F.);
#128=EDGE_CURVE('',#129,#125,#37,.T.);
#129=VERTEX_POINT('',#130);
#130=CARTESIAN_POINT('',(-2.86,3.5,0.725));
#131=ORIENTED_EDGE('',*,*,#132,.F.);
#132=EDGE_CURVE('',#133,#129,#37,.T.);
#133=VERTEX_POINT('',#38);
#134=ORIENTED_EDGE('',*,*,#135,.F.);
#135=EDGE_CURVE('',#22,#133,#136,.T.);
#136=B_SPLINE_CURVE_WITH_KNOTS('',1,(#23,#38),.UNSPECIFIED.,.F.,.F.,(2,2),(0.,1.),.PIECEWISE_BEZIER_KNOTS.);
#137=B_SPLINE_SURFACE_WITH_KNOTS('',1,1,((#23,#38),(#25,#31)),.UNSPECIFIED.,.F.,.F.,.F.,(2,2),(2,2),(0.,6.65),(0.,1.),.PIECEWISE_BEZIER_KNOTS.);
#138=ADVANCED_FACE('',(#139),#188,.T.);
#139=FACE_BOUND('',#140,.T.);
#140=EDGE_LOOP('',(#20,#141,#148,#155,#162,#169,#176,#183));
#141=ORIENTED_EDGE('',*,*,#142,.T.);
#142=EDGE_CURVE('',#24,#143,#145,.T.);
#143=VERTEX_POINT('',#144);
#144=CARTESIAN_POINT('',(3.367152148956,3.258576074478,0.1));
#145=LINE('',#25,#146);
#146=VECTOR('',#147,1.);
#147=DIRECTION('',(0.707106781187,-0.707106781187,0.));
#148=ORIENTED_EDGE('',*,*,#149,.T.);
#149=EDGE_CURVE('',#143,#150,#152,.T.);
#150=VERTEX_POINT('',#151);
#151=CARTESIAN_POINT('',(3.367152148956,-3.258576074478,0.1));
#152=LINE('',#144,#153);
#153=VECTOR('',#154,1.);
#154=DIRECTION('',(1.110223024625E-16,-1.,0.));
#155=ORIENTED_EDGE('',*,*,#156,.T.);
#156=EDGE_CURVE('',#150,#157,#159,.T.);
#157=VERTEX_POINT('',#158);
#158=CARTESIAN_POINT('',(3.258576074478,-3.367152148956,0.1));
#159=LINE('',#151,#160);
#160=VECTOR('',#161,1.);
#161=DIRECTION('',(-0.707106781187,-0.707106781187,0.));
#162=ORIENTED_EDGE('',*,*,#163,.T.);
#163=EDGE_CURVE('',#157,#164,#166,.T.);
#164=VERTEX_POINT('',#165);
#165=CARTESIAN_POINT('',(-3.258576074478,-3.367152148956,0.1));
#166=LINE('',#158,#167);
#167=VECTOR('',#168,1.);
#168=DIRECTION('',(-1.,-1.110223024625E-16,0.));
#169=ORIENTED_EDGE('',*,*,#170,.T.);
#170=EDGE_CURVE('',#164,#171,#173,.T.);
#171=VERTEX_POINT('',#172);
#172=CARTESIAN_POINT('',(-3.367152148956,-3.258576074478,0.1));
#173=LINE('',#165,#174);
#174=VECTOR('',#175,1.);
#175=DIRECTION('',(-0.707106781187,0.707106781187,0.));
#176=ORIENTED_EDGE('',*,*,#177,.T.);
#177=EDGE_CURVE('',#171,#178,#180,.T.);
#178=VERTEX_POINT('',#179);
#179=CARTESIAN_POINT('',(-3.367152148956,3.258576074478,0.1));
#180=LINE('',#172,#181);
#181=VECTOR('',#182,1.);
#182=DIRECTION('',(-1.110223024625E-16,1.,0.));
#183=ORIENTED_EDGE('',*,*,#184,.T.);
#184=EDGE_CURVE('',#178,#22,#185,.T.);
#185=LINE('',#179,#186);
#186=VECTOR('',#187,1.);
#187=DIRECTION('',(0.707106781187,0.707106781187,0.));
#188=PLANE('',#189);
#189=AXIS2_PLACEMENT_3D('',#23,#190,#191);
#190=DIRECTION('',(0.,0.,-1.));
#191=DIRECTION('',(0.695426027091,-0.718597690537,0.));
#192=ADVANCED_FACE('',(#193),#204,.F.);
#193=FACE_BOUND('',#194,.F.);
#194=EDGE_LOOP('',(#141,#195,#200,#203));
#195=ORIENTED_EDGE('',*,*,#196,.T.);
#196=EDGE_CURVE('',#143,#197,#199,.T.);
#197=VERTEX_POINT('',#198);
#198=CARTESIAN_POINT('',(3.5,3.325,0.725));
#199=B_SPLINE_CURVE_WITH_KNOTS('',1,(#144,#198),.UNSPECIFIED.,.F.,.F.,(2,2),(0.,1.),.PIECEWISE_BEZIER_KNOTS.);
#200=ORIENTED_EDGE('',*,*,#201,.F.);
#201=EDGE_CURVE('',#30,#197,#202,.T.);
#202=LINE('',#31,#146);
#203=ORIENTED_EDGE('',*,*,#29,.F.);
#204=B_SPLINE_SURFACE_WITH_KNOTS('',1,1,((#25,#31),(#144,#198)),.UNSPECIFIED.,.F.,.F.,.F.,(2,2),(2,2),(0.,0.247487373415),(0.,1.),.PIECEWISE_BEZIER_KNOTS.);
#205=ADVANCED_FACE('',(#206),#224,.F.);
#206=FACE_BOUND('',#207,.F.);
#207=EDGE_LOOP('',(#208,#213,#214,#221));
#208=ORIENTED_EDGE('',*,*,#209,.F.);
#209=EDGE_CURVE('',#133,#210,#212,.T.);
#210=VERTEX_POINT('',#211);
#211=CARTESIAN_POINT('',(-3.325,3.5,0.875));
#212=B_SPLINE_CURVE_WITH_KNOTS('',1,(#38,#211),.UNSPECIFIED.,.F.,.F.,(2,2),(0.,1.),.PIECEWISE_BEZIER_KNOTS.);
#213=ORIENTED_EDGE('',*,*,#132,.T.);
#214=ORIENTED_EDGE('',*,*,#215,.T.);
#215=EDGE_CURVE('',#129,#216,#218,.T.);
#216=VERTEX_POINT('',#217);
#217=CARTESIAN_POINT('',(-2.86,3.5,0.875));
#218=LINE('',#219,#220);
#219=CARTESIAN_POINT('',(-2.86,3.5,0.662547563604));
#220=VECTOR('',#13,1.);
#221=ORIENTED_EDGE('',*,*,#222,.F.);
#222=EDGE_CURVE('',#210,#216,#223,.T.);
#223=LINE('',#211,#27);
#224=PLANE('',#225);
#225=AXIS2_PLACEMENT_3D('',#211,#154,#14);
#226=ADVANCED_FACE('',(#227),#245,.F.);
#227=FACE_BOUND('',#228,.F.);
#228=EDGE_LOOP('',(#229,#235,#236,#242));
#229=ORIENTED_EDGE('',*,*,#230,.F.);
#230=EDGE_CURVE('',#129,#231,#233,.T.);
#231=VERTEX_POINT('',#232);
#232=CARTESIAN_POINT('',(-2.86,3.740930461463,0.725));
#233=LINE('',#234,#181);
#234=CARTESIAN_POINT('',(-2.86,3.35,0.725));
#235=ORIENTED_EDGE('',*,*,#128,.T.);
#236=ORIENTED_EDGE('',*,*,#237,.T.);
#237=EDGE_CURVE('',#125,#238,#240,.T.);
#238=VERTEX_POINT('',#239);
#239=CARTESIAN_POINT('',(-2.64,3.740930461463,0.725));
#240=LINE('',#241,#181);
#241=CARTESIAN_POINT('',(-2.64,3.35,0.725));
#242=ORIENTED_EDGE('',*,*,#243,.F.);
#243=EDGE_CURVE('',#231,#238,#244,.T.);
#244=LINE('',#232,#27);
#245=PLANE('',#246);
#246=AXIS2_PLACEMENT_3D('',#234,#13,#182);
#247=ADVANCED_FACE('',(#248),#224,.F.);
#248=FACE_BOUND('',#249,.F.);
#249=EDGE_LOOP('',(#250,#256,#257,#263));
#250=ORIENTED_EDGE('',*,*,#251,.F.);
#251=EDGE_CURVE('',#125,#252,#254,.T.);
#252=VERTEX_POINT('',#253);
#253=CARTESIAN_POINT('',(-2.64,3.5,0.875));
#254=LINE('',#255,#220);
#255=CARTESIAN_POINT('',(-2.64,3.5,0.662547563604));
#256=ORIENTED_EDGE('',*,*,#124,.T.);
#257=ORIENTED_EDGE('',*,*,#258,.T.);
#258=EDGE_CURVE('',#121,#259,#261,.T.);
#259=VERTEX_POINT('',#260);
#260=CARTESIAN_POINT('',(-2.36,3.5,0.875));
#261=LINE('',#262,#220);
#262=CARTESIAN_POINT('',(-2.36,3.5,0.662547563604));
#263=ORIENTED_EDGE('',*,*,#264,.F.);
#264=EDGE_CURVE('',#252,#259,#223,.T.);
#265=ADVANCED_FACE('',(#266),#284,.F.);
#266=FACE_BOUND('',#267,.F.);
#267=EDGE_LOOP('',(#268,#274,#275,#281));
#268=ORIENTED_EDGE('',*,*,#269,.F.);
#269=EDGE_CURVE('',#121,#270,#272,.T.);
#270=VERTEX_POINT('',#271);
#271=CARTESIAN_POINT('',(-2.36,3.740930461463,0.725));
#272=LINE('',#273,#181);
#273=CARTESIAN_POINT('',(-2.36,3.35,0.725));
#274=ORIENTED_EDGE('',*,*,#120,.T.);
#275=ORIENTED_EDGE('',*,*,#276,.T.);
#276=EDGE_CURVE('',#117,#277,#279,.T.);
#277=VERTEX_POINT('',#278);
#278=CARTESIAN_POINT('',(-2.14,3.740930461463,0.725));
#279=LINE('',#280,#181);
#280=CARTESIAN_POINT('',(-2.14,3.35,0.725));
#281=ORIENTED_EDGE('',*,*,#282,.F.);
#282=EDGE_CURVE('',#270,#277,#283,.T.);
#283=LINE('',#271,#27);
#284=PLANE('',#285);
#285=AXIS2_PLACEMENT_3D('',#273,#13,#182);
#286=ADVANCED_FACE('',(#287),#224,.F.);
#287=FACE_BOUND('',#288,.F.);
#288=EDGE_LOOP('',(#289,#295,#296,#302));
#289=ORIENTED_EDGE('',*,*,#290,.F.);
#290=EDGE_CURVE('',#117,#291,#293,.T.);
#291=VERTEX_POINT('',#292);
#292=CARTESIAN_POINT('',(-2.14,3.5,0.875));
#293=LINE('',#294,#220);
#294=CARTESIAN_POINT('',(-2.14,3.5,0.662547563604));
#295=ORIENTED_EDGE('',*,*,#116,.T.);
#296=ORIENTED_EDGE('',*,*,#297,.T.);
#297=EDGE_CURVE('',#113,#298,#300,.T.);
#298=VERTEX_POINT('',#299);
#299=CARTESIAN_POINT('',(-1.86,3.5,0.875));
#300=LINE('',#301,#220);
#301=CARTESIAN_POINT('',(-1.86,3.5,0.662547563604));
#302=ORIENTED_EDGE('',*,*,#303,.F.);
#303=EDGE_CURVE('',#291,#298,#223,.T.);
#304=ADVANCED_FACE('',(#305),#323,.F.);
#305=FACE_BOUND('',#306,.F.);
#306=EDGE_LOOP('',(#307,#313,#314,#320));
#307=ORIENTED_EDGE('',*,*,#308,.F.);
#308=EDGE_CURVE('',#113,#309,#311,.T.);
#309=VERTEX_POINT('',#310);
#310=CARTESIAN_POINT('',(-1.86,3.740930461463,0.725));
#311=LINE('',#312,#181);
#312=CARTESIAN_POINT('',(-1.86,3.35,0.725));
#313=ORIENTED_EDGE('',*,*,#112,.T.);
#314=ORIENTED_EDGE('',*,*,#315,.T.);
#315=EDGE_CURVE('',#109,#316,#318,.T.);
#316=VERTEX_POINT('',#317);
#317=CARTESIAN_POINT('',(-1.64,3.740930461463,0.725));
#318=LINE('',#319,#181);
#319=CARTESIAN_POINT('',(-1.64,3.35,0.725));
#320=ORIENTED_EDGE('',*,*,#321,.F.);
#321=EDGE_CURVE('',#309,#316,#322,.T.);
#322=LINE('',#310,#27);
#323=PLANE('',#324);
#324=AXIS2_PLACEMENT_3D('',#312,#13,#182);
#325=ADVANCED_FACE('',(#326),#224,.F.);
#326=FACE_BOUND('',#327,.F.);
#327=EDGE_LOOP('',(#328,#334,#335,#341));
#328=ORIENTED_EDGE('',*,*,#329,.F.);
#329=EDGE_CURVE('',#109,#330,#332,.T.);
#330=VERTEX_POINT('',#331);
#331=CARTESIAN_POINT('',(-1.64,3.5,0.875));
#332=LINE('',#333,#220);
#333=CARTESIAN_POINT('',(-1.64,3.5,0.662547563604));
#334=ORIENTED_EDGE('',*,*,#108,.T.);
#335=ORIENTED_EDGE('',*,*,#336,.T.);
#336=EDGE_CURVE('',#105,#337,#339,.T.);
#337=VERTEX_POINT('',#338);
#338=CARTESIAN_POINT('',(-1.36,3.5,0.875));
#339=LINE('',#340,#220);
#340=CARTESIAN_POINT('',(-1.36,3.5,0.662547563604));
#341=ORIENTED_EDGE('',*,*,#342,.F.);
#342=EDGE_CURVE('',#330,#337,#223,.T.);
#343=ADVANCED_FACE('',(#344),#362,.F.);
#344=FACE_BOUND('',#345,.F.);
#345=EDGE_LOOP('',(#346,#352,#353,#359));
#346=ORIENTED_EDGE('',*,*,#347,.F.);
#347=EDGE_CURVE('',#105,#348,#350,.T.);
#348=VERTEX_POINT('',#349);
#349=CARTESIAN_POINT('',(-1.36,3.740930461463,0.725));
#350=LINE('',#351,#181);
#351=CARTESIAN_POINT('',(-1.36,3.35,0.725));
#352=ORIENTED_EDGE('',*,*,#104,.T.);
#353=ORIENTED_EDGE('',*,*,#354,.T.);
#354=EDGE_CURVE('',#101,#355,#357,.T.);
#355=VERTEX_POINT('',#356);
#356=CARTESIAN_POINT('',(-1.14,3.740930461463,0.725));
#357=LINE('',#358,#181);
#358=CARTESIAN_POINT('',(-1.14,3.35,0.725));
#359=ORIENTED_EDGE('',*,*,#360,.F.);
#360=EDGE_CURVE('',#348,#355,#361,.T.);
#361=LINE('',#349,#27);
#362=PLANE('',#363);
#363=AXIS2_PLACEMENT_3D('',#351,#13,#182);
#364=ADVANCED_FACE('',(#365),#224,.F.);
#365=FACE_BOUND('',#366,.F.);
#366=EDGE_LOOP('',(#367,#373,#374,#380));
#367=ORIENTED_EDGE('',*,*,#368,.F.);
#368=EDGE_CURVE('',#101,#369,#371,.T.);
#369=VERTEX_POINT('',#370);
#370=CARTESIAN_POINT('',(-1.14,3.5,0.875));
#371=LINE('',#372,#220);
#372=CARTESIAN_POINT('',(-1.14,3.5,0.662547563604));
#373=ORIENTED_EDGE('',*,*,#100,.T.);
#374=ORIENTED_EDGE('',*,*,#375,.T.);
#375=EDGE_CURVE('',#97,#376,#378,.T.);
#376=VERTEX_POINT('',#377);
#377=CARTESIAN_POINT('',(-0.86,3.5,0.875));
#378=LINE('',#379,#220);
#379=CARTESIAN_POINT('',(-0.86,3.5,0.662547563604));
#380=ORIENTED_EDGE('',*,*,#381,.F.);
#381=EDGE_CURVE('',#369,#376,#223,.T.);
#382=ADVANCED_FACE('',(#383),#401,.F.);
#383=FACE_BOUND('',#384,.F.);
#384=EDGE_LOOP('',(#385,#391,#392,#398));
#385=ORIENTED_EDGE('',*,*,#386,.F.);
#386=EDGE_CURVE('',#97,#387,#389,.T.);
#387=VERTEX_POINT('',#388);
#388=CARTESIAN_POINT('',(-0.86,3.740930461463,0.725));
#389=LINE('',#390,#181);
#390=CARTESIAN_POINT('',(-0.86,3.35,0.725));
#391=ORIENTED_EDGE('',*,*,#96,.T.);
#392=ORIENTED_EDGE('',*,*,#393,.T.);
#393=EDGE_CURVE('',#93,#394,#396,.T.);
#394=VERTEX_POINT('',#395);
#395=CARTESIAN_POINT('',(-0.64,3.740930461463,0.725));
#396=LINE('',#397,#181);
#397=CARTESIAN_POINT('',(-0.64,3.35,0.725));
#398=ORIENTED_EDGE('',*,*,#399,.F.);
#399=EDGE_CURVE('',#387,#394,#400,.T.);
#400=LINE('',#388,#27);
#401=PLANE('',#402);
#402=AXIS2_PLACEMENT_3D('',#390,#13,#182);
#403=ADVANCED_FACE('',(#404),#224,.F.);
#404=FACE_BOUND('',#405,.F.);
#405=EDGE_LOOP('',(#406,#412,#413,#419));
#406=ORIENTED_EDGE('',*,*,#407,.F.);
#407=EDGE_CURVE('',#93,#408,#410,.T.);
#408=VERTEX_POINT('',#409);
#409=CARTESIAN_POINT('',(-0.64,3.5,0.875));
#410=LINE('',#411,#220);
#411=CARTESIAN_POINT('',(-0.64,3.5,0.662547563604));
#412=ORIENTED_EDGE('',*,*,#92,.T.);
#413=ORIENTED_EDGE('',*,*,#414,.T.);
#414=EDGE_CURVE('',#89,#415,#417,.T.);
#415=VERTEX_POINT('',#416);
#416=CARTESIAN_POINT('',(-0.36,3.5,0.875));
#417=LINE('',#418,#220);
#418=CARTESIAN_POINT('',(-0.36,3.5,0.662547563604));
#419=ORIENTED_EDGE('',*,*,#420,.F.);
#420=EDGE_CURVE('',#408,#415,#223,.T.);
#421=ADVANCED_FACE('',(#422),#440,.F.);
#422=FACE_BOUND('',#423,.F.);
#423=EDGE_LOOP('',(#424,#430,#431,#437));
#424=ORIENTED_EDGE('',*,*,#425,.F.);
#425=EDGE_CURVE('',#89,#426,#428,.T.);
#426=VERTEX_POINT('',#427);
#427=CARTESIAN_POINT('',(-0.36,3.740930461463,0.725));
#428=LINE('',#429,#181);
#429=CARTESIAN_POINT('',(-0.36,3.35,0.725));
#430=ORIENTED_EDGE('',*,*,#88,.T.);
#431=ORIENTED_EDGE('',*,*,#432,.T.);
#432=EDGE_CURVE('',#85,#433,#435,.T.);
#433=VERTEX_POINT('',#434);
#434=CARTESIAN_POINT('',(-0.14,3.740930461463,0.725));
#435=LINE('',#436,#181);
#436=CARTESIAN_POINT('',(-0.14,3.35,0.725));
#437=ORIENTED_EDGE('',*,*,#438,.F.);
#438=EDGE_CURVE('',#426,#433,#439,.T.);
#439=LINE('',#427,#27);
#440=PLANE('',#441);
#441=AXIS2_PLACEMENT_3D('',#429,#13,#182);
#442=ADVANCED_FACE('',(#443),#224,.F.);
#443=FACE_BOUND('',#444,.F.);
#444=EDGE_LOOP('',(#445,#451,#452,#458));
#445=ORIENTED_EDGE('',*,*,#446,.F.);
#446=EDGE_CURVE('',#85,#447,#449,.T.);
#447=VERTEX_POINT('',#448);
#448=CARTESIAN_POINT('',(-0.14,3.5,0.875));
#449=LINE('',#450,#220);
#450=CARTESIAN_POINT('',(-0.14,3.5,0.662547563604));
#451=ORIENTED_EDGE('',*,*,#84,.T.);
#452=ORIENTED_EDGE('',*,*,#453,.T.);
#453=EDGE_CURVE('',#81,#454,#456,.T.);
#454=VERTEX_POINT('',#455);
#455=CARTESIAN_POINT('',(0.14,3.5,0.875));
#456=LINE('',#457,#220);
#457=CARTESIAN_POINT('',(0.14,3.5,0.662547563604));
#458=ORIENTED_EDGE('',*,*,#459,.F.);
#459=EDGE_CURVE('',#447,#454,#223,.T.);
#460=ADVANCED_FACE('',(#461),#479,.F.);
#461=FACE_BOUND('',#462,.F.);
#462=EDGE_LOOP('',(#463,#469,#470,#476));
#463=ORIENTED_EDGE('',*,*,#464,.F.);
#464=EDGE_CURVE('',#81,#465,#467,.T.);
#465=VERTEX_POINT('',#466);
#466=CARTESIAN_POINT('',(0.14,3.740930461463,0.725));
#467=LINE('',#468,#181);
#468=CARTESIAN_POINT('',(0.14,3.35,0.725));
#469=ORIENTED_EDGE('',*,*,#80,.T.);
#470=ORIENTED_EDGE('',*,*,#471,.T.);
#471=EDGE_CURVE('',#77,#472,#474,.T.);
#472=VERTEX_POINT('',#473);
#473=CARTESIAN_POINT('',(0.36,3.740930461463,0.725));
#474=LINE('',#475,#181);
#475=CARTESIAN_POINT('',(0.36,3.35,0.725));
#476=ORIENTED_EDGE('',*,*,#477,.F.);
#477=EDGE_CURVE('',#465,#472,#478,.T.);
#478=LINE('',#466,#27);
#479=PLANE('',#480);
#480=AXIS2_PLACEMENT_3D('',#468,#13,#182);
#481=ADVANCED_FACE('',(#482),#224,.F.);
#482=FACE_BOUND('',#483,.F.);
#483=EDGE_LOOP('',(#484,#490,#491,#497));
#484=ORIENTED_EDGE('',*,*,#485,.F.);
#485=EDGE_CURVE('',#77,#486,#488,.T.);
#486=VERTEX_POINT('',#487);
#487=CARTESIAN_POINT('',(0.36,3.5,0.875));
#488=LINE('',#489,#220);
#489=CARTESIAN_POINT('',(0.36,3.5,0.662547563604));
#490=ORIENTED_EDGE('',*,*,#76,.T.);
#491=ORIENTED_EDGE('',*,*,#492,.T.);
#492=EDGE_CURVE('',#73,#493,#495,.T.);
#493=VERTEX_POINT('',#494);
#494=CARTESIAN_POINT('',(0.64,3.5,0.875));
#495=LINE('',#496,#220);
#496=CARTESIAN_POINT('',(0.64,3.5,0.662547563604));
#497=ORIENTED_EDGE('',*,*,#498,.F.);
#498=EDGE_CURVE('',#486,#493,#223,.T.);
#499=ADVANCED_FACE('',(#500),#518,.F.);
#500=FACE_BOUND('',#501,.F.);
#501=EDGE_LOOP('',(#502,#508,#509,#515));
#502=ORIENTED_EDGE('',*,*,#503,.F.);
#503=EDGE_CURVE('',#73,#504,#506,.T.);
#504=VERTEX_POINT('',#505);
#505=CARTESIAN_POINT('',(0.64,3.740930461463,0.725));
#506=LINE('',#507,#181);
#507=CARTESIAN_POINT('',(0.64,3.35,0.725));
#508=ORIENTED_EDGE('',*,*,#72,.T.);
#509=ORIENTED_EDGE('',*,*,#510,.T.);
#510=EDGE_CURVE('',#69,#511,#513,.T.);
#511=VERTEX_POINT('',#512);
#512=CARTESIAN_POINT('',(0.86,3.740930461463,0.725));
#513=LINE('',#514,#181);
#514=CARTESIAN_POINT('',(0.86,3.35,0.725));
#515=ORIENTED_EDGE('',*,*,#516,.F.);
#516=EDGE_CURVE('',#504,#511,#517,.T.);
#517=LINE('',#505,#27);
#518=PLANE('',#519);
#519=AXIS2_PLACEMENT_3D('',#507,#13,#182);
#520=ADVANCED_FACE('',(#521),#224,.F.);
#521=FACE_BOUND('',#522,.F.);
#522=EDGE_LOOP('',(#523,#529,#530,#536));
#523=ORIENTED_EDGE('',*,*,#524,.F.);
#524=EDGE_CURVE('',#69,#525,#527,.T.);
#525=VERTEX_POINT('',#526);
#526=CARTESIAN_POINT('',(0.86,3.5,0.875));
#527=LINE('',#528,#220);
#528=CARTESIAN_POINT('',(0.86,3.5,0.662547563604));
#529=ORIENTED_EDGE('',*,*,#68,.T.);
#530=ORIENTED_EDGE('',*,*,#531,.T.);
#531=EDGE_CURVE('',#65,#532,#534,.T.);
#532=VERTEX_POINT('',#533);
#533=CARTESIAN_POINT('',(1.14,3.5,0.875));
#534=LINE('',#535,#220);
#535=CARTESIAN_POINT('',(1.14,3.5,0.662547563604));
#536=ORIENTED_EDGE('',*,*,#537,.F.);
#537=EDGE_CURVE('',#525,#532,#223,.T.);
#538=ADVANCED_FACE('',(#539),#557,.F.);
#539=FACE_BOUND('',#540,.F.);
#540=EDGE_LOOP('',(#541,#547,#548,#554));
#541=ORIENTED_EDGE('',*,*,#542,.F.);
#542=EDGE_CURVE('',#65,#543,#545,.T.);
#543=VERTEX_POINT('',#544);
#544=CARTESIAN_POINT('',(1.14,3.740930461463,0.725));
#545=LINE('',#546,#181);
#546=CARTESIAN_POINT('',(1.14,3.35,0.725));
#547=ORIENTED_EDGE('',*,*,#64,.T.);
#548=ORIENTED_EDGE('',*,*,#549,.T.);
#549=EDGE_CURVE('',#61,#550,#552,.T.);
#550=VERTEX_POINT('',#551);
#551=CARTESIAN_POINT('',(1.36,3.740930461463,0.725));
#552=LINE('',#553,#181);
#553=CARTESIAN_POINT('',(1.36,3.35,0.725));
#554=ORIENTED_EDGE('',*,*,#555,.F.);
#555=EDGE_CURVE('',#543,#550,#556,.T.);
#556=LINE('',#544,#27);
#557=PLANE('',#558);
#558=AXIS2_PLACEMENT_3D('',#546,#13,#182);
#559=ADVANCED_FACE('',(#560),#224,.F.);
#560=FACE_BOUND('',#561,.F.);
#561=EDGE_LOOP('',(#562,#568,#569,#575));
#562=ORIENTED_EDGE('',*,*,#563,.F.);
#563=EDGE_CURVE('',#61,#564,#566,.T.);
#564=VERTEX_POINT('',#565);
#565=CARTESIAN_POINT('',(1.36,3.5,0.875));
#566=LINE('',#567,#220);
#567=CARTESIAN_POINT('',(1.36,3.5,0.662547563604));
#568=ORIENTED_EDGE('',*,*,#60,.T.);
#569=ORIENTED_EDGE('',*,*,#570,.T.);
#570=EDGE_CURVE('',#57,#571,#573,.T.);
#571=VERTEX_POINT('',#572);
#572=CARTESIAN_POINT('',(1.64,3.5,0.875));
#573=LINE('',#574,#220);
#574=CARTESIAN_POINT('',(1.64,3.5,0.662547563604));
#575=ORIENTED_EDGE('',*,*,#576,.F.);
#576=EDGE_CURVE('',#564,#571,#223,.T.);
#577=ADVANCED_FACE('',(#578),#596,.F.);
#578=FACE_BOUND('',#579,.F.);
#579=EDGE_LOOP('',(#580,#586,#587,#593));
#580=ORIENTED_EDGE('',*,*,#581,.F.);
#581=EDGE_CURVE('',#57,#582,#584,.T.);
#582=VERTEX_POINT('',#583);
#583=CARTESIAN_POINT('',(1.64,3.740930461463,0.725));
#584=LINE('',#585,#181);
#585=CARTESIAN_POINT('',(1.64,3.35,0.725));
#586=ORIENTED_EDGE('',*,*,#56,.T.);
#587=ORIENTED_EDGE('',*,*,#588,.T.);
#588=EDGE_CURVE('',#53,#589,#591,.T.);
#589=VERTEX_POINT('',#590);
#590=CARTESIAN_POINT('',(1.86,3.740930461463,0.725));
#591=LINE('',#592,#181);
#592=CARTESIAN_POINT('',(1.86,3.35,0.725));
#593=ORIENTED_EDGE('',*,*,#594,.F.);
#594=EDGE_CURVE('',#582,#589,#595,.T.);
#595=LINE('',#583,#27);
#596=PLANE('',#597);
#597=AXIS2_PLACEMENT_3D('',#585,#13,#182);
#598=ADVANCED_FACE('',(#599),#224,.F.);
#599=FACE_BOUND('',#600,.F.);
#600=EDGE_LOOP('',(#601,#607,#608,#614));
#601=ORIENTED_EDGE('',*,*,#602,.F.);
#602=EDGE_CURVE('',#53,#603,#605,.T.);
#603=VERTEX_POINT('',#604);
#604=CARTESIAN_POINT('',(1.86,3.5,0.875));
#605=LINE('',#606,#220);
#606=CARTESIAN_POINT('',(1.86,3.5,0.662547563604));
#607=ORIENTED_EDGE('',*,*,#52,.T.);
#608=ORIENTED_EDGE('',*,*,#609,.T.);
#609=EDGE_CURVE('',#49,#610,#612,.T.);
#610=VERTEX_POINT('',#611);
#611=CARTESIAN_POINT('',(2.14,3.5,0.875));
#612=LINE('',#613,#220);
#613=CARTESIAN_POINT('',(2.14,3.5,0.662547563604));
#614=ORIENTED_EDGE('',*,*,#615,.F.);
#615=EDGE_CURVE('',#603,#610,#223,.T.);
#616=ADVANCED_FACE('',(#617),#635,.F.);
#617=FACE_BOUND('',#618,.F.);
#618=EDGE_LOOP('',(#619,#625,#626,#632));
#619=ORIENTED_EDGE('',*,*,#620,.F.);
#620=EDGE_CURVE('',#49,#621,#623,.T.);
#621=VERTEX_POINT('',#622);
#622=CARTESIAN_POINT('',(2.14,3.740930461463,0.725));
#623=LINE('',#624,#181);
#624=CARTESIAN_POINT('',(2.14,3.35,0.725));
#625=ORIENTED_EDGE('',*,*,#48,.T.);
#626=ORIENTED_EDGE('',*,*,#627,.T.);
#627=EDGE_CURVE('',#45,#628,#630,.T.);
#628=VERTEX_POINT('',#629);
#629=CARTESIAN_POINT('',(2.36,3.740930461463,0.725));
#630=LINE('',#631,#181);
#631=CARTESIAN_POINT('',(2.36,3.35,0.725));
#632=ORIENTED_EDGE('',*,*,#633,.F.);
#633=EDGE_CURVE('',#621,#628,#634,.T.);
#634=LINE('',#622,#27);
#635=PLANE('',#636);
#636=AXIS2_PLACEMENT_3D('',#624,#13,#182);
#637=ADVANCED_FACE('',(#638),#224,.F.);
#638=FACE_BOUND('',#639,.F.);
#639=EDGE_LOOP('',(#640,#646,#647,#653));
#640=ORIENTED_EDGE('',*,*,#641,.F.);
#641=EDGE_CURVE('',#45,#642,#644,.T.);
#642=VERTEX_POINT('',#643);
#643=CARTESIAN_POINT('',(2.36,3.5,0.875));
#644=LINE('',#645,#220);
#645=CARTESIAN_POINT('',(2.36,3.5,0.662547563604));
#646=ORIENTED_EDGE('',*,*,#44,.T.);
#647=ORIENTED_EDGE('',*,*,#648,.T.);
#648=EDGE_CURVE('',#41,#649,#651,.T.);
#649=VERTEX_POINT('',#650);
#650=CARTESIAN_POINT('',(2.64,3.5,0.875));
#651=LINE('',#652,#220);
#652=CARTESIAN_POINT('',(2.64,3.5,0.662547563604));
#653=ORIENTED_EDGE('',*,*,#654,.F.);
#654=EDGE_CURVE('',#642,#649,#223,.T.);
#655=ADVANCED_FACE('',(#656),#674,.F.);
#656=FACE_BOUND('',#657,.F.);
#657=EDGE_LOOP('',(#658,#664,#665,#671));
#658=ORIENTED_EDGE('',*,*,#659,.F.);
#659=EDGE_CURVE('',#41,#660,#662,.T.);
#660=VERTEX_POINT('',#661);
#661=CARTESIAN_POINT('',(2.64,3.740930461463,0.725));
#662=LINE('',#663,#181);
#663=CARTESIAN_POINT('',(2.64,3.35,0.725));
#664=ORIENTED_EDGE('',*,*,#40,.T.);
#665=ORIENTED_EDGE('',*,*,#666,.T.);
#666=EDGE_CURVE('',#35,#667,#669,.T.);
#667=VERTEX_POINT('',#668);
#668=CARTESIAN_POINT('',(2.86,3.740930461463,0.725));
#669=LINE('',#670,#181);
#670=CARTESIAN_POINT('',(2.86,3.35,0.725));
#671=ORIENTED_EDGE('',*,*,#672,.F.);
#672=EDGE_CURVE('',#660,#667,#673,.T.);
#673=LINE('',#661,#27);
#674=PLANE('',#675);
#675=AXIS2_PLACEMENT_3D('',#663,#13,#182);
#676=ADVANCED_FACE('',(#677),#224,.F.);
#677=FACE_BOUND('',#678,.F.);
#678=EDGE_LOOP('',(#679,#685,#686,#691));
#679=ORIENTED_EDGE('',*,*,#680,.F.);
#680=EDGE_CURVE('',#35,#681,#683,.T.);
#681=VERTEX_POINT('',#682);
#682=CARTESIAN_POINT('',(2.86,3.5,0.875));
#683=LINE('',#684,#220);
#684=CARTESIAN_POINT('',(2.86,3.5,0.662547563604));
#685=ORIENTED_EDGE('',*,*,#34,.T.);
#686=ORIENTED_EDGE('',*,*,#687,.T.);
#687=EDGE_CURVE('',#30,#688,#690,.T.);
#688=VERTEX_POINT('',#689);
#689=CARTESIAN_POINT('',(3.325,3.5,0.875));
#690=B_SPLINE_CURVE_WITH_KNOTS('',1,(#31,#689),.UNSPECIFIED.,.F.,.F.,(2,2),(0.,1.),.PIECEWISE_BEZIER_KNOTS.);
#691=ORIENTED_EDGE('',*,*,#692,.F.);
#692=EDGE_CURVE('',#681,#688,#223,.T.);
#693=ADVANCED_FACE('',(#694),#705,.F.);
#694=FACE_BOUND('',#695,.F.);
#695=EDGE_LOOP('',(#183,#696,#697,#702));
#696=ORIENTED_EDGE('',*,*,#135,.T.);
#697=ORIENTED_EDGE('',*,*,#698,.F.);
#698=EDGE_CURVE('',#699,#133,#701,.T.);
#699=VERTEX_POINT('',#700);
#700=CARTESIAN_POINT('',(-3.5,3.325,0.725));
#701=LINE('',#700,#186);
#702=ORIENTED_EDGE('',*,*,#703,.F.);
#703=EDGE_CURVE('',#178,#699,#704,.T.);
#704=B_SPLINE_CURVE_WITH_KNOTS('',1,(#179,#700),.UNSPECIFIED.,.F.,.F.,(2,2),(0.,1.),.PIECEWISE_BEZIER_KNOTS.);
#705=B_SPLINE_SURFACE_WITH_KNOTS('',1,1,((#179,#700),(#23,#38)),.UNSPECIFIED.,.F.,.F.,.F.,(2,2),(2,2),(0.,0.247487373415),(0.,1.),.PIECEWISE_BEZIER_KNOTS.);
#706=ADVANCED_FACE('',(#707),#814,.F.);
#707=FACE_BOUND('',#708,.F.);
#708=EDGE_LOOP('',(#176,#709,#710,#716,#720,#724,#728,#732,#736,#740,#744,#748,#752,#756,#760,#764,#768,#772,#776,#780,#784,#788,#792,#796,#800,#804,#808,#811));
#709=ORIENTED_EDGE('',*,*,#703,.T.);
#710=ORIENTED_EDGE('',*,*,#711,.F.);
#711=EDGE_CURVE('',#712,#699,#714,.T.);
#712=VERTEX_POINT('',#713);
#713=CARTESIAN_POINT('',(-3.5,2.86,0.725));
#714=LINE('',#715,#181);
#715=CARTESIAN_POINT('',(-3.5,-3.325,0.725));
#716=ORIENTED_EDGE('',*,*,#717,.F.);
#717=EDGE_CURVE('',#718,#712,#714,.T.);
#718=VERTEX_POINT('',#719);
#719=CARTESIAN_POINT('',(-3.5,2.64,0.725));
#720=ORIENTED_EDGE('',*,*,#721,.F.);
#721=EDGE_CURVE('',#722,#718,#714,.T.);
#722=VERTEX_POINT('',#723);
#723=CARTESIAN_POINT('',(-3.5,2.36,0.725));
#724=ORIENTED_EDGE('',*,*,#725,.F.);
#725=EDGE_CURVE('',#726,#722,#714,.T.);
#726=VERTEX_POINT('',#727);
#727=CARTESIAN_POINT('',(-3.5,2.14,0.725));
#728=ORIENTED_EDGE('',*,*,#729,.F.);
#729=EDGE_CURVE('',#730,#726,#714,.T.);
#730=VERTEX_POINT('',#731);
#731=CARTESIAN_POINT('',(-3.5,1.86,0.725));
#732=ORIENTED_EDGE('',*,*,#733,.F.);
#733=EDGE_CURVE('',#734,#730,#714,.T.);
#734=VERTEX_POINT('',#735);
#735=CARTESIAN_POINT('',(-3.5,1.64,0.725));
#736=ORIENTED_EDGE('',*,*,#737,.F.);
#737=EDGE_CURVE('',#738,#734,#714,.T.);
#738=VERTEX_POINT('',#739);
#739=CARTESIAN_POINT('',(-3.5,1.36,0.725));
#740=ORIENTED_EDGE('',*,*,#741,.F.);
#741=EDGE_CURVE('',#742,#738,#714,.T.);
#742=VERTEX_POINT('',#743);
#743=CARTESIAN_POINT('',(-3.5,1.14,0.725));
#744=ORIENTED_EDGE('',*,*,#745,.F.);
#745=EDGE_CURVE('',#746,#742,#714,.T.);
#746=VERTEX_POINT('',#747);
#747=CARTESIAN_POINT('',(-3.5,0.86,0.725));
#748=ORIENTED_EDGE('',*,*,#749,.F.);
#749=EDGE_CURVE('',#750,#746,#714,.T.);
#750=VERTEX_POINT('',#751);
#751=CARTESIAN_POINT('',(-3.5,0.64,0.725));
#752=ORIENTED_EDGE('',*,*,#753,.F.);
#753=EDGE_CURVE('',#754,#750,#714,.T.);
#754=VERTEX_POINT('',#755);
#755=CARTESIAN_POINT('',(-3.5,0.36,0.725));
#756=ORIENTED_EDGE('',*,*,#757,.F.);
#757=EDGE_CURVE('',#758,#754,#714,.T.);
#758=VERTEX_POINT('',#759);
#759=CARTESIAN_POINT('',(-3.5,0.14,0.725));
#760=ORIENTED_EDGE('',*,*,#761,.F.);
#761=EDGE_CURVE('',#762,#758,#714,.T.);
#762=VERTEX_POINT('',#763);
#763=CARTESIAN_POINT('',(-3.5,-0.14,0.725));
#764=ORIENTED_EDGE('',*,*,#765,.F.);
#765=EDGE_CURVE('',#766,#762,#714,.T.);
#766=VERTEX_POINT('',#767);
#767=CARTESIAN_POINT('',(-3.5,-0.36,0.725));
#768=ORIENTED_EDGE('',*,*,#769,.F.);
#769=EDGE_CURVE('',#770,#766,#714,.T.);
#770=VERTEX_POINT('',#771);
#771=CARTESIAN_POINT('',(-3.5,-0.64,0.725));
#772=ORIENTED_EDGE('',*,*,#773,.F.);
#773=EDGE_CURVE('',#774,#770,#714,.T.);
#774=VERTEX_POINT('',#775);
#775=CARTESIAN_POINT('',(-3.5,-0.86,0.725));
#776=ORIENTED_EDGE('',*,*,#777,.F.);
#777=EDGE_CURVE('',#778,#774,#714,.T.);
#778=VERTEX_POINT('',#779);
#779=CARTESIAN_POINT('',(-3.5,-1.14,0.725));
#780=ORIENTED_EDGE('',*,*,#781,.F.);
#781=EDGE_CURVE('',#782,#778,#714,.T.);
#782=VERTEX_POINT('',#783);
#783=CARTESIAN_POINT('',(-3.5,-1.36,0.725));
#784=ORIENTED_EDGE('',*,*,#785,.F.);
#785=EDGE_CURVE('',#786,#782,#714,.T.);
#786=VERTEX_POINT('',#787);
#787=CARTESIAN_POINT('',(-3.5,-1.64,0.725));
#788=ORIENTED_EDGE('',*,*,#789,.F.);
#789=EDGE_CURVE('',#790,#786,#714,.T.);
#790=VERTEX_POINT('',#791);
#791=CARTESIAN_POINT('',(-3.5,-1.86,0.725));
#792=ORIENTED_EDGE('',*,*,#793,.F.);
#793=EDGE_CURVE('',#794,#790,#714,.T.);
#794=VERTEX_POINT('',#795);
#795=CARTESIAN_POINT('',(-3.5,-2.14,0.725));
#796=ORIENTED_EDGE('',*,*,#797,.F.);
#797=EDGE_CURVE('',#798,#794,#714,.T.);
#798=VERTEX_POINT('',#799);
#799=CARTESIAN_POINT('',(-3.5,-2.36,0.725));
#800=ORIENTED_EDGE('',*,*,#801,.F.);
#801=EDGE_CURVE('',#802,#798,#714,.T.);
#802=VERTEX_POINT('',#803);
#803=CARTESIAN_POINT('',(-3.5,-2.64,0.725));
#804=ORIENTED_EDGE('',*,*,#805,.F.);
#805=EDGE_CURVE('',#806,#802,#714,.T.);
#806=VERTEX_POINT('',#807);
#807=CARTESIAN_POINT('',(-3.5,-2.86,0.725));
#808=ORIENTED_EDGE('',*,*,#809,.F.);
#809=EDGE_CURVE('',#810,#806,#714,.T.);
#810=VERTEX_POINT('',#715);
#811=ORIENTED_EDGE('',*,*,#812,.F.);
#812=EDGE_CURVE('',#171,#810,#813,.T.);
#813=B_SPLINE_CURVE_WITH_KNOTS('',1,(#172,#715),.UNSPECIFIED.,.F.,.F.,(2,2),(0.,1.),.PIECEWISE_BEZIER_KNOTS.);
#814=B_SPLINE_SURFACE_WITH_KNOTS('',1,1,((#172,#715),(#179,#700)),.UNSPECIFIED.,.F.,.F.,.F.,(2,2),(2,2),(0.,6.65),(0.,1.),.PIECEWISE_BEZIER_KNOTS.);
#815=ADVANCED_FACE('',(#816),#923,.F.);
#816=FACE_BOUND('',#817,.F.);
#817=EDGE_LOOP('',(#148,#818,#823,#828,#832,#836,#840,#844,#848,#852,#856,#860,#864,#868,#872,#876,#880,#884,#888,#892,#896,#900,#904,#908,#912,#916,#920,#922));
#818=ORIENTED_EDGE('',*,*,#819,.T.);
#819=EDGE_CURVE('',#150,#820,#822,.T.);
#820=VERTEX_POINT('',#821);
#821=CARTESIAN_POINT('',(3.5,-3.325,0.725));
#822=B_SPLINE_CURVE_WITH_KNOTS('',1,(#151,#821),.UNSPECIFIED.,.F.,.F.,(2,2),(0.,1.),.PIECEWISE_BEZIER_KNOTS.);
#823=ORIENTED_EDGE('',*,*,#824,.F.);
#824=EDGE_CURVE('',#825,#820,#827,.T.);
#825=VERTEX_POINT('',#826);
#826=CARTESIAN_POINT('',(3.5,-2.86,0.725));
#827=LINE('',#198,#153);
#828=ORIENTED_EDGE('',*,*,#829,.F.);
#829=EDGE_CURVE('',#830,#825,#827,.T.);
#830=VERTEX_POINT('',#831);
#831=CARTESIAN_POINT('',(3.5,-2.64,0.725));
#832=ORIENTED_EDGE('',*,*,#833,.F.);
#833=EDGE_CURVE('',#834,#830,#827,.T.);
#834=VERTEX_POINT('',#835);
#835=CARTESIAN_POINT('',(3.5,-2.36,0.725));
#836=ORIENTED_EDGE('',*,*,#837,.F.);
#837=EDGE_CURVE('',#838,#834,#827,.T.);
#838=VERTEX_POINT('',#839);
#839=CARTESIAN_POINT('',(3.5,-2.14,0.725));
#840=ORIENTED_EDGE('',*,*,#841,.F.);
#841=EDGE_CURVE('',#842,#838,#827,.T.);
#842=VERTEX_POINT('',#843);
#843=CARTESIAN_POINT('',(3.5,-1.86,0.725));
#844=ORIENTED_EDGE('',*,*,#845,.F.);
#845=EDGE_CURVE('',#846,#842,#827,.T.);
#846=VERTEX_POINT('',#847);
#847=CARTESIAN_POINT('',(3.5,-1.64,0.725));
#848=ORIENTED_EDGE('',*,*,#849,.F.);
#849=EDGE_CURVE('',#850,#846,#827,.T.);
#850=VERTEX_POINT('',#851);
#851=CARTESIAN_POINT('',(3.5,-1.36,0.725));
#852=ORIENTED_EDGE('',*,*,#853,.F.);
#853=EDGE_CURVE('',#854,#850,#827,.T.);
#854=VERTEX_POINT('',#855);
#855=CARTESIAN_POINT('',(3.5,-1.14,0.725));
#856=ORIENTED_EDGE('',*,*,#857,.F.);
#857=EDGE_CURVE('',#858,#854,#827,.T.);
#858=VERTEX_POINT('',#859);
#859=CARTESIAN_POINT('',(3.5,-0.86,0.725));
#860=ORIENTED_EDGE('',*,*,#861,.F.);
#861=EDGE_CURVE('',#862,#858,#827,.T.);
#862=VERTEX_POINT('',#863);
#863=CARTESIAN_POINT('',(3.5,-0.64,0.725));
#864=ORIENTED_EDGE('',*,*,#865,.F.);
#865=EDGE_CURVE('',#866,#862,#827,.T.);
#866=VERTEX_POINT('',#867);
#867=CARTESIAN_POINT('',(3.5,-0.36,0.725));
#868=ORIENTED_EDGE('',*,*,#869,.F.);
#869=EDGE_CURVE('',#870,#866,#827,.T.);
#870=VERTEX_POINT('',#871);
#871=CARTESIAN_POINT('',(3.5,-0.14,0.725));
#872=ORIENTED_EDGE('',*,*,#873,.F.);
#873=EDGE_CURVE('',#874,#870,#827,.T.);
#874=VERTEX_POINT('',#875);
#875=CARTESIAN_POINT('',(3.5,0.14,0.725));
#876=ORIENTED_EDGE('',*,*,#877,.F.);
#877=EDGE_CURVE('',#878,#874,#827,.T.);
#878=VERTEX_POINT('',#879);
#879=CARTESIAN_POINT('',(3.5,0.36,0.725));
#880=ORIENTED_EDGE('',*,*,#881,.F.);
#881=EDGE_CURVE('',#882,#878,#827,.T.);
#882=VERTEX_POINT('',#883);
#883=CARTESIAN_POINT('',(3.5,0.64,0.725));
#884=ORIENTED_EDGE('',*,*,#885,.F.);
#885=EDGE_CURVE('',#886,#882,#827,.T.);
#886=VERTEX_POINT('',#887);
#887=CARTESIAN_POINT('',(3.5,0.86,0.725));
#888=ORIENTED_EDGE('',*,*,#889,.F.);
#889=EDGE_CURVE('',#890,#886,#827,.T.);
#890=VERTEX_POINT('',#891);
#891=CARTESIAN_POINT('',(3.5,1.14,0.725));
#892=ORIENTED_EDGE('',*,*,#893,.F.);
#893=EDGE_CURVE('',#894,#890,#827,.T.);
#894=VERTEX_POINT('',#895);
#895=CARTESIAN_POINT('',(3.5,1.36,0.725));
#896=ORIENTED_EDGE('',*,*,#897,.F.);
#897=EDGE_CURVE('',#898,#894,#827,.T.);
#898=VERTEX_POINT('',#899);
#899=CARTESIAN_POINT('',(3.5,1.64,0.725));
#900=ORIENTED_EDGE('',*,*,#901,.F.);
#901=EDGE_CURVE('',#902,#898,#827,.T.);
#902=VERTEX_POINT('',#903);
#903=CARTESIAN_POINT('',(3.5,1.86,0.725));
#904=ORIENTED_EDGE('',*,*,#905,.F.);
#905=EDGE_CURVE('',#906,#902,#827,.T.);
#906=VERTEX_POINT('',#907);
#907=CARTESIAN_POINT('',(3.5,2.14,0.725));
#908=ORIENTED_EDGE('',*,*,#909,.F.);
#909=EDGE_CURVE('',#910,#906,#827,.T.);
#910=VERTEX_POINT('',#911);
#911=CARTESIAN_POINT('',(3.5,2.36,0.725));
#912=ORIENTED_EDGE('',*,*,#913,.F.);
#913=EDGE_CURVE('',#914,#910,#827,.T.);
#914=VERTEX_POINT('',#915);
#915=CARTESIAN_POINT('',(3.5,2.64,0.725));
#916=ORIENTED_EDGE('',*,*,#917,.F.);
#917=EDGE_CURVE('',#918,#914,#827,.T.);
#918=VERTEX_POINT('',#919);
#919=CARTESIAN_POINT('',(3.5,2.86,0.725));
#920=ORIENTED_EDGE('',*,*,#921,.F.);
#921=EDGE_CURVE('',#197,#918,#827,.T.);
#922=ORIENTED_EDGE('',*,*,#196,.F.);
#923=B_SPLINE_SURFACE_WITH_KNOTS('',1,1,((#144,#198),(#151,#821)),.UNSPECIFIED.,.F.,.F.,.F.,(2,2),(2,2),(0.,6.65),(0.,1.),.PIECEWISE_BEZIER_KNOTS.);
#924=ADVANCED_FACE('',(#925),#936,.F.);
#925=FACE_BOUND('',#926,.F.);
#926=EDGE_LOOP('',(#169,#927,#928,#933));
#927=ORIENTED_EDGE('',*,*,#812,.T.);
#928=ORIENTED_EDGE('',*,*,#929,.F.);
#929=EDGE_CURVE('',#930,#810,#932,.T.);
#930=VERTEX_POINT('',#931);
#931=CARTESIAN_POINT('',(-3.325,-3.5,0.725));
#932=LINE('',#931,#174);
#933=ORIENTED_EDGE('',*,*,#934,.F.);
#934=EDGE_CURVE('',#164,#930,#935,.T.);
#935=B_SPLINE_CURVE_WITH_KNOTS('',1,(#165,#931),.UNSPECIFIED.,.F.,.F.,(2,2),(0.,1.),.PIECEWISE_BEZIER_KNOTS.);
#936=B_SPLINE_SURFACE_WITH_KNOTS('',1,1,((#165,#931),(#172,#715)),.UNSPECIFIED.,.F.,.F.,.F.,(2,2),(2,2),(0.,0.247487373415),(0.,1.),.PIECEWISE_BEZIER_KNOTS.);
#937=ADVANCED_FACE('',(#938),#949,.F.);
#938=FACE_BOUND('',#939,.F.);
#939=EDGE_LOOP('',(#155,#940,#945,#948));
#940=ORIENTED_EDGE('',*,*,#941,.T.);
#941=EDGE_CURVE('',#157,#942,#944,.T.);
#942=VERTEX_POINT('',#943);
#943=CARTESIAN_POINT('',(3.325,-3.5,0.725));
#944=B_SPLINE_CURVE_WITH_KNOTS('',1,(#158,#943),.UNSPECIFIED.,.F.,.F.,(2,2),(0.,1.),.PIECEWISE_BEZIER_KNOTS.);
#945=ORIENTED_EDGE('',*,*,#946,.F.);
#946=EDGE_CURVE('',#820,#942,#947,.T.);
#947=LINE('',#821,#160);
#948=ORIENTED_EDGE('',*,*,#819,.F.);
#949=B_SPLINE_SURFACE_WITH_KNOTS('',1,1,((#151,#821),(#158,#943)),.UNSPECIFIED.,.F.,.F.,.F.,(2,2),(2,2),(0.,0.247487373415),(0.,1.),.PIECEWISE_BEZIER_KNOTS.);
#950=ADVANCED_FACE('',(#951),#1054,.F.);
#951=FACE_BOUND('',#952,.F.);
#952=EDGE_LOOP('',(#162,#953,#954,#959,#963,#967,#971,#975,#979,#983,#987,#991,#995,#999,#1003,#1007,#1011,#1015,#1019,#1023,#1027,#1031,#1035,#1039,#1043,#1047,#1051,#1053));
#953=ORIENTED_EDGE('',*,*,#934,.T.);
#954=ORIENTED_EDGE('',*,*,#955,.F.);
#955=EDGE_CURVE('',#956,#930,#958,.T.);
#956=VERTEX_POINT('',#957);
#957=CARTESIAN_POINT('',(-2.86,-3.5,0.725));
#958=LINE('',#943,#167);
#959=ORIENTED_EDGE('',*,*,#960,.F.);
#960=EDGE_CURVE('',#961,#956,#958,.T.);
#961=VERTEX_POINT('',#962);
#962=CARTESIAN_POINT('',(-2.64,-3.5,0.725));
#963=ORIENTED_EDGE('',*,*,#964,.F.);
#964=EDGE_CURVE('',#965,#961,#958,.T.);
#965=VERTEX_POINT('',#966);
#966=CARTESIAN_POINT('',(-2.36,-3.5,0.725));
#967=ORIENTED_EDGE('',*,*,#968,.F.);
#968=EDGE_CURVE('',#969,#965,#958,.T.);
#969=VERTEX_POINT('',#970);
#970=CARTESIAN_POINT('',(-2.14,-3.5,0.725));
#971=ORIENTED_EDGE('',*,*,#972,.F.);
#972=EDGE_CURVE('',#973,#969,#958,.T.);
#973=VERTEX_POINT('',#974);
#974=CARTESIAN_POINT('',(-1.86,-3.5,0.725));
#975=ORIENTED_EDGE('',*,*,#976,.F.);
#976=EDGE_CURVE('',#977,#973,#958,.T.);
#977=VERTEX_POINT('',#978);
#978=CARTESIAN_POINT('',(-1.64,-3.5,0.725));
#979=ORIENTED_EDGE('',*,*,#980,.F.);
#980=EDGE_CURVE('',#981,#977,#958,.T.);
#981=VERTEX_POINT('',#982);
#982=CARTESIAN_POINT('',(-1.36,-3.5,0.725));
#983=ORIENTED_EDGE('',*,*,#984,.F.);
#984=EDGE_CURVE('',#985,#981,#958,.T.);
#985=VERTEX_POINT('',#986);
#986=CARTESIAN_POINT('',(-1.14,-3.5,0.725));
#987=ORIENTED_EDGE('',*,*,#988,.F.);
#988=EDGE_CURVE('',#989,#985,#958,.T.);
#989=VERTEX_POINT('',#990);
#990=CARTESIAN_POINT('',(-0.86,-3.5,0.725));
#991=ORIENTED_EDGE('',*,*,#992,.F.);
#992=EDGE_CURVE('',#993,#989,#958,.T.);
#993=VERTEX_POINT('',#994);
#994=CARTESIAN_POINT('',(-0.64,-3.5,0.725));
#995=ORIENTED_EDGE('',*,*,#996,.F.);
#996=EDGE_CURVE('',#997,#993,#958,.T.);
#997=VERTEX_POINT('',#998);
#998=CARTESIAN_POINT('',(-0.36,-3.5,0.725));
#999=ORIENTED_EDGE('',*,*,#1000,.F.);
#1000=EDGE_CURVE('',#1001,#997,#958,.T.);
#1001=VERTEX_POINT('',#1002);
#1002=CARTESIAN_POINT('',(-0.14,-3.5,0.725));
#1003=ORIENTED_EDGE('',*,*,#1004,.F.);
#1004=EDGE_CURVE('',#1005,#1001,#958,.T.);
#1005=VERTEX_POINT('',#1006);
#1006=CARTESIAN_POINT('',(0.14,-3.5,0.725));
#1007=ORIENTED_EDGE('',*,*,#1008,.F.);
#1008=EDGE_CURVE('',#1009,#1005,#958,.T.);
#1009=VERTEX_POINT('',#1010);
#1010=CARTESIAN_POINT('',(0.36,-3.5,0.725));
#1011=ORIENTED_EDGE('',*,*,#1012,.F.);
#1012=EDGE_CURVE('',#1013,#1009,#958,.T.);
#1013=VERTEX_POINT('',#1014);
#1014=CARTESIAN_POINT('',(0.64,-3.5,0.725));
#1015=ORIENTED_EDGE('',*,*,#1016,.F.);
#1016=EDGE_CURVE('',#1017,#1013,#958,.T.);
#1017=VERTEX_POINT('',#1018);
#1018=CARTESIAN_POINT('',(0.86,-3.5,0.725));
#1019=ORIENTED_EDGE('',*,*,#1020,.F.);
#1020=EDGE_CURVE('',#1021,#1017,#958,.T.);
#1021=VERTEX_POINT('',#1022);
#1022=CARTESIAN_POINT('',(1.14,-3.5,0.725));
#1023=ORIENTED_EDGE('',*,*,#1024,.F.);
#1024=EDGE_CURVE('',#1025,#1021,#958,.T.);
#1025=VERTEX_POINT('',#1026);
#1026=CARTESIAN_POINT('',(1.36,-3.5,0.725));
#1027=ORIENTED_EDGE('',*,*,#1028,.F.);
#1028=EDGE_CURVE('',#1029,#1025,#958,.T.);
#1029=VERTEX_POINT('',#1030);
#1030=CARTESIAN_POINT('',(1.64,-3.5,0.725));
#1031=ORIENTED_EDGE('',*,*,#1032,.F.);
#1032=EDGE_CURVE('',#1033,#1029,#958,.T.);
#1033=VERTEX_POINT('',#1034);
#1034=CARTESIAN_POINT('',(1.86,-3.5,0.725));
#1035=ORIENTED_EDGE('',*,*,#1036,.F.);
#1036=EDGE_CURVE('',#1037,#1033,#958,.T.);
#1037=VERTEX_POINT('',#1038);
#1038=CARTESIAN_POINT('',(2.14,-3.5,0.725));
#1039=ORIENTED_EDGE('',*,*,#1040,.F.);
#1040=EDGE_CURVE('',#1041,#1037,#958,.T.);
#1041=VERTEX_POINT('',#1042);
#1042=CARTESIAN_POINT('',(2.36,-3.5,0.725));
#1043=ORIENTED_EDGE('',*,*,#1044,.F.);
#1044=EDGE_CURVE('',#1045,#1041,#958,.T.);
#1045=VERTEX_POINT('',#1046);
#1046=CARTESIAN_POINT('',(2.64,-3.5,0.725));
#1047=ORIENTED_EDGE('',*,*,#1048,.F.);
#1048=EDGE_CURVE('',#1049,#1045,#958,.T.);
#1049=VERTEX_POINT('',#1050);
#1050=CARTESIAN_POINT('',(2.86,-3.5,0.725));
#1051=ORIENTED_EDGE('',*,*,#1052,.F.);
#1052=EDGE_CURVE('',#942,#1049,#958,.T.);
#1053=ORIENTED_EDGE('',*,*,#941,.F.);
#1054=B_SPLINE_SURFACE_WITH_KNOTS('',1,1,((#158,#943),(#165,#931)),.UNSPECIFIED.,.F.,.F.,.F.,(2,2),(2,2),(0.,6.65),(0.,1.),.PIECEWISE_BEZIER_KNOTS.);
#1055=ADVANCED_FACE('',(#1056),#1068,.F.);
#1056=FACE_BOUND('',#1057,.F.);
#1057=EDGE_LOOP('',(#1058,#1059,#1064,#1067));
#1058=ORIENTED_EDGE('',*,*,#201,.T.);
#1059=ORIENTED_EDGE('',*,*,#1060,.T.);
#1060=EDGE_CURVE('',#197,#1061,#1063,.T.);
#1061=VERTEX_POINT('',#1062);
#1062=CARTESIAN_POINT('',(3.5,3.325,0.875));
#1063=B_SPLINE_CURVE_WITH_KNOTS('',1,(#198,#1062),.UNSPECIFIED.,.F.,.F.,(2,2),(0.,1.),.PIECEWISE_BEZIER_KNOTS.);
#1064=ORIENTED_EDGE('',*,*,#1065,.F.);
#1065=EDGE_CURVE('',#688,#1061,#1066,.T.);
#1066=LINE('',#689,#146);
#1067=ORIENTED_EDGE('',*,*,#687,.F.);
#1068=PLANE('',#1069);
#1069=AXIS2_PLACEMENT_3D('',#689,#161,#147);
#1070=ADVANCED_FACE('',(#1071),#1083,.F.);
#1071=FACE_BOUND('',#1072,.F.);
#1072=EDGE_LOOP('',(#1073,#1074,#1075,#1080));
#1073=ORIENTED_EDGE('',*,*,#698,.T.);
#1074=ORIENTED_EDGE('',*,*,#209,.T.);
#1075=ORIENTED_EDGE('',*,*,#1076,.F.);
#1076=EDGE_CURVE('',#1077,#210,#1079,.T.);
#1077=VERTEX_POINT('',#1078);
#1078=CARTESIAN_POINT('',(-3.5,3.325,0.875));
#1079=LINE('',#1078,#186);
#1080=ORIENTED_EDGE('',*,*,#1081,.F.);
#1081=EDGE_CURVE('',#699,#1077,#1082,.T.);
#1082=B_SPLINE_CURVE_WITH_KNOTS('',1,(#700,#1078),.UNSPECIFIED.,.F.,.F.,(2,2),(0.,1.),.PIECEWISE_BEZIER_KNOTS.);
#1083=PLANE('',#1084);
#1084=AXIS2_PLACEMENT_3D('',#1078,#147,#187);
#1085=ADVANCED_FACE('',(#1086),#1122,.F.);
#1086=FACE_BOUND('',#1087,.F.);
#1087=EDGE_LOOP('',(#1088,#1089,#1090,#1096,#1101,#1106,#1112,#1118));
#1088=ORIENTED_EDGE('',*,*,#1076,.T.);
#1089=ORIENTED_EDGE('',*,*,#222,.T.);
#1090=ORIENTED_EDGE('',*,*,#1091,.T.);
#1091=EDGE_CURVE('',#216,#1092,#1094,.T.);
#1092=VERTEX_POINT('',#1093);
#1093=CARTESIAN_POINT('',(-2.86,3.425,0.875));
#1094=LINE('',#1095,#153);
#1095=CARTESIAN_POINT('',(-2.86,3.740930461463,0.875));
#1096=ORIENTED_EDGE('',*,*,#1097,.F.);
#1097=EDGE_CURVE('',#1098,#1092,#1100,.T.);
#1098=VERTEX_POINT('',#1099);
#1099=CARTESIAN_POINT('',(-3.2875,3.425,0.875));
#1100=LINE('',#1099,#27);
#1101=ORIENTED_EDGE('',*,*,#1102,.F.);
#1102=EDGE_CURVE('',#1103,#1098,#1105,.T.);
#1103=VERTEX_POINT('',#1104);
#1104=CARTESIAN_POINT('',(-3.425,3.2875,0.875));
#1105=LINE('',#1104,#186);
#1106=ORIENTED_EDGE('',*,*,#1107,.F.);
#1107=EDGE_CURVE('',#1108,#1103,#1110,.T.);
#1108=VERTEX_POINT('',#1109);
#1109=CARTESIAN_POINT('',(-3.425,2.86,0.875));
#1110=LINE('',#1111,#181);
#1111=CARTESIAN_POINT('',(-3.425,-3.2875,0.875));
#1112=ORIENTED_EDGE('',*,*,#1113,.F.);
#1113=EDGE_CURVE('',#1114,#1108,#1116,.T.);
#1114=VERTEX_POINT('',#1115);
#1115=CARTESIAN_POINT('',(-3.5,2.86,0.875));
#1116=LINE('',#1117,#27);
#1117=CARTESIAN_POINT('',(-3.740930461463,2.86,0.875));
#1118=ORIENTED_EDGE('',*,*,#1119,.T.);
#1119=EDGE_CURVE('',#1114,#1077,#1120,.T.);
#1120=LINE('',#1121,#181);
#1121=CARTESIAN_POINT('',(-3.5,-3.325,0.875));
#1122=PLANE('',#1123);
#1123=AXIS2_PLACEMENT_3D('',#1124,#190,#14);
#1124=CARTESIAN_POINT('',(-5.67922660231E-16,3.4625,0.875));
#1125=ADVANCED_FACE('',(#1126),#1188,.F.);
#1126=FACE_BOUND('',#1127,.F.);
#1127=EDGE_LOOP('',(#1128,#1129,#1130,#1137,#1144,#1152,#1157,#1162,#1167,#1173,#1180,#1186));
#1128=ORIENTED_EDGE('',*,*,#215,.F.);
#1129=ORIENTED_EDGE('',*,*,#230,.T.);
#1130=ORIENTED_EDGE('',*,*,#1131,.T.);
#1131=EDGE_CURVE('',#231,#1132,#1134,.T.);
#1132=VERTEX_POINT('',#1133);
#1133=CARTESIAN_POINT('',(-2.86,3.839411236764,0.642364817767));
#1134=CIRCLE('',#1135,1.E-01);
#1135=AXIS2_PLACEMENT_3D('',#1136,#168,#13);
#1136=CARTESIAN_POINT('',(-2.86,3.740930461463,0.625));
#1137=ORIENTED_EDGE('',*,*,#1138,.T.);
#1138=EDGE_CURVE('',#1132,#1139,#1141,.T.);
#1139=VERTEX_POINT('',#1140);
#1140=CARTESIAN_POINT('',(-2.86,3.904405751626,0.239642028477));
#1141=LINE('',#1133,#1142);
#1142=VECTOR('',#1143,1.);
#1143=DIRECTION('',(0.,0.159326158443,-0.987226000081));
#1144=ORIENTED_EDGE('',*,*,#1145,.T.);
#1145=EDGE_CURVE('',#1139,#1146,#1148,.T.);
#1146=VERTEX_POINT('',#1147);
#1147=CARTESIAN_POINT('',(-2.86,4.19,-2.22044604925E-16));
#1148=CIRCLE('',#1149,0.29);
#1149=AXIS2_PLACEMENT_3D('',#1150,#14,#1151);
#1150=CARTESIAN_POINT('',(-2.86,4.19,0.29));
#1151=DIRECTION('',(0.,-0.984807753012,-0.173648177667));
#1152=ORIENTED_EDGE('',*,*,#1153,.T.);
#1153=EDGE_CURVE('',#1146,#1154,#1156,.T.);
#1154=VERTEX_POINT('',#1155);
#1155=CARTESIAN_POINT('',(-2.86,4.5,-2.22044604925E-16));
#1156=LINE('',#1147,#181);
#1157=ORIENTED_EDGE('',*,*,#1158,.T.);
#1158=EDGE_CURVE('',#1154,#1159,#1161,.T.);
#1159=VERTEX_POINT('',#1160);
#1160=CARTESIAN_POINT('',(-2.86,4.5,0.15));
#1161=LINE('',#1155,#220);
#1162=ORIENTED_EDGE('',*,*,#1163,.T.);
#1163=EDGE_CURVE('',#1159,#1164,#1166,.T.);
#1164=VERTEX_POINT('',#1165);
#1165=CARTESIAN_POINT('',(-2.86,4.19,0.15));
#1166=LINE('',#1160,#153);
#1167=ORIENTED_EDGE('',*,*,#1168,.T.);
#1168=EDGE_CURVE('',#1164,#1169,#1171,.T.);
#1169=VERTEX_POINT('',#1170);
#1170=CARTESIAN_POINT('',(-2.86,4.052126914578,0.265689255127));
#1171=CIRCLE('',#1172,0.14);
#1172=AXIS2_PLACEMENT_3D('',#1150,#168,#190);
#1173=ORIENTED_EDGE('',*,*,#1174,.T.);
#1174=EDGE_CURVE('',#1169,#1175,#1177,.T.);
#1175=VERTEX_POINT('',#1176);
#1176=CARTESIAN_POINT('',(-2.86,3.987132399716,0.668412044417));
#1177=LINE('',#1170,#1178);
#1178=VECTOR('',#1179,1.);
#1179=DIRECTION('',(0.,-0.159326158443,0.987226000081));
#1180=ORIENTED_EDGE('',*,*,#1181,.T.);
#1181=EDGE_CURVE('',#1175,#1182,#1183,.T.);
#1182=VERTEX_POINT('',#1095);
#1183=CIRCLE('',#1184,0.25);
#1184=AXIS2_PLACEMENT_3D('',#1136,#14,#1185);
#1185=DIRECTION('',(0.,0.984807753012,0.173648177667));
#1186=ORIENTED_EDGE('',*,*,#1187,.T.);
#1187=EDGE_CURVE('',#1182,#216,#1094,.T.);
#1188=PLANE('',#1189);
#1189=AXIS2_PLACEMENT_3D('',#1190,#14,#13);
#1190=CARTESIAN_POINT('',(-2.86,3.931684054297,0.450095127207));
#1191=ADVANCED_FACE('',(#1192),#1206,.F.);
#1192=FACE_BOUND('',#1193,.F.);
#1193=EDGE_LOOP('',(#1194,#1195,#1202,#1205));
#1194=ORIENTED_EDGE('',*,*,#243,.T.);
#1195=ORIENTED_EDGE('',*,*,#1196,.T.);
#1196=EDGE_CURVE('',#238,#1197,#1199,.T.);
#1197=VERTEX_POINT('',#1198);
#1198=CARTESIAN_POINT('',(-2.64,3.839411236764,0.642364817767));
#1199=CIRCLE('',#1200,1.E-01);
#1200=AXIS2_PLACEMENT_3D('',#1201,#168,#13);
#1201=CARTESIAN_POINT('',(-2.64,3.740930461463,0.625));
#1202=ORIENTED_EDGE('',*,*,#1203,.F.);
#1203=EDGE_CURVE('',#1132,#1197,#1204,.T.);
#1204=LINE('',#1133,#27);
#1205=ORIENTED_EDGE('',*,*,#1131,.F.);
#1206=CYLINDRICAL_SURFACE('',#1135,1.E-01);
#1207=ADVANCED_FACE('',(#1208),#1257,.T.);
#1208=FACE_BOUND('',#1209,.T.);
#1209=EDGE_LOOP('',(#250,#236,#1195,#1210,#1215,#1222,#1227,#1232,#1237,#1243,#1248,#1254));
#1210=ORIENTED_EDGE('',*,*,#1211,.T.);
#1211=EDGE_CURVE('',#1197,#1212,#1214,.T.);
#1212=VERTEX_POINT('',#1213);
#1213=CARTESIAN_POINT('',(-2.64,3.904405751626,0.239642028477));
#1214=LINE('',#1198,#1142);
#1215=ORIENTED_EDGE('',*,*,#1216,.T.);
#1216=EDGE_CURVE('',#1212,#1217,#1219,.T.);
#1217=VERTEX_POINT('',#1218);
#1218=CARTESIAN_POINT('',(-2.64,4.19,-2.22044604925E-16));
#1219=CIRCLE('',#1220,0.29);
#1220=AXIS2_PLACEMENT_3D('',#1221,#14,#1151);
#1221=CARTESIAN_POINT('',(-2.64,4.19,0.29));
#1222=ORIENTED_EDGE('',*,*,#1223,.T.);
#1223=EDGE_CURVE('',#1217,#1224,#1226,.T.);
#1224=VERTEX_POINT('',#1225);
#1225=CARTESIAN_POINT('',(-2.64,4.5,-2.22044604925E-16));
#1226=LINE('',#1218,#181);
#1227=ORIENTED_EDGE('',*,*,#1228,.T.);
#1228=EDGE_CURVE('',#1224,#1229,#1231,.T.);
#1229=VERTEX_POINT('',#1230);
#1230=CARTESIAN_POINT('',(-2.64,4.5,0.15));
#1231=LINE('',#1225,#220);
#1232=ORIENTED_EDGE('',*,*,#1233,.T.);
#1233=EDGE_CURVE('',#1229,#1234,#1236,.T.);
#1234=VERTEX_POINT('',#1235);
#1235=CARTESIAN_POINT('',(-2.64,4.19,0.15));
#1236=LINE('',#1230,#153);
#1237=ORIENTED_EDGE('',*,*,#1238,.T.);
#1238=EDGE_CURVE('',#1234,#1239,#1241,.T.);
#1239=VERTEX_POINT('',#1240);
#1240=CARTESIAN_POINT('',(-2.64,4.052126914578,0.265689255127));
#1241=CIRCLE('',#1242,0.14);
#1242=AXIS2_PLACEMENT_3D('',#1221,#168,#190);
#1243=ORIENTED_EDGE('',*,*,#1244,.T.);
#1244=EDGE_CURVE('',#1239,#1245,#1247,.T.);
#1245=VERTEX_POINT('',#1246);
#1246=CARTESIAN_POINT('',(-2.64,3.987132399716,0.668412044417));
#1247=LINE('',#1240,#1178);
#1248=ORIENTED_EDGE('',*,*,#1249,.T.);
#1249=EDGE_CURVE('',#1245,#1250,#1252,.T.);
#1250=VERTEX_POINT('',#1251);
#1251=CARTESIAN_POINT('',(-2.64,3.740930461463,0.875));
#1252=CIRCLE('',#1253,0.25);
#1253=AXIS2_PLACEMENT_3D('',#1201,#14,#1185);
#1254=ORIENTED_EDGE('',*,*,#1255,.T.);
#1255=EDGE_CURVE('',#1250,#252,#1256,.T.);
#1256=LINE('',#1251,#153);
#1257=PLANE('',#1258);
#1258=AXIS2_PLACEMENT_3D('',#1259,#14,#13);
#1259=CARTESIAN_POINT('',(-2.64,3.931684054297,0.450095127207));
#1260=ADVANCED_FACE('',(#1261),#1122,.F.);
#1261=FACE_BOUND('',#1262,.F.);
#1262=EDGE_LOOP('',(#1263,#1267,#1268,#1274));
#1263=ORIENTED_EDGE('',*,*,#1264,.F.);
#1264=EDGE_CURVE('',#252,#1265,#1256,.T.);
#1265=VERTEX_POINT('',#1266);
#1266=CARTESIAN_POINT('',(-2.64,3.425,0.875));
#1267=ORIENTED_EDGE('',*,*,#264,.T.);
#1268=ORIENTED_EDGE('',*,*,#1269,.T.);
#1269=EDGE_CURVE('',#259,#1270,#1272,.T.);
#1270=VERTEX_POINT('',#1271);
#1271=CARTESIAN_POINT('',(-2.36,3.425,0.875));
#1272=LINE('',#1273,#153);
#1273=CARTESIAN_POINT('',(-2.36,3.740930461463,0.875));
#1274=ORIENTED_EDGE('',*,*,#1275,.F.);
#1275=EDGE_CURVE('',#1265,#1270,#1100,.T.);
#1276=ADVANCED_FACE('',(#1277),#1333,.F.);
#1277=FACE_BOUND('',#1278,.F.);
#1278=EDGE_LOOP('',(#1279,#1280,#1281,#1288,#1293,#1300,#1305,#1310,#1315,#1321,#1326,#1331));
#1279=ORIENTED_EDGE('',*,*,#258,.F.);
#1280=ORIENTED_EDGE('',*,*,#269,.T.);
#1281=ORIENTED_EDGE('',*,*,#1282,.T.);
#1282=EDGE_CURVE('',#270,#1283,#1285,.T.);
#1283=VERTEX_POINT('',#1284);
#1284=CARTESIAN_POINT('',(-2.36,3.839411236764,0.642364817767));
#1285=CIRCLE('',#1286,1.E-01);
#1286=AXIS2_PLACEMENT_3D('',#1287,#168,#13);
#1287=CARTESIAN_POINT('',(-2.36,3.740930461463,0.625));
#1288=ORIENTED_EDGE('',*,*,#1289,.T.);
#1289=EDGE_CURVE('',#1283,#1290,#1292,.T.);
#1290=VERTEX_POINT('',#1291);
#1291=CARTESIAN_POINT('',(-2.36,3.904405751626,0.239642028477));
#1292=LINE('',#1284,#1142);
#1293=ORIENTED_EDGE('',*,*,#1294,.T.);
#1294=EDGE_CURVE('',#1290,#1295,#1297,.T.);
#1295=VERTEX_POINT('',#1296);
#1296=CARTESIAN_POINT('',(-2.36,4.19,-2.22044604925E-16));
#1297=CIRCLE('',#1298,0.29);
#1298=AXIS2_PLACEMENT_3D('',#1299,#14,#1151);
#1299=CARTESIAN_POINT('',(-2.36,4.19,0.29));
#1300=ORIENTED_EDGE('',*,*,#1301,.T.);
#1301=EDGE_CURVE('',#1295,#1302,#1304,.T.);
#1302=VERTEX_POINT('',#1303);
#1303=CARTESIAN_POINT('',(-2.36,4.5,-2.22044604925E-16));
#1304=LINE('',#1296,#181);
#1305=ORIENTED_EDGE('',*,*,#1306,.T.);
#1306=EDGE_CURVE('',#1302,#1307,#1309,.T.);
#1307=VERTEX_POINT('',#1308);
#1308=CARTESIAN_POINT('',(-2.36,4.5,0.15));
#1309=LINE('',#1303,#220);
#1310=ORIENTED_EDGE('',*,*,#1311,.T.);
#1311=EDGE_CURVE('',#1307,#1312,#1314,.T.);
#1312=VERTEX_POINT('',#1313);
#1313=CARTESIAN_POINT('',(-2.36,4.19,0.15));
#1314=LINE('',#1308,#153);
#1315=ORIENTED_EDGE('',*,*,#1316,.T.);
#1316=EDGE_CURVE('',#1312,#1317,#1319,.T.);
#1317=VERTEX_POINT('',#1318);
#1318=CARTESIAN_POINT('',(-2.36,4.052126914578,0.265689255127));
#1319=CIRCLE('',#1320,0.14);
#1320=AXIS2_PLACEMENT_3D('',#1299,#168,#190);
#1321=ORIENTED_EDGE('',*,*,#1322,.T.);
#1322=EDGE_CURVE('',#1317,#1323,#1325,.T.);
#1323=VERTEX_POINT('',#1324);
#1324=CARTESIAN_POINT('',(-2.36,3.987132399716,0.668412044417));
#1325=LINE('',#1318,#1178);
#1326=ORIENTED_EDGE('',*,*,#1327,.T.);
#1327=EDGE_CURVE('',#1323,#1328,#1329,.T.);
#1328=VERTEX_POINT('',#1273);
#1329=CIRCLE('',#1330,0.25);
#1330=AXIS2_PLACEMENT_3D('',#1287,#14,#1185);
#1331=ORIENTED_EDGE('',*,*,#1332,.T.);
#1332=EDGE_CURVE('',#1328,#259,#1272,.T.);
#1333=PLANE('',#1334);
#1334=AXIS2_PLACEMENT_3D('',#1335,#14,#13);
#1335=CARTESIAN_POINT('',(-2.36,3.931684054297,0.450095127207));
#1336=ADVANCED_FACE('',(#1337),#1351,.F.);
#1337=FACE_BOUND('',#1338,.F.);
#1338=EDGE_LOOP('',(#1339,#1340,#1347,#1350));
#1339=ORIENTED_EDGE('',*,*,#282,.T.);
#1340=ORIENTED_EDGE('',*,*,#1341,.T.);
#1341=EDGE_CURVE('',#277,#1342,#1344,.T.);
#1342=VERTEX_POINT('',#1343);
#1343=CARTESIAN_POINT('',(-2.14,3.839411236764,0.642364817767));
#1344=CIRCLE('',#1345,1.E-01);
#1345=AXIS2_PLACEMENT_3D('',#1346,#168,#13);
#1346=CARTESIAN_POINT('',(-2.14,3.740930461463,0.625));
#1347=ORIENTED_EDGE('',*,*,#1348,.F.);
#1348=EDGE_CURVE('',#1283,#1342,#1349,.T.);
#1349=LINE('',#1284,#27);
#1350=ORIENTED_EDGE('',*,*,#1282,.F.);
#1351=CYLINDRICAL_SURFACE('',#1286,1.E-01);
#1352=ADVANCED_FACE('',(#1353),#1402,.T.);
#1353=FACE_BOUND('',#1354,.T.);
#1354=EDGE_LOOP('',(#289,#275,#1340,#1355,#1360,#1367,#1372,#1377,#1382,#1388,#1393,#1399));
#1355=ORIENTED_EDGE('',*,*,#1356,.T.);
#1356=EDGE_CURVE('',#1342,#1357,#1359,.T.);
#1357=VERTEX_POINT('',#1358);
#1358=CARTESIAN_POINT('',(-2.14,3.904405751626,0.239642028477));
#1359=LINE('',#1343,#1142);
#1360=ORIENTED_EDGE('',*,*,#1361,.T.);
#1361=EDGE_CURVE('',#1357,#1362,#1364,.T.);
#1362=VERTEX_POINT('',#1363);
#1363=CARTESIAN_POINT('',(-2.14,4.19,-2.22044604925E-16));
#1364=CIRCLE('',#1365,0.29);
#1365=AXIS2_PLACEMENT_3D('',#1366,#14,#1151);
#1366=CARTESIAN_POINT('',(-2.14,4.19,0.29));
#1367=ORIENTED_EDGE('',*,*,#1368,.T.);
#1368=EDGE_CURVE('',#1362,#1369,#1371,.T.);
#1369=VERTEX_POINT('',#1370);
#1370=CARTESIAN_POINT('',(-2.14,4.5,-2.22044604925E-16));
#1371=LINE('',#1363,#181);
#1372=ORIENTED_EDGE('',*,*,#1373,.T.);
#1373=EDGE_CURVE('',#1369,#1374,#1376,.T.);
#1374=VERTEX_POINT('',#1375);
#1375=CARTESIAN_POINT('',(-2.14,4.5,0.15));
#1376=LINE('',#1370,#220);
#1377=ORIENTED_EDGE('',*,*,#1378,.T.);
#1378=EDGE_CURVE('',#1374,#1379,#1381,.T.);
#1379=VERTEX_POINT('',#1380);
#1380=CARTESIAN_POINT('',(-2.14,4.19,0.15));
#1381=LINE('',#1375,#153);
#1382=ORIENTED_EDGE('',*,*,#1383,.T.);
#1383=EDGE_CURVE('',#1379,#1384,#1386,.T.);
#1384=VERTEX_POINT('',#1385);
#1385=CARTESIAN_POINT('',(-2.14,4.052126914578,0.265689255127));
#1386=CIRCLE('',#1387,0.14);
#1387=AXIS2_PLACEMENT_3D('',#1366,#168,#190);
#1388=ORIENTED_EDGE('',*,*,#1389,.T.);
#1389=EDGE_CURVE('',#1384,#1390,#1392,.T.);
#1390=VERTEX_POINT('',#1391);
#1391=CARTESIAN_POINT('',(-2.14,3.987132399716,0.668412044417));
#1392=LINE('',#1385,#1178);
#1393=ORIENTED_EDGE('',*,*,#1394,.T.);
#1394=EDGE_CURVE('',#1390,#1395,#1397,.T.);
#1395=VERTEX_POINT('',#1396);
#1396=CARTESIAN_POINT('',(-2.14,3.740930461463,0.875));
#1397=CIRCLE('',#1398,0.25);
#1398=AXIS2_PLACEMENT_3D('',#1346,#14,#1185);
#1399=ORIENTED_EDGE('',*,*,#1400,.T.);
#1400=EDGE_CURVE('',#1395,#291,#1401,.T.);
#1401=LINE('',#1396,#153);
#1402=PLANE('',#1403);
#1403=AXIS2_PLACEMENT_3D('',#1404,#14,#13);
#1404=CARTESIAN_POINT('',(-2.14,3.931684054297,0.450095127207));
#1405=ADVANCED_FACE('',(#1406),#1122,.F.);
#1406=FACE_BOUND('',#1407,.F.);
#1407=EDGE_LOOP('',(#1408,#1412,#1413,#1419));
#1408=ORIENTED_EDGE('',*,*,#1409,.F.);
#1409=EDGE_CURVE('',#291,#1410,#1401,.T.);
#1410=VERTEX_POINT('',#1411);
#1411=CARTESIAN_POINT('',(-2.14,3.425,0.875));
#1412=ORIENTED_EDGE('',*,*,#303,.T.);
#1413=ORIENTED_EDGE('',*,*,#1414,.T.);
#1414=EDGE_CURVE('',#298,#1415,#1417,.T.);
#1415=VERTEX_POINT('',#1416);
#1416=CARTESIAN_POINT('',(-1.86,3.425,0.875));
#1417=LINE('',#1418,#153);
#1418=CARTESIAN_POINT('',(-1.86,3.740930461463,0.875));
#1419=ORIENTED_EDGE('',*,*,#1420,.F.);
#1420=EDGE_CURVE('',#1410,#1415,#1100,.T.);
#1421=ADVANCED_FACE('',(#1422),#1478,.F.);
#1422=FACE_BOUND('',#1423,.F.);
#1423=EDGE_LOOP('',(#1424,#1425,#1426,#1433,#1438,#1445,#1450,#1455,#1460,#1466,#1471,#1476));
#1424=ORIENTED_EDGE('',*,*,#297,.F.);
#1425=ORIENTED_EDGE('',*,*,#308,.T.);
#1426=ORIENTED_EDGE('',*,*,#1427,.T.);
#1427=EDGE_CURVE('',#309,#1428,#1430,.T.);
#1428=VERTEX_POINT('',#1429);
#1429=CARTESIAN_POINT('',(-1.86,3.839411236764,0.642364817767));
#1430=CIRCLE('',#1431,1.E-01);
#1431=AXIS2_PLACEMENT_3D('',#1432,#168,#13);
#1432=CARTESIAN_POINT('',(-1.86,3.740930461463,0.625));
#1433=ORIENTED_EDGE('',*,*,#1434,.T.);
#1434=EDGE_CURVE('',#1428,#1435,#1437,.T.);
#1435=VERTEX_POINT('',#1436);
#1436=CARTESIAN_POINT('',(-1.86,3.904405751626,0.239642028477));
#1437=LINE('',#1429,#1142);
#1438=ORIENTED_EDGE('',*,*,#1439,.T.);
#1439=EDGE_CURVE('',#1435,#1440,#1442,.T.);
#1440=VERTEX_POINT('',#1441);
#1441=CARTESIAN_POINT('',(-1.86,4.19,-2.22044604925E-16));
#1442=CIRCLE('',#1443,0.29);
#1443=AXIS2_PLACEMENT_3D('',#1444,#14,#1151);
#1444=CARTESIAN_POINT('',(-1.86,4.19,0.29));
#1445=ORIENTED_EDGE('',*,*,#1446,.T.);
#1446=EDGE_CURVE('',#1440,#1447,#1449,.T.);
#1447=VERTEX_POINT('',#1448);
#1448=CARTESIAN_POINT('',(-1.86,4.5,-2.22044604925E-16));
#1449=LINE('',#1441,#181);
#1450=ORIENTED_EDGE('',*,*,#1451,.T.);
#1451=EDGE_CURVE('',#1447,#1452,#1454,.T.);
#1452=VERTEX_POINT('',#1453);
#1453=CARTESIAN_POINT('',(-1.86,4.5,0.15));
#1454=LINE('',#1448,#220);
#1455=ORIENTED_EDGE('',*,*,#1456,.T.);
#1456=EDGE_CURVE('',#1452,#1457,#1459,.T.);
#1457=VERTEX_POINT('',#1458);
#1458=CARTESIAN_POINT('',(-1.86,4.19,0.15));
#1459=LINE('',#1453,#153);
#1460=ORIENTED_EDGE('',*,*,#1461,.T.);
#1461=EDGE_CURVE('',#1457,#1462,#1464,.T.);
#1462=VERTEX_POINT('',#1463);
#1463=CARTESIAN_POINT('',(-1.86,4.052126914578,0.265689255127));
#1464=CIRCLE('',#1465,0.14);
#1465=AXIS2_PLACEMENT_3D('',#1444,#168,#190);
#1466=ORIENTED_EDGE('',*,*,#1467,.T.);
#1467=EDGE_CURVE('',#1462,#1468,#1470,.T.);
#1468=VERTEX_POINT('',#1469);
#1469=CARTESIAN_POINT('',(-1.86,3.987132399716,0.668412044417));
#1470=LINE('',#1463,#1178);
#1471=ORIENTED_EDGE('',*,*,#1472,.T.);
#1472=EDGE_CURVE('',#1468,#1473,#1474,.T.);
#1473=VERTEX_POINT('',#1418);
#1474=CIRCLE('',#1475,0.25);
#1475=AXIS2_PLACEMENT_3D('',#1432,#14,#1185);
#1476=ORIENTED_EDGE('',*,*,#1477,.T.);
#1477=EDGE_CURVE('',#1473,#298,#1417,.T.);
#1478=PLANE('',#1479);
#1479=AXIS2_PLACEMENT_3D('',#1480,#14,#13);
#1480=CARTESIAN_POINT('',(-1.86,3.931684054297,0.450095127207));
#1481=ADVANCED_FACE('',(#1482),#1496,.F.);
#1482=FACE_BOUND('',#1483,.F.);
#1483=EDGE_LOOP('',(#1484,#1485,#1492,#1495));
#1484=ORIENTED_EDGE('',*,*,#321,.T.);
#1485=ORIENTED_EDGE('',*,*,#1486,.T.);
#1486=EDGE_CURVE('',#316,#1487,#1489,.T.);
#1487=VERTEX_POINT('',#1488);
#1488=CARTESIAN_POINT('',(-1.64,3.839411236764,0.642364817767));
#1489=CIRCLE('',#1490,1.E-01);
#1490=AXIS2_PLACEMENT_3D('',#1491,#168,#13);
#1491=CARTESIAN_POINT('',(-1.64,3.740930461463,0.625));
#1492=ORIENTED_EDGE('',*,*,#1493,.F.);
#1493=EDGE_CURVE('',#1428,#1487,#1494,.T.);
#1494=LINE('',#1429,#27);
#1495=ORIENTED_EDGE('',*,*,#1427,.F.);
#1496=CYLINDRICAL_SURFACE('',#1431,1.E-01);
#1497=ADVANCED_FACE('',(#1498),#1547,.T.);
#1498=FACE_BOUND('',#1499,.T.);
#1499=EDGE_LOOP('',(#328,#314,#1485,#1500,#1505,#1512,#1517,#1522,#1527,#1533,#1538,#1544));
#1500=ORIENTED_EDGE('',*,*,#1501,.T.);
#1501=EDGE_CURVE('',#1487,#1502,#1504,.T.);
#1502=VERTEX_POINT('',#1503);
#1503=CARTESIAN_POINT('',(-1.64,3.904405751626,0.239642028477));
#1504=LINE('',#1488,#1142);
#1505=ORIENTED_EDGE('',*,*,#1506,.T.);
#1506=EDGE_CURVE('',#1502,#1507,#1509,.T.);
#1507=VERTEX_POINT('',#1508);
#1508=CARTESIAN_POINT('',(-1.64,4.19,-2.22044604925E-16));
#1509=CIRCLE('',#1510,0.29);
#1510=AXIS2_PLACEMENT_3D('',#1511,#14,#1151);
#1511=CARTESIAN_POINT('',(-1.64,4.19,0.29));
#1512=ORIENTED_EDGE('',*,*,#1513,.T.);
#1513=EDGE_CURVE('',#1507,#1514,#1516,.T.);
#1514=VERTEX_POINT('',#1515);
#1515=CARTESIAN_POINT('',(-1.64,4.5,-2.22044604925E-16));
#1516=LINE('',#1508,#181);
#1517=ORIENTED_EDGE('',*,*,#1518,.T.);
#1518=EDGE_CURVE('',#1514,#1519,#1521,.T.);
#1519=VERTEX_POINT('',#1520);
#1520=CARTESIAN_POINT('',(-1.64,4.5,0.15));
#1521=LINE('',#1515,#220);
#1522=ORIENTED_EDGE('',*,*,#1523,.T.);
#1523=EDGE_CURVE('',#1519,#1524,#1526,.T.);
#1524=VERTEX_POINT('',#1525);
#1525=CARTESIAN_POINT('',(-1.64,4.19,0.15));
#1526=LINE('',#1520,#153);
#1527=ORIENTED_EDGE('',*,*,#1528,.T.);
#1528=EDGE_CURVE('',#1524,#1529,#1531,.T.);
#1529=VERTEX_POINT('',#1530);
#1530=CARTESIAN_POINT('',(-1.64,4.052126914578,0.265689255127));
#1531=CIRCLE('',#1532,0.14);
#1532=AXIS2_PLACEMENT_3D('',#1511,#168,#190);
#1533=ORIENTED_EDGE('',*,*,#1534,.T.);
#1534=EDGE_CURVE('',#1529,#1535,#1537,.T.);
#1535=VERTEX_POINT('',#1536);
#1536=CARTESIAN_POINT('',(-1.64,3.987132399716,0.668412044417));
#1537=LINE('',#1530,#1178);
#1538=ORIENTED_EDGE('',*,*,#1539,.T.);
#1539=EDGE_CURVE('',#1535,#1540,#1542,.T.);
#1540=VERTEX_POINT('',#1541);
#1541=CARTESIAN_POINT('',(-1.64,3.740930461463,0.875));
#1542=CIRCLE('',#1543,0.25);
#1543=AXIS2_PLACEMENT_3D('',#1491,#14,#1185);
#1544=ORIENTED_EDGE('',*,*,#1545,.T.);
#1545=EDGE_CURVE('',#1540,#330,#1546,.T.);
#1546=LINE('',#1541,#153);
#1547=PLANE('',#1548);
#1548=AXIS2_PLACEMENT_3D('',#1549,#14,#13);
#1549=CARTESIAN_POINT('',(-1.64,3.931684054297,0.450095127207));
#1550=ADVANCED_FACE('',(#1551),#1122,.F.);
#1551=FACE_BOUND('',#1552,.F.);
#1552=EDGE_LOOP('',(#1553,#1557,#1558,#1564));
#1553=ORIENTED_EDGE('',*,*,#1554,.F.);
#1554=EDGE_CURVE('',#330,#1555,#1546,.T.);
#1555=VERTEX_POINT('',#1556);
#1556=CARTESIAN_POINT('',(-1.64,3.425,0.875));
#1557=ORIENTED_EDGE('',*,*,#342,.T.);
#1558=ORIENTED_EDGE('',*,*,#1559,.T.);
#1559=EDGE_CURVE('',#337,#1560,#1562,.T.);
#1560=VERTEX_POINT('',#1561);
#1561=CARTESIAN_POINT('',(-1.36,3.425,0.875));
#1562=LINE('',#1563,#153);
#1563=CARTESIAN_POINT('',(-1.36,3.740930461463,0.875));
#1564=ORIENTED_EDGE('',*,*,#1565,.F.);
#1565=EDGE_CURVE('',#1555,#1560,#1100,.T.);
#1566=ADVANCED_FACE('',(#1567),#1623,.F.);
#1567=FACE_BOUND('',#1568,.F.);
#1568=EDGE_LOOP('',(#1569,#1570,#1571,#1578,#1583,#1590,#1595,#1600,#1605,#1611,#1616,#1621));
#1569=ORIENTED_EDGE('',*,*,#336,.F.);
#1570=ORIENTED_EDGE('',*,*,#347,.T.);
#1571=ORIENTED_EDGE('',*,*,#1572,.T.);
#1572=EDGE_CURVE('',#348,#1573,#1575,.T.);
#1573=VERTEX_POINT('',#1574);
#1574=CARTESIAN_POINT('',(-1.36,3.839411236764,0.642364817767));
#1575=CIRCLE('',#1576,1.E-01);
#1576=AXIS2_PLACEMENT_3D('',#1577,#168,#13);
#1577=CARTESIAN_POINT('',(-1.36,3.740930461463,0.625));
#1578=ORIENTED_EDGE('',*,*,#1579,.T.);
#1579=EDGE_CURVE('',#1573,#1580,#1582,.T.);
#1580=VERTEX_POINT('',#1581);
#1581=CARTESIAN_POINT('',(-1.36,3.904405751626,0.239642028477));
#1582=LINE('',#1574,#1142);
#1583=ORIENTED_EDGE('',*,*,#1584,.T.);
#1584=EDGE_CURVE('',#1580,#1585,#1587,.T.);
#1585=VERTEX_POINT('',#1586);
#1586=CARTESIAN_POINT('',(-1.36,4.19,-2.22044604925E-16));
#1587=CIRCLE('',#1588,0.29);
#1588=AXIS2_PLACEMENT_3D('',#1589,#14,#1151);
#1589=CARTESIAN_POINT('',(-1.36,4.19,0.29));
#1590=ORIENTED_EDGE('',*,*,#1591,.T.);
#1591=EDGE_CURVE('',#1585,#1592,#1594,.T.);
#1592=VERTEX_POINT('',#1593);
#1593=CARTESIAN_POINT('',(-1.36,4.5,-2.22044604925E-16));
#1594=LINE('',#1586,#181);
#1595=ORIENTED_EDGE('',*,*,#1596,.T.);
#1596=EDGE_CURVE('',#1592,#1597,#1599,.T.);
#1597=VERTEX_POINT('',#1598);
#1598=CARTESIAN_POINT('',(-1.36,4.5,0.15));
#1599=LINE('',#1593,#220);
#1600=ORIENTED_EDGE('',*,*,#1601,.T.);
#1601=EDGE_CURVE('',#1597,#1602,#1604,.T.);
#1602=VERTEX_POINT('',#1603);
#1603=CARTESIAN_POINT('',(-1.36,4.19,0.15));
#1604=LINE('',#1598,#153);
#1605=ORIENTED_EDGE('',*,*,#1606,.T.);
#1606=EDGE_CURVE('',#1602,#1607,#1609,.T.);
#1607=VERTEX_POINT('',#1608);
#1608=CARTESIAN_POINT('',(-1.36,4.052126914578,0.265689255127));
#1609=CIRCLE('',#1610,0.14);
#1610=AXIS2_PLACEMENT_3D('',#1589,#168,#190);
#1611=ORIENTED_EDGE('',*,*,#1612,.T.);
#1612=EDGE_CURVE('',#1607,#1613,#1615,.T.);
#1613=VERTEX_POINT('',#1614);
#1614=CARTESIAN_POINT('',(-1.36,3.987132399716,0.668412044417));
#1615=LINE('',#1608,#1178);
#1616=ORIENTED_EDGE('',*,*,#1617,.T.);
#1617=EDGE_CURVE('',#1613,#1618,#1619,.T.);
#1618=VERTEX_POINT('',#1563);
#1619=CIRCLE('',#1620,0.25);
#1620=AXIS2_PLACEMENT_3D('',#1577,#14,#1185);
#1621=ORIENTED_EDGE('',*,*,#1622,.T.);
#1622=EDGE_CURVE('',#1618,#337,#1562,.T.);
#1623=PLANE('',#1624);
#1624=AXIS2_PLACEMENT_3D('',#1625,#14,#13);
#1625=CARTESIAN_POINT('',(-1.36,3.931684054297,0.450095127207));
#1626=ADVANCED_FACE('',(#1627),#1641,.F.);
#1627=FACE_BOUND('',#1628,.F.);
#1628=EDGE_LOOP('',(#1629,#1630,#1637,#1640));
#1629=ORIENTED_EDGE('',*,*,#360,.T.);
#1630=ORIENTED_EDGE('',*,*,#1631,.T.);
#1631=EDGE_CURVE('',#355,#1632,#1634,.T.);
#1632=VERTEX_POINT('',#1633);
#1633=CARTESIAN_POINT('',(-1.14,3.839411236764,0.642364817767));
#1634=CIRCLE('',#1635,1.E-01);
#1635=AXIS2_PLACEMENT_3D('',#1636,#168,#13);
#1636=CARTESIAN_POINT('',(-1.14,3.740930461463,0.625));
#1637=ORIENTED_EDGE('',*,*,#1638,.F.);
#1638=EDGE_CURVE('',#1573,#1632,#1639,.T.);
#1639=LINE('',#1574,#27);
#1640=ORIENTED_EDGE('',*,*,#1572,.F.);
#1641=CYLINDRICAL_SURFACE('',#1576,1.E-01);
#1642=ADVANCED_FACE('',(#1643),#1692,.T.);
#1643=FACE_BOUND('',#1644,.T.);
#1644=EDGE_LOOP('',(#367,#353,#1630,#1645,#1650,#1657,#1662,#1667,#1672,#1678,#1683,#1689));
#1645=ORIENTED_EDGE('',*,*,#1646,.T.);
#1646=EDGE_CURVE('',#1632,#1647,#1649,.T.);
#1647=VERTEX_POINT('',#1648);
#1648=CARTESIAN_POINT('',(-1.14,3.904405751626,0.239642028477));
#1649=LINE('',#1633,#1142);
#1650=ORIENTED_EDGE('',*,*,#1651,.T.);
#1651=EDGE_CURVE('',#1647,#1652,#1654,.T.);
#1652=VERTEX_POINT('',#1653);
#1653=CARTESIAN_POINT('',(-1.14,4.19,-2.22044604925E-16));
#1654=CIRCLE('',#1655,0.29);
#1655=AXIS2_PLACEMENT_3D('',#1656,#14,#1151);
#1656=CARTESIAN_POINT('',(-1.14,4.19,0.29));
#1657=ORIENTED_EDGE('',*,*,#1658,.T.);
#1658=EDGE_CURVE('',#1652,#1659,#1661,.T.);
#1659=VERTEX_POINT('',#1660);
#1660=CARTESIAN_POINT('',(-1.14,4.5,-2.22044604925E-16));
#1661=LINE('',#1653,#181);
#1662=ORIENTED_EDGE('',*,*,#1663,.T.);
#1663=EDGE_CURVE('',#1659,#1664,#1666,.T.);
#1664=VERTEX_POINT('',#1665);
#1665=CARTESIAN_POINT('',(-1.14,4.5,0.15));
#1666=LINE('',#1660,#220);
#1667=ORIENTED_EDGE('',*,*,#1668,.T.);
#1668=EDGE_CURVE('',#1664,#1669,#1671,.T.);
#1669=VERTEX_POINT('',#1670);
#1670=CARTESIAN_POINT('',(-1.14,4.19,0.15));
#1671=LINE('',#1665,#153);
#1672=ORIENTED_EDGE('',*,*,#1673,.T.);
#1673=EDGE_CURVE('',#1669,#1674,#1676,.T.);
#1674=VERTEX_POINT('',#1675);
#1675=CARTESIAN_POINT('',(-1.14,4.052126914578,0.265689255127));
#1676=CIRCLE('',#1677,0.14);
#1677=AXIS2_PLACEMENT_3D('',#1656,#168,#190);
#1678=ORIENTED_EDGE('',*,*,#1679,.T.);
#1679=EDGE_CURVE('',#1674,#1680,#1682,.T.);
#1680=VERTEX_POINT('',#1681);
#1681=CARTESIAN_POINT('',(-1.14,3.987132399716,0.668412044417));
#1682=LINE('',#1675,#1178);
#1683=ORIENTED_EDGE('',*,*,#1684,.T.);
#1684=EDGE_CURVE('',#1680,#1685,#1687,.T.);
#1685=VERTEX_POINT('',#1686);
#1686=CARTESIAN_POINT('',(-1.14,3.740930461463,0.875));
#1687=CIRCLE('',#1688,0.25);
#1688=AXIS2_PLACEMENT_3D('',#1636,#14,#1185);
#1689=ORIENTED_EDGE('',*,*,#1690,.T.);
#1690=EDGE_CURVE('',#1685,#369,#1691,.T.);
#1691=LINE('',#1686,#153);
#1692=PLANE('',#1693);
#1693=AXIS2_PLACEMENT_3D('',#1694,#14,#13);
#1694=CARTESIAN_POINT('',(-1.14,3.931684054297,0.450095127207));
#1695=ADVANCED_FACE('',(#1696),#1122,.F.);
#1696=FACE_BOUND('',#1697,.F.);
#1697=EDGE_LOOP('',(#1698,#1702,#1703,#1709));
#1698=ORIENTED_EDGE('',*,*,#1699,.F.);
#1699=EDGE_CURVE('',#369,#1700,#1691,.T.);
#1700=VERTEX_POINT('',#1701);
#1701=CARTESIAN_POINT('',(-1.14,3.425,0.875));
#1702=ORIENTED_EDGE('',*,*,#381,.T.);
#1703=ORIENTED_EDGE('',*,*,#1704,.T.);
#1704=EDGE_CURVE('',#376,#1705,#1707,.T.);
#1705=VERTEX_POINT('',#1706);
#1706=CARTESIAN_POINT('',(-0.86,3.425,0.875));
#1707=LINE('',#1708,#153);
#1708=CARTESIAN_POINT('',(-0.86,3.740930461463,0.875));
#1709=ORIENTED_EDGE('',*,*,#1710,.F.);
#1710=EDGE_CURVE('',#1700,#1705,#1100,.T.);
#1711=ADVANCED_FACE('',(#1712),#1768,.F.);
#1712=FACE_BOUND('',#1713,.F.);
#1713=EDGE_LOOP('',(#1714,#1715,#1716,#1723,#1728,#1735,#1740,#1745,#1750,#1756,#1761,#1766));
#1714=ORIENTED_EDGE('',*,*,#375,.F.);
#1715=ORIENTED_EDGE('',*,*,#386,.T.);
#1716=ORIENTED_EDGE('',*,*,#1717,.T.);
#1717=EDGE_CURVE('',#387,#1718,#1720,.T.);
#1718=VERTEX_POINT('',#1719);
#1719=CARTESIAN_POINT('',(-0.86,3.839411236764,0.642364817767));
#1720=CIRCLE('',#1721,1.E-01);
#1721=AXIS2_PLACEMENT_3D('',#1722,#168,#13);
#1722=CARTESIAN_POINT('',(-0.86,3.740930461463,0.625));
#1723=ORIENTED_EDGE('',*,*,#1724,.T.);
#1724=EDGE_CURVE('',#1718,#1725,#1727,.T.);
#1725=VERTEX_POINT('',#1726);
#1726=CARTESIAN_POINT('',(-0.86,3.904405751626,0.239642028477));
#1727=LINE('',#1719,#1142);
#1728=ORIENTED_EDGE('',*,*,#1729,.T.);
#1729=EDGE_CURVE('',#1725,#1730,#1732,.T.);
#1730=VERTEX_POINT('',#1731);
#1731=CARTESIAN_POINT('',(-0.86,4.19,-2.22044604925E-16));
#1732=CIRCLE('',#1733,0.29);
#1733=AXIS2_PLACEMENT_3D('',#1734,#14,#1151);
#1734=CARTESIAN_POINT('',(-0.86,4.19,0.29));
#1735=ORIENTED_EDGE('',*,*,#1736,.T.);
#1736=EDGE_CURVE('',#1730,#1737,#1739,.T.);
#1737=VERTEX_POINT('',#1738);
#1738=CARTESIAN_POINT('',(-0.86,4.5,-2.22044604925E-16));
#1739=LINE('',#1731,#181);
#1740=ORIENTED_EDGE('',*,*,#1741,.T.);
#1741=EDGE_CURVE('',#1737,#1742,#1744,.T.);
#1742=VERTEX_POINT('',#1743);
#1743=CARTESIAN_POINT('',(-0.86,4.5,0.15));
#1744=LINE('',#1738,#220);
#1745=ORIENTED_EDGE('',*,*,#1746,.T.);
#1746=EDGE_CURVE('',#1742,#1747,#1749,.T.);
#1747=VERTEX_POINT('',#1748);
#1748=CARTESIAN_POINT('',(-0.86,4.19,0.15));
#1749=LINE('',#1743,#153);
#1750=ORIENTED_EDGE('',*,*,#1751,.T.);
#1751=EDGE_CURVE('',#1747,#1752,#1754,.T.);
#1752=VERTEX_POINT('',#1753);
#1753=CARTESIAN_POINT('',(-0.86,4.052126914578,0.265689255127));
#1754=CIRCLE('',#1755,0.14);
#1755=AXIS2_PLACEMENT_3D('',#1734,#168,#190);
#1756=ORIENTED_EDGE('',*,*,#1757,.T.);
#1757=EDGE_CURVE('',#1752,#1758,#1760,.T.);
#1758=VERTEX_POINT('',#1759);
#1759=CARTESIAN_POINT('',(-0.86,3.987132399716,0.668412044417));
#1760=LINE('',#1753,#1178);
#1761=ORIENTED_EDGE('',*,*,#1762,.T.);
#1762=EDGE_CURVE('',#1758,#1763,#1764,.T.);
#1763=VERTEX_POINT('',#1708);
#1764=CIRCLE('',#1765,0.25);
#1765=AXIS2_PLACEMENT_3D('',#1722,#14,#1185);
#1766=ORIENTED_EDGE('',*,*,#1767,.T.);
#1767=EDGE_CURVE('',#1763,#376,#1707,.T.);
#1768=PLANE('',#1769);
#1769=AXIS2_PLACEMENT_3D('',#1770,#14,#13);
#1770=CARTESIAN_POINT('',(-0.86,3.931684054297,0.450095127207));
#1771=ADVANCED_FACE('',(#1772),#1786,.F.);
#1772=FACE_BOUND('',#1773,.F.);
#1773=EDGE_LOOP('',(#1774,#1775,#1782,#1785));
#1774=ORIENTED_EDGE('',*,*,#399,.T.);
#1775=ORIENTED_EDGE('',*,*,#1776,.T.);
#1776=EDGE_CURVE('',#394,#1777,#1779,.T.);
#1777=VERTEX_POINT('',#1778);
#1778=CARTESIAN_POINT('',(-0.64,3.839411236764,0.642364817767));
#1779=CIRCLE('',#1780,1.E-01);
#1780=AXIS2_PLACEMENT_3D('',#1781,#168,#13);
#1781=CARTESIAN_POINT('',(-0.64,3.740930461463,0.625));
#1782=ORIENTED_EDGE('',*,*,#1783,.F.);
#1783=EDGE_CURVE('',#1718,#1777,#1784,.T.);
#1784=LINE('',#1719,#27);
#1785=ORIENTED_EDGE('',*,*,#1717,.F.);
#1786=CYLINDRICAL_SURFACE('',#1721,1.E-01);
#1787=ADVANCED_FACE('',(#1788),#1837,.T.);
#1788=FACE_BOUND('',#1789,.T.);
#1789=EDGE_LOOP('',(#406,#392,#1775,#1790,#1795,#1802,#1807,#1812,#1817,#1823,#1828,#1834));
#1790=ORIENTED_EDGE('',*,*,#1791,.T.);
#1791=EDGE_CURVE('',#1777,#1792,#1794,.T.);
#1792=VERTEX_POINT('',#1793);
#1793=CARTESIAN_POINT('',(-0.64,3.904405751626,0.239642028477));
#1794=LINE('',#1778,#1142);
#1795=ORIENTED_EDGE('',*,*,#1796,.T.);
#1796=EDGE_CURVE('',#1792,#1797,#1799,.T.);
#1797=VERTEX_POINT('',#1798);
#1798=CARTESIAN_POINT('',(-0.64,4.19,-2.22044604925E-16));
#1799=CIRCLE('',#1800,0.29);
#1800=AXIS2_PLACEMENT_3D('',#1801,#14,#1151);
#1801=CARTESIAN_POINT('',(-0.64,4.19,0.29));
#1802=ORIENTED_EDGE('',*,*,#1803,.T.);
#1803=EDGE_CURVE('',#1797,#1804,#1806,.T.);
#1804=VERTEX_POINT('',#1805);
#1805=CARTESIAN_POINT('',(-0.64,4.5,-2.22044604925E-16));
#1806=LINE('',#1798,#181);
#1807=ORIENTED_EDGE('',*,*,#1808,.T.);
#1808=EDGE_CURVE('',#1804,#1809,#1811,.T.);
#1809=VERTEX_POINT('',#1810);
#1810=CARTESIAN_POINT('',(-0.64,4.5,0.15));
#1811=LINE('',#1805,#220);
#1812=ORIENTED_EDGE('',*,*,#1813,.T.);
#1813=EDGE_CURVE('',#1809,#1814,#1816,.T.);
#1814=VERTEX_POINT('',#1815);
#1815=CARTESIAN_POINT('',(-0.64,4.19,0.15));
#1816=LINE('',#1810,#153);
#1817=ORIENTED_EDGE('',*,*,#1818,.T.);
#1818=EDGE_CURVE('',#1814,#1819,#1821,.T.);
#1819=VERTEX_POINT('',#1820);
#1820=CARTESIAN_POINT('',(-0.64,4.052126914578,0.265689255127));
#1821=CIRCLE('',#1822,0.14);
#1822=AXIS2_PLACEMENT_3D('',#1801,#168,#190);
#1823=ORIENTED_EDGE('',*,*,#1824,.T.);
#1824=EDGE_CURVE('',#1819,#1825,#1827,.T.);
#1825=VERTEX_POINT('',#1826);
#1826=CARTESIAN_POINT('',(-0.64,3.987132399716,0.668412044417));
#1827=LINE('',#1820,#1178);
#1828=ORIENTED_EDGE('',*,*,#1829,.T.);
#1829=EDGE_CURVE('',#1825,#1830,#1832,.T.);
#1830=VERTEX_POINT('',#1831);
#1831=CARTESIAN_POINT('',(-0.64,3.740930461463,0.875));
#1832=CIRCLE('',#1833,0.25);
#1833=AXIS2_PLACEMENT_3D('',#1781,#14,#1185);
#1834=ORIENTED_EDGE('',*,*,#1835,.T.);
#1835=EDGE_CURVE('',#1830,#408,#1836,.T.);
#1836=LINE('',#1831,#153);
#1837=PLANE('',#1838);
#1838=AXIS2_PLACEMENT_3D('',#1839,#14,#13);
#1839=CARTESIAN_POINT('',(-0.64,3.931684054297,0.450095127207));
#1840=ADVANCED_FACE('',(#1841),#1122,.F.);
#1841=FACE_BOUND('',#1842,.F.);
#1842=EDGE_LOOP('',(#1843,#1847,#1848,#1854));
#1843=ORIENTED_EDGE('',*,*,#1844,.F.);
#1844=EDGE_CURVE('',#408,#1845,#1836,.T.);
#1845=VERTEX_POINT('',#1846);
#1846=CARTESIAN_POINT('',(-0.64,3.425,0.875));
#1847=ORIENTED_EDGE('',*,*,#420,.T.);
#1848=ORIENTED_EDGE('',*,*,#1849,.T.);
#1849=EDGE_CURVE('',#415,#1850,#1852,.T.);
#1850=VERTEX_POINT('',#1851);
#1851=CARTESIAN_POINT('',(-0.36,3.425,0.875));
#1852=LINE('',#1853,#153);
#1853=CARTESIAN_POINT('',(-0.36,3.740930461463,0.875));
#1854=ORIENTED_EDGE('',*,*,#1855,.F.);
#1855=EDGE_CURVE('',#1845,#1850,#1100,.T.);
#1856=ADVANCED_FACE('',(#1857),#1913,.F.);
#1857=FACE_BOUND('',#1858,.F.);
#1858=EDGE_LOOP('',(#1859,#1860,#1861,#1868,#1873,#1880,#1885,#1890,#1895,#1901,#1906,#1911));
#1859=ORIENTED_EDGE('',*,*,#414,.F.);
#1860=ORIENTED_EDGE('',*,*,#425,.T.);
#1861=ORIENTED_EDGE('',*,*,#1862,.T.);
#1862=EDGE_CURVE('',#426,#1863,#1865,.T.);
#1863=VERTEX_POINT('',#1864);
#1864=CARTESIAN_POINT('',(-0.36,3.839411236764,0.642364817767));
#1865=CIRCLE('',#1866,1.E-01);
#1866=AXIS2_PLACEMENT_3D('',#1867,#168,#13);
#1867=CARTESIAN_POINT('',(-0.36,3.740930461463,0.625));
#1868=ORIENTED_EDGE('',*,*,#1869,.T.);
#1869=EDGE_CURVE('',#1863,#1870,#1872,.T.);
#1870=VERTEX_POINT('',#1871);
#1871=CARTESIAN_POINT('',(-0.36,3.904405751626,0.239642028477));
#1872=LINE('',#1864,#1142);
#1873=ORIENTED_EDGE('',*,*,#1874,.T.);
#1874=EDGE_CURVE('',#1870,#1875,#1877,.T.);
#1875=VERTEX_POINT('',#1876);
#1876=CARTESIAN_POINT('',(-0.36,4.19,-2.22044604925E-16));
#1877=CIRCLE('',#1878,0.29);
#1878=AXIS2_PLACEMENT_3D('',#1879,#14,#1151);
#1879=CARTESIAN_POINT('',(-0.36,4.19,0.29));
#1880=ORIENTED_EDGE('',*,*,#1881,.T.);
#1881=EDGE_CURVE('',#1875,#1882,#1884,.T.);
#1882=VERTEX_POINT('',#1883);
#1883=CARTESIAN_POINT('',(-0.36,4.5,-2.22044604925E-16));
#1884=LINE('',#1876,#181);
#1885=ORIENTED_EDGE('',*,*,#1886,.T.);
#1886=EDGE_CURVE('',#1882,#1887,#1889,.T.);
#1887=VERTEX_POINT('',#1888);
#1888=CARTESIAN_POINT('',(-0.36,4.5,0.15));
#1889=LINE('',#1883,#220);
#1890=ORIENTED_EDGE('',*,*,#1891,.T.);
#1891=EDGE_CURVE('',#1887,#1892,#1894,.T.);
#1892=VERTEX_POINT('',#1893);
#1893=CARTESIAN_POINT('',(-0.36,4.19,0.15));
#1894=LINE('',#1888,#153);
#1895=ORIENTED_EDGE('',*,*,#1896,.T.);
#1896=EDGE_CURVE('',#1892,#1897,#1899,.T.);
#1897=VERTEX_POINT('',#1898);
#1898=CARTESIAN_POINT('',(-0.36,4.052126914578,0.265689255127));
#1899=CIRCLE('',#1900,0.14);
#1900=AXIS2_PLACEMENT_3D('',#1879,#168,#190);
#1901=ORIENTED_EDGE('',*,*,#1902,.T.);
#1902=EDGE_CURVE('',#1897,#1903,#1905,.T.);
#1903=VERTEX_POINT('',#1904);
#1904=CARTESIAN_POINT('',(-0.36,3.987132399716,0.668412044417));
#1905=LINE('',#1898,#1178);
#1906=ORIENTED_EDGE('',*,*,#1907,.T.);
#1907=EDGE_CURVE('',#1903,#1908,#1909,.T.);
#1908=VERTEX_POINT('',#1853);
#1909=CIRCLE('',#1910,0.25);
#1910=AXIS2_PLACEMENT_3D('',#1867,#14,#1185);
#1911=ORIENTED_EDGE('',*,*,#1912,.T.);
#1912=EDGE_CURVE('',#1908,#415,#1852,.T.);
#1913=PLANE('',#1914);
#1914=AXIS2_PLACEMENT_3D('',#1915,#14,#13);
#1915=CARTESIAN_POINT('',(-0.36,3.931684054297,0.450095127207));
#1916=ADVANCED_FACE('',(#1917),#1931,.F.);
#1917=FACE_BOUND('',#1918,.F.);
#1918=EDGE_LOOP('',(#1919,#1920,#1927,#1930));
#1919=ORIENTED_EDGE('',*,*,#438,.T.);
#1920=ORIENTED_EDGE('',*,*,#1921,.T.);
#1921=EDGE_CURVE('',#433,#1922,#1924,.T.);
#1922=VERTEX_POINT('',#1923);
#1923=CARTESIAN_POINT('',(-0.14,3.839411236764,0.642364817767));
#1924=CIRCLE('',#1925,1.E-01);
#1925=AXIS2_PLACEMENT_3D('',#1926,#168,#13);
#1926=CARTESIAN_POINT('',(-0.14,3.740930461463,0.625));
#1927=ORIENTED_EDGE('',*,*,#1928,.F.);
#1928=EDGE_CURVE('',#1863,#1922,#1929,.T.);
#1929=LINE('',#1864,#27);
#1930=ORIENTED_EDGE('',*,*,#1862,.F.);
#1931=CYLINDRICAL_SURFACE('',#1866,1.E-01);
#1932=ADVANCED_FACE('',(#1933),#1982,.T.);
#1933=FACE_BOUND('',#1934,.T.);
#1934=EDGE_LOOP('',(#445,#431,#1920,#1935,#1940,#1947,#1952,#1957,#1962,#1968,#1973,#1979));
#1935=ORIENTED_EDGE('',*,*,#1936,.T.);
#1936=EDGE_CURVE('',#1922,#1937,#1939,.T.);
#1937=VERTEX_POINT('',#1938);
#1938=CARTESIAN_POINT('',(-0.14,3.904405751626,0.239642028477));
#1939=LINE('',#1923,#1142);
#1940=ORIENTED_EDGE('',*,*,#1941,.T.);
#1941=EDGE_CURVE('',#1937,#1942,#1944,.T.);
#1942=VERTEX_POINT('',#1943);
#1943=CARTESIAN_POINT('',(-0.14,4.19,-2.22044604925E-16));
#1944=CIRCLE('',#1945,0.29);
#1945=AXIS2_PLACEMENT_3D('',#1946,#14,#1151);
#1946=CARTESIAN_POINT('',(-0.14,4.19,0.29));
#1947=ORIENTED_EDGE('',*,*,#1948,.T.);
#1948=EDGE_CURVE('',#1942,#1949,#1951,.T.);
#1949=VERTEX_POINT('',#1950);
#1950=CARTESIAN_POINT('',(-0.14,4.5,-2.22044604925E-16));
#1951=LINE('',#1943,#181);
#1952=ORIENTED_EDGE('',*,*,#1953,.T.);
#1953=EDGE_CURVE('',#1949,#1954,#1956,.T.);
#1954=VERTEX_POINT('',#1955);
#1955=CARTESIAN_POINT('',(-0.14,4.5,0.15));
#1956=LINE('',#1950,#220);
#1957=ORIENTED_EDGE('',*,*,#1958,.T.);
#1958=EDGE_CURVE('',#1954,#1959,#1961,.T.);
#1959=VERTEX_POINT('',#1960);
#1960=CARTESIAN_POINT('',(-0.14,4.19,0.15));
#1961=LINE('',#1955,#153);
#1962=ORIENTED_EDGE('',*,*,#1963,.T.);
#1963=EDGE_CURVE('',#1959,#1964,#1966,.T.);
#1964=VERTEX_POINT('',#1965);
#1965=CARTESIAN_POINT('',(-0.14,4.052126914578,0.265689255127));
#1966=CIRCLE('',#1967,0.14);
#1967=AXIS2_PLACEMENT_3D('',#1946,#168,#190);
#1968=ORIENTED_EDGE('',*,*,#1969,.T.);
#1969=EDGE_CURVE('',#1964,#1970,#1972,.T.);
#1970=VERTEX_POINT('',#1971);
#1971=CARTESIAN_POINT('',(-0.14,3.987132399716,0.668412044417));
#1972=LINE('',#1965,#1178);
#1973=ORIENTED_EDGE('',*,*,#1974,.T.);
#1974=EDGE_CURVE('',#1970,#1975,#1977,.T.);
#1975=VERTEX_POINT('',#1976);
#1976=CARTESIAN_POINT('',(-0.14,3.740930461463,0.875));
#1977=CIRCLE('',#1978,0.25);
#1978=AXIS2_PLACEMENT_3D('',#1926,#14,#1185);
#1979=ORIENTED_EDGE('',*,*,#1980,.T.);
#1980=EDGE_CURVE('',#1975,#447,#1981,.T.);
#1981=LINE('',#1976,#153);
#1982=PLANE('',#1983);
#1983=AXIS2_PLACEMENT_3D('',#1984,#14,#13);
#1984=CARTESIAN_POINT('',(-0.14,3.931684054297,0.450095127207));
#1985=ADVANCED_FACE('',(#1986),#1122,.F.);
#1986=FACE_BOUND('',#1987,.F.);
#1987=EDGE_LOOP('',(#1988,#1992,#1993,#1999));
#1988=ORIENTED_EDGE('',*,*,#1989,.F.);
#1989=EDGE_CURVE('',#447,#1990,#1981,.T.);
#1990=VERTEX_POINT('',#1991);
#1991=CARTESIAN_POINT('',(-0.14,3.425,0.875));
#1992=ORIENTED_EDGE('',*,*,#459,.T.);
#1993=ORIENTED_EDGE('',*,*,#1994,.T.);
#1994=EDGE_CURVE('',#454,#1995,#1997,.T.);
#1995=VERTEX_POINT('',#1996);
#1996=CARTESIAN_POINT('',(0.14,3.425,0.875));
#1997=LINE('',#1998,#153);
#1998=CARTESIAN_POINT('',(0.14,3.740930461463,0.875));
#1999=ORIENTED_EDGE('',*,*,#2000,.F.);
#2000=EDGE_CURVE('',#1990,#1995,#1100,.T.);
#2001=ADVANCED_FACE('',(#2002),#2058,.F.);
#2002=FACE_BOUND('',#2003,.F.);
#2003=EDGE_LOOP('',(#2004,#2005,#2006,#2013,#2018,#2025,#2030,#2035,#2040,#2046,#2051,#2056));
#2004=ORIENTED_EDGE('',*,*,#453,.F.);
#2005=ORIENTED_EDGE('',*,*,#464,.T.);
#2006=ORIENTED_EDGE('',*,*,#2007,.T.);
#2007=EDGE_CURVE('',#465,#2008,#2010,.T.);
#2008=VERTEX_POINT('',#2009);
#2009=CARTESIAN_POINT('',(0.14,3.839411236764,0.642364817767));
#2010=CIRCLE('',#2011,1.E-01);
#2011=AXIS2_PLACEMENT_3D('',#2012,#168,#13);
#2012=CARTESIAN_POINT('',(0.14,3.740930461463,0.625));
#2013=ORIENTED_EDGE('',*,*,#2014,.T.);
#2014=EDGE_CURVE('',#2008,#2015,#2017,.T.);
#2015=VERTEX_POINT('',#2016);
#2016=CARTESIAN_POINT('',(0.14,3.904405751626,0.239642028477));
#2017=LINE('',#2009,#1142);
#2018=ORIENTED_EDGE('',*,*,#2019,.T.);
#2019=EDGE_CURVE('',#2015,#2020,#2022,.T.);
#2020=VERTEX_POINT('',#2021);
#2021=CARTESIAN_POINT('',(0.14,4.19,-2.22044604925E-16));
#2022=CIRCLE('',#2023,0.29);
#2023=AXIS2_PLACEMENT_3D('',#2024,#14,#1151);
#2024=CARTESIAN_POINT('',(0.14,4.19,0.29));
#2025=ORIENTED_EDGE('',*,*,#2026,.T.);
#2026=EDGE_CURVE('',#2020,#2027,#2029,.T.);
#2027=VERTEX_POINT('',#2028);
#2028=CARTESIAN_POINT('',(0.14,4.5,-2.22044604925E-16));
#2029=LINE('',#2021,#181);
#2030=ORIENTED_EDGE('',*,*,#2031,.T.);
#2031=EDGE_CURVE('',#2027,#2032,#2034,.T.);
#2032=VERTEX_POINT('',#2033);
#2033=CARTESIAN_POINT('',(0.14,4.5,0.15));
#2034=LINE('',#2028,#220);
#2035=ORIENTED_EDGE('',*,*,#2036,.T.);
#2036=EDGE_CURVE('',#2032,#2037,#2039,.T.);
#2037=VERTEX_POINT('',#2038);
#2038=CARTESIAN_POINT('',(0.14,4.19,0.15));
#2039=LINE('',#2033,#153);
#2040=ORIENTED_EDGE('',*,*,#2041,.T.);
#2041=EDGE_CURVE('',#2037,#2042,#2044,.T.);
#2042=VERTEX_POINT('',#2043);
#2043=CARTESIAN_POINT('',(0.14,4.052126914578,0.265689255127));
#2044=CIRCLE('',#2045,0.14);
#2045=AXIS2_PLACEMENT_3D('',#2024,#168,#190);
#2046=ORIENTED_EDGE('',*,*,#2047,.T.);
#2047=EDGE_CURVE('',#2042,#2048,#2050,.T.);
#2048=VERTEX_POINT('',#2049);
#2049=CARTESIAN_POINT('',(0.14,3.987132399716,0.668412044417));
#2050=LINE('',#2043,#1178);
#2051=ORIENTED_EDGE('',*,*,#2052,.T.);
#2052=EDGE_CURVE('',#2048,#2053,#2054,.T.);
#2053=VERTEX_POINT('',#1998);
#2054=CIRCLE('',#2055,0.25);
#2055=AXIS2_PLACEMENT_3D('',#2012,#14,#1185);
#2056=ORIENTED_EDGE('',*,*,#2057,.T.);
#2057=EDGE_CURVE('',#2053,#454,#1997,.T.);
#2058=PLANE('',#2059);
#2059=AXIS2_PLACEMENT_3D('',#2060,#14,#13);
#2060=CARTESIAN_POINT('',(0.14,3.931684054297,0.450095127207));
#2061=ADVANCED_FACE('',(#2062),#2076,.F.);
#2062=FACE_BOUND('',#2063,.F.);
#2063=EDGE_LOOP('',(#2064,#2065,#2072,#2075));
#2064=ORIENTED_EDGE('',*,*,#477,.T.);
#2065=ORIENTED_EDGE('',*,*,#2066,.T.);
#2066=EDGE_CURVE('',#472,#2067,#2069,.T.);
#2067=VERTEX_POINT('',#2068);
#2068=CARTESIAN_POINT('',(0.36,3.839411236764,0.642364817767));
#2069=CIRCLE('',#2070,1.E-01);
#2070=AXIS2_PLACEMENT_3D('',#2071,#168,#13);
#2071=CARTESIAN_POINT('',(0.36,3.740930461463,0.625));
#2072=ORIENTED_EDGE('',*,*,#2073,.F.);
#2073=EDGE_CURVE('',#2008,#2067,#2074,.T.);
#2074=LINE('',#2009,#27);
#2075=ORIENTED_EDGE('',*,*,#2007,.F.);
#2076=CYLINDRICAL_SURFACE('',#2011,1.E-01);
#2077=ADVANCED_FACE('',(#2078),#2127,.T.);
#2078=FACE_BOUND('',#2079,.T.);
#2079=EDGE_LOOP('',(#484,#470,#2065,#2080,#2085,#2092,#2097,#2102,#2107,#2113,#2118,#2124));
#2080=ORIENTED_EDGE('',*,*,#2081,.T.);
#2081=EDGE_CURVE('',#2067,#2082,#2084,.T.);
#2082=VERTEX_POINT('',#2083);
#2083=CARTESIAN_POINT('',(0.36,3.904405751626,0.239642028477));
#2084=LINE('',#2068,#1142);
#2085=ORIENTED_EDGE('',*,*,#2086,.T.);
#2086=EDGE_CURVE('',#2082,#2087,#2089,.T.);
#2087=VERTEX_POINT('',#2088);
#2088=CARTESIAN_POINT('',(0.36,4.19,-2.22044604925E-16));
#2089=CIRCLE('',#2090,0.29);
#2090=AXIS2_PLACEMENT_3D('',#2091,#14,#1151);
#2091=CARTESIAN_POINT('',(0.36,4.19,0.29));
#2092=ORIENTED_EDGE('',*,*,#2093,.T.);
#2093=EDGE_CURVE('',#2087,#2094,#2096,.T.);
#2094=VERTEX_POINT('',#2095);
#2095=CARTESIAN_POINT('',(0.36,4.5,-2.22044604925E-16));
#2096=LINE('',#2088,#181);
#2097=ORIENTED_EDGE('',*,*,#2098,.T.);
#2098=EDGE_CURVE('',#2094,#2099,#2101,.T.);
#2099=VERTEX_POINT('',#2100);
#2100=CARTESIAN_POINT('',(0.36,4.5,0.15));
#2101=LINE('',#2095,#220);
#2102=ORIENTED_EDGE('',*,*,#2103,.T.);
#2103=EDGE_CURVE('',#2099,#2104,#2106,.T.);
#2104=VERTEX_POINT('',#2105);
#2105=CARTESIAN_POINT('',(0.36,4.19,0.15));
#2106=LINE('',#2100,#153);
#2107=ORIENTED_EDGE('',*,*,#2108,.T.);
#2108=EDGE_CURVE('',#2104,#2109,#2111,.T.);
#2109=VERTEX_POINT('',#2110);
#2110=CARTESIAN_POINT('',(0.36,4.052126914578,0.265689255127));
#2111=CIRCLE('',#2112,0.14);
#2112=AXIS2_PLACEMENT_3D('',#2091,#168,#190);
#2113=ORIENTED_EDGE('',*,*,#2114,.T.);
#2114=EDGE_CURVE('',#2109,#2115,#2117,.T.);
#2115=VERTEX_POINT('',#2116);
#2116=CARTESIAN_POINT('',(0.36,3.987132399716,0.668412044417));
#2117=LINE('',#2110,#1178);
#2118=ORIENTED_EDGE('',*,*,#2119,.T.);
#2119=EDGE_CURVE('',#2115,#2120,#2122,.T.);
#2120=VERTEX_POINT('',#2121);
#2121=CARTESIAN_POINT('',(0.36,3.740930461463,0.875));
#2122=CIRCLE('',#2123,0.25);
#2123=AXIS2_PLACEMENT_3D('',#2071,#14,#1185);
#2124=ORIENTED_EDGE('',*,*,#2125,.T.);
#2125=EDGE_CURVE('',#2120,#486,#2126,.T.);
#2126=LINE('',#2121,#153);
#2127=PLANE('',#2128);
#2128=AXIS2_PLACEMENT_3D('',#2129,#14,#13);
#2129=CARTESIAN_POINT('',(0.36,3.931684054297,0.450095127207));
#2130=ADVANCED_FACE('',(#2131),#1122,.F.);
#2131=FACE_BOUND('',#2132,.F.);
#2132=EDGE_LOOP('',(#2133,#2137,#2138,#2144));
#2133=ORIENTED_EDGE('',*,*,#2134,.F.);
#2134=EDGE_CURVE('',#486,#2135,#2126,.T.);
#2135=VERTEX_POINT('',#2136);
#2136=CARTESIAN_POINT('',(0.36,3.425,0.875));
#2137=ORIENTED_EDGE('',*,*,#498,.T.);
#2138=ORIENTED_EDGE('',*,*,#2139,.T.);
#2139=EDGE_CURVE('',#493,#2140,#2142,.T.);
#2140=VERTEX_POINT('',#2141);
#2141=CARTESIAN_POINT('',(0.64,3.425,0.875));
#2142=LINE('',#2143,#153);
#2143=CARTESIAN_POINT('',(0.64,3.740930461463,0.875));
#2144=ORIENTED_EDGE('',*,*,#2145,.F.);
#2145=EDGE_CURVE('',#2135,#2140,#1100,.T.);
#2146=ADVANCED_FACE('',(#2147),#2203,.F.);
#2147=FACE_BOUND('',#2148,.F.);
#2148=EDGE_LOOP('',(#2149,#2150,#2151,#2158,#2163,#2170,#2175,#2180,#2185,#2191,#2196,#2201));
#2149=ORIENTED_EDGE('',*,*,#492,.F.);
#2150=ORIENTED_EDGE('',*,*,#503,.T.);
#2151=ORIENTED_EDGE('',*,*,#2152,.T.);
#2152=EDGE_CURVE('',#504,#2153,#2155,.T.);
#2153=VERTEX_POINT('',#2154);
#2154=CARTESIAN_POINT('',(0.64,3.839411236764,0.642364817767));
#2155=CIRCLE('',#2156,1.E-01);
#2156=AXIS2_PLACEMENT_3D('',#2157,#168,#13);
#2157=CARTESIAN_POINT('',(0.64,3.740930461463,0.625));
#2158=ORIENTED_EDGE('',*,*,#2159,.T.);
#2159=EDGE_CURVE('',#2153,#2160,#2162,.T.);
#2160=VERTEX_POINT('',#2161);
#2161=CARTESIAN_POINT('',(0.64,3.904405751626,0.239642028477));
#2162=LINE('',#2154,#1142);
#2163=ORIENTED_EDGE('',*,*,#2164,.T.);
#2164=EDGE_CURVE('',#2160,#2165,#2167,.T.);
#2165=VERTEX_POINT('',#2166);
#2166=CARTESIAN_POINT('',(0.64,4.19,-2.22044604925E-16));
#2167=CIRCLE('',#2168,0.29);
#2168=AXIS2_PLACEMENT_3D('',#2169,#14,#1151);
#2169=CARTESIAN_POINT('',(0.64,4.19,0.29));
#2170=ORIENTED_EDGE('',*,*,#2171,.T.);
#2171=EDGE_CURVE('',#2165,#2172,#2174,.T.);
#2172=VERTEX_POINT('',#2173);
#2173=CARTESIAN_POINT('',(0.64,4.5,-2.22044604925E-16));
#2174=LINE('',#2166,#181);
#2175=ORIENTED_EDGE('',*,*,#2176,.T.);
#2176=EDGE_CURVE('',#2172,#2177,#2179,.T.);
#2177=VERTEX_POINT('',#2178);
#2178=CARTESIAN_POINT('',(0.64,4.5,0.15));
#2179=LINE('',#2173,#220);
#2180=ORIENTED_EDGE('',*,*,#2181,.T.);
#2181=EDGE_CURVE('',#2177,#2182,#2184,.T.);
#2182=VERTEX_POINT('',#2183);
#2183=CARTESIAN_POINT('',(0.64,4.19,0.15));
#2184=LINE('',#2178,#153);
#2185=ORIENTED_EDGE('',*,*,#2186,.T.);
#2186=EDGE_CURVE('',#2182,#2187,#2189,.T.);
#2187=VERTEX_POINT('',#2188);
#2188=CARTESIAN_POINT('',(0.64,4.052126914578,0.265689255127));
#2189=CIRCLE('',#2190,0.14);
#2190=AXIS2_PLACEMENT_3D('',#2169,#168,#190);
#2191=ORIENTED_EDGE('',*,*,#2192,.T.);
#2192=EDGE_CURVE('',#2187,#2193,#2195,.T.);
#2193=VERTEX_POINT('',#2194);
#2194=CARTESIAN_POINT('',(0.64,3.987132399716,0.668412044417));
#2195=LINE('',#2188,#1178);
#2196=ORIENTED_EDGE('',*,*,#2197,.T.);
#2197=EDGE_CURVE('',#2193,#2198,#2199,.T.);
#2198=VERTEX_POINT('',#2143);
#2199=CIRCLE('',#2200,0.25);
#2200=AXIS2_PLACEMENT_3D('',#2157,#14,#1185);
#2201=ORIENTED_EDGE('',*,*,#2202,.T.);
#2202=EDGE_CURVE('',#2198,#493,#2142,.T.);
#2203=PLANE('',#2204);
#2204=AXIS2_PLACEMENT_3D('',#2205,#14,#13);
#2205=CARTESIAN_POINT('',(0.64,3.931684054297,0.450095127207));
#2206=ADVANCED_FACE('',(#2207),#2221,.F.);
#2207=FACE_BOUND('',#2208,.F.);
#2208=EDGE_LOOP('',(#2209,#2210,#2217,#2220));
#2209=ORIENTED_EDGE('',*,*,#516,.T.);
#2210=ORIENTED_EDGE('',*,*,#2211,.T.);
#2211=EDGE_CURVE('',#511,#2212,#2214,.T.);
#2212=VERTEX_POINT('',#2213);
#2213=CARTESIAN_POINT('',(0.86,3.839411236764,0.642364817767));
#2214=CIRCLE('',#2215,1.E-01);
#2215=AXIS2_PLACEMENT_3D('',#2216,#168,#13);
#2216=CARTESIAN_POINT('',(0.86,3.740930461463,0.625));
#2217=ORIENTED_EDGE('',*,*,#2218,.F.);
#2218=EDGE_CURVE('',#2153,#2212,#2219,.T.);
#2219=LINE('',#2154,#27);
#2220=ORIENTED_EDGE('',*,*,#2152,.F.);
#2221=CYLINDRICAL_SURFACE('',#2156,1.E-01);
#2222=ADVANCED_FACE('',(#2223),#2272,.T.);
#2223=FACE_BOUND('',#2224,.T.);
#2224=EDGE_LOOP('',(#523,#509,#2210,#2225,#2230,#2237,#2242,#2247,#2252,#2258,#2263,#2269));
#2225=ORIENTED_EDGE('',*,*,#2226,.T.);
#2226=EDGE_CURVE('',#2212,#2227,#2229,.T.);
#2227=VERTEX_POINT('',#2228);
#2228=CARTESIAN_POINT('',(0.86,3.904405751626,0.239642028477));
#2229=LINE('',#2213,#1142);
#2230=ORIENTED_EDGE('',*,*,#2231,.T.);
#2231=EDGE_CURVE('',#2227,#2232,#2234,.T.);
#2232=VERTEX_POINT('',#2233);
#2233=CARTESIAN_POINT('',(0.86,4.19,-2.22044604925E-16));
#2234=CIRCLE('',#2235,0.29);
#2235=AXIS2_PLACEMENT_3D('',#2236,#14,#1151);
#2236=CARTESIAN_POINT('',(0.86,4.19,0.29));
#2237=ORIENTED_EDGE('',*,*,#2238,.T.);
#2238=EDGE_CURVE('',#2232,#2239,#2241,.T.);
#2239=VERTEX_POINT('',#2240);
#2240=CARTESIAN_POINT('',(0.86,4.5,-2.22044604925E-16));
#2241=LINE('',#2233,#181);
#2242=ORIENTED_EDGE('',*,*,#2243,.T.);
#2243=EDGE_CURVE('',#2239,#2244,#2246,.T.);
#2244=VERTEX_POINT('',#2245);
#2245=CARTESIAN_POINT('',(0.86,4.5,0.15));
#2246=LINE('',#2240,#220);
#2247=ORIENTED_EDGE('',*,*,#2248,.T.);
#2248=EDGE_CURVE('',#2244,#2249,#2251,.T.);
#2249=VERTEX_POINT('',#2250);
#2250=CARTESIAN_POINT('',(0.86,4.19,0.15));
#2251=LINE('',#2245,#153);
#2252=ORIENTED_EDGE('',*,*,#2253,.T.);
#2253=EDGE_CURVE('',#2249,#2254,#2256,.T.);
#2254=VERTEX_POINT('',#2255);
#2255=CARTESIAN_POINT('',(0.86,4.052126914578,0.265689255127));
#2256=CIRCLE('',#2257,0.14);
#2257=AXIS2_PLACEMENT_3D('',#2236,#168,#190);
#2258=ORIENTED_EDGE('',*,*,#2259,.T.);
#2259=EDGE_CURVE('',#2254,#2260,#2262,.T.);
#2260=VERTEX_POINT('',#2261);
#2261=CARTESIAN_POINT('',(0.86,3.987132399716,0.668412044417));
#2262=LINE('',#2255,#1178);
#2263=ORIENTED_EDGE('',*,*,#2264,.T.);
#2264=EDGE_CURVE('',#2260,#2265,#2267,.T.);
#2265=VERTEX_POINT('',#2266);
#2266=CARTESIAN_POINT('',(0.86,3.740930461463,0.875));
#2267=CIRCLE('',#2268,0.25);
#2268=AXIS2_PLACEMENT_3D('',#2216,#14,#1185);
#2269=ORIENTED_EDGE('',*,*,#2270,.T.);
#2270=EDGE_CURVE('',#2265,#525,#2271,.T.);
#2271=LINE('',#2266,#153);
#2272=PLANE('',#2273);
#2273=AXIS2_PLACEMENT_3D('',#2274,#14,#13);
#2274=CARTESIAN_POINT('',(0.86,3.931684054297,0.450095127207));
#2275=ADVANCED_FACE('',(#2276),#1122,.F.);
#2276=FACE_BOUND('',#2277,.F.);
#2277=EDGE_LOOP('',(#2278,#2282,#2283,#2289));
#2278=ORIENTED_EDGE('',*,*,#2279,.F.);
#2279=EDGE_CURVE('',#525,#2280,#2271,.T.);
#2280=VERTEX_POINT('',#2281);
#2281=CARTESIAN_POINT('',(0.86,3.425,0.875));
#2282=ORIENTED_EDGE('',*,*,#537,.T.);
#2283=ORIENTED_EDGE('',*,*,#2284,.T.);
#2284=EDGE_CURVE('',#532,#2285,#2287,.T.);
#2285=VERTEX_POINT('',#2286);
#2286=CARTESIAN_POINT('',(1.14,3.425,0.875));
#2287=LINE('',#2288,#153);
#2288=CARTESIAN_POINT('',(1.14,3.740930461463,0.875));
#2289=ORIENTED_EDGE('',*,*,#2290,.F.);
#2290=EDGE_CURVE('',#2280,#2285,#1100,.T.);
#2291=ADVANCED_FACE('',(#2292),#2348,.F.);
#2292=FACE_BOUND('',#2293,.F.);
#2293=EDGE_LOOP('',(#2294,#2295,#2296,#2303,#2308,#2315,#2320,#2325,#2330,#2336,#2341,#2346));
#2294=ORIENTED_EDGE('',*,*,#531,.F.);
#2295=ORIENTED_EDGE('',*,*,#542,.T.);
#2296=ORIENTED_EDGE('',*,*,#2297,.T.);
#2297=EDGE_CURVE('',#543,#2298,#2300,.T.);
#2298=VERTEX_POINT('',#2299);
#2299=CARTESIAN_POINT('',(1.14,3.839411236764,0.642364817767));
#2300=CIRCLE('',#2301,1.E-01);
#2301=AXIS2_PLACEMENT_3D('',#2302,#168,#13);
#2302=CARTESIAN_POINT('',(1.14,3.740930461463,0.625));
#2303=ORIENTED_EDGE('',*,*,#2304,.T.);
#2304=EDGE_CURVE('',#2298,#2305,#2307,.T.);
#2305=VERTEX_POINT('',#2306);
#2306=CARTESIAN_POINT('',(1.14,3.904405751626,0.239642028477));
#2307=LINE('',#2299,#1142);
#2308=ORIENTED_EDGE('',*,*,#2309,.T.);
#2309=EDGE_CURVE('',#2305,#2310,#2312,.T.);
#2310=VERTEX_POINT('',#2311);
#2311=CARTESIAN_POINT('',(1.14,4.19,-2.22044604925E-16));
#2312=CIRCLE('',#2313,0.29);
#2313=AXIS2_PLACEMENT_3D('',#2314,#14,#1151);
#2314=CARTESIAN_POINT('',(1.14,4.19,0.29));
#2315=ORIENTED_EDGE('',*,*,#2316,.T.);
#2316=EDGE_CURVE('',#2310,#2317,#2319,.T.);
#2317=VERTEX_POINT('',#2318);
#2318=CARTESIAN_POINT('',(1.14,4.5,-2.22044604925E-16));
#2319=LINE('',#2311,#181);
#2320=ORIENTED_EDGE('',*,*,#2321,.T.);
#2321=EDGE_CURVE('',#2317,#2322,#2324,.T.);
#2322=VERTEX_POINT('',#2323);
#2323=CARTESIAN_POINT('',(1.14,4.5,0.15));
#2324=LINE('',#2318,#220);
#2325=ORIENTED_EDGE('',*,*,#2326,.T.);
#2326=EDGE_CURVE('',#2322,#2327,#2329,.T.);
#2327=VERTEX_POINT('',#2328);
#2328=CARTESIAN_POINT('',(1.14,4.19,0.15));
#2329=LINE('',#2323,#153);
#2330=ORIENTED_EDGE('',*,*,#2331,.T.);
#2331=EDGE_CURVE('',#2327,#2332,#2334,.T.);
#2332=VERTEX_POINT('',#2333);
#2333=CARTESIAN_POINT('',(1.14,4.052126914578,0.265689255127));
#2334=CIRCLE('',#2335,0.14);
#2335=AXIS2_PLACEMENT_3D('',#2314,#168,#190);
#2336=ORIENTED_EDGE('',*,*,#2337,.T.);
#2337=EDGE_CURVE('',#2332,#2338,#2340,.T.);
#2338=VERTEX_POINT('',#2339);
#2339=CARTESIAN_POINT('',(1.14,3.987132399716,0.668412044417));
#2340=LINE('',#2333,#1178);
#2341=ORIENTED_EDGE('',*,*,#2342,.T.);
#2342=EDGE_CURVE('',#2338,#2343,#2344,.T.);
#2343=VERTEX_POINT('',#2288);
#2344=CIRCLE('',#2345,0.25);
#2345=AXIS2_PLACEMENT_3D('',#2302,#14,#1185);
#2346=ORIENTED_EDGE('',*,*,#2347,.T.);
#2347=EDGE_CURVE('',#2343,#532,#2287,.T.);
#2348=PLANE('',#2349);
#2349=AXIS2_PLACEMENT_3D('',#2350,#14,#13);
#2350=CARTESIAN_POINT('',(1.14,3.931684054297,0.450095127207));
#2351=ADVANCED_FACE('',(#2352),#2366,.F.);
#2352=FACE_BOUND('',#2353,.F.);
#2353=EDGE_LOOP('',(#2354,#2355,#2362,#2365));
#2354=ORIENTED_EDGE('',*,*,#555,.T.);
#2355=ORIENTED_EDGE('',*,*,#2356,.T.);
#2356=EDGE_CURVE('',#550,#2357,#2359,.T.);
#2357=VERTEX_POINT('',#2358);
#2358=CARTESIAN_POINT('',(1.36,3.839411236764,0.642364817767));
#2359=CIRCLE('',#2360,1.E-01);
#2360=AXIS2_PLACEMENT_3D('',#2361,#168,#13);
#2361=CARTESIAN_POINT('',(1.36,3.740930461463,0.625));
#2362=ORIENTED_EDGE('',*,*,#2363,.F.);
#2363=EDGE_CURVE('',#2298,#2357,#2364,.T.);
#2364=LINE('',#2299,#27);
#2365=ORIENTED_EDGE('',*,*,#2297,.F.);
#2366=CYLINDRICAL_SURFACE('',#2301,1.E-01);
#2367=ADVANCED_FACE('',(#2368),#2417,.T.);
#2368=FACE_BOUND('',#2369,.T.);
#2369=EDGE_LOOP('',(#562,#548,#2355,#2370,#2375,#2382,#2387,#2392,#2397,#2403,#2408,#2414));
#2370=ORIENTED_EDGE('',*,*,#2371,.T.);
#2371=EDGE_CURVE('',#2357,#2372,#2374,.T.);
#2372=VERTEX_POINT('',#2373);
#2373=CARTESIAN_POINT('',(1.36,3.904405751626,0.239642028477));
#2374=LINE('',#2358,#1142);
#2375=ORIENTED_EDGE('',*,*,#2376,.T.);
#2376=EDGE_CURVE('',#2372,#2377,#2379,.T.);
#2377=VERTEX_POINT('',#2378);
#2378=CARTESIAN_POINT('',(1.36,4.19,-2.22044604925E-16));
#2379=CIRCLE('',#2380,0.29);
#2380=AXIS2_PLACEMENT_3D('',#2381,#14,#1151);
#2381=CARTESIAN_POINT('',(1.36,4.19,0.29));
#2382=ORIENTED_EDGE('',*,*,#2383,.T.);
#2383=EDGE_CURVE('',#2377,#2384,#2386,.T.);
#2384=VERTEX_POINT('',#2385);
#2385=CARTESIAN_POINT('',(1.36,4.5,-2.22044604925E-16));
#2386=LINE('',#2378,#181);
#2387=ORIENTED_EDGE('',*,*,#2388,.T.);
#2388=EDGE_CURVE('',#2384,#2389,#2391,.T.);
#2389=VERTEX_POINT('',#2390);
#2390=CARTESIAN_POINT('',(1.36,4.5,0.15));
#2391=LINE('',#2385,#220);
#2392=ORIENTED_EDGE('',*,*,#2393,.T.);
#2393=EDGE_CURVE('',#2389,#2394,#2396,.T.);
#2394=VERTEX_POINT('',#2395);
#2395=CARTESIAN_POINT('',(1.36,4.19,0.15));
#2396=LINE('',#2390,#153);
#2397=ORIENTED_EDGE('',*,*,#2398,.T.);
#2398=EDGE_CURVE('',#2394,#2399,#2401,.T.);
#2399=VERTEX_POINT('',#2400);
#2400=CARTESIAN_POINT('',(1.36,4.052126914578,0.265689255127));
#2401=CIRCLE('',#2402,0.14);
#2402=AXIS2_PLACEMENT_3D('',#2381,#168,#190);
#2403=ORIENTED_EDGE('',*,*,#2404,.T.);
#2404=EDGE_CURVE('',#2399,#2405,#2407,.T.);
#2405=VERTEX_POINT('',#2406);
#2406=CARTESIAN_POINT('',(1.36,3.987132399716,0.668412044417));
#2407=LINE('',#2400,#1178);
#2408=ORIENTED_EDGE('',*,*,#2409,.T.);
#2409=EDGE_CURVE('',#2405,#2410,#2412,.T.);
#2410=VERTEX_POINT('',#2411);
#2411=CARTESIAN_POINT('',(1.36,3.740930461463,0.875));
#2412=CIRCLE('',#2413,0.25);
#2413=AXIS2_PLACEMENT_3D('',#2361,#14,#1185);
#2414=ORIENTED_EDGE('',*,*,#2415,.T.);
#2415=EDGE_CURVE('',#2410,#564,#2416,.T.);
#2416=LINE('',#2411,#153);
#2417=PLANE('',#2418);
#2418=AXIS2_PLACEMENT_3D('',#2419,#14,#13);
#2419=CARTESIAN_POINT('',(1.36,3.931684054297,0.450095127207));
#2420=ADVANCED_FACE('',(#2421),#1122,.F.);
#2421=FACE_BOUND('',#2422,.F.);
#2422=EDGE_LOOP('',(#2423,#2427,#2428,#2434));
#2423=ORIENTED_EDGE('',*,*,#2424,.F.);
#2424=EDGE_CURVE('',#564,#2425,#2416,.T.);
#2425=VERTEX_POINT('',#2426);
#2426=CARTESIAN_POINT('',(1.36,3.425,0.875));
#2427=ORIENTED_EDGE('',*,*,#576,.T.);
#2428=ORIENTED_EDGE('',*,*,#2429,.T.);
#2429=EDGE_CURVE('',#571,#2430,#2432,.T.);
#2430=VERTEX_POINT('',#2431);
#2431=CARTESIAN_POINT('',(1.64,3.425,0.875));
#2432=LINE('',#2433,#153);
#2433=CARTESIAN_POINT('',(1.64,3.740930461463,0.875));
#2434=ORIENTED_EDGE('',*,*,#2435,.F.);
#2435=EDGE_CURVE('',#2425,#2430,#1100,.T.);
#2436=ADVANCED_FACE('',(#2437),#2493,.F.);
#2437=FACE_BOUND('',#2438,.F.);
#2438=EDGE_LOOP('',(#2439,#2440,#2441,#2448,#2453,#2460,#2465,#2470,#2475,#2481,#2486,#2491));
#2439=ORIENTED_EDGE('',*,*,#570,.F.);
#2440=ORIENTED_EDGE('',*,*,#581,.T.);
#2441=ORIENTED_EDGE('',*,*,#2442,.T.);
#2442=EDGE_CURVE('',#582,#2443,#2445,.T.);
#2443=VERTEX_POINT('',#2444);
#2444=CARTESIAN_POINT('',(1.64,3.839411236764,0.642364817767));
#2445=CIRCLE('',#2446,1.E-01);
#2446=AXIS2_PLACEMENT_3D('',#2447,#168,#13);
#2447=CARTESIAN_POINT('',(1.64,3.740930461463,0.625));
#2448=ORIENTED_EDGE('',*,*,#2449,.T.);
#2449=EDGE_CURVE('',#2443,#2450,#2452,.T.);
#2450=VERTEX_POINT('',#2451);
#2451=CARTESIAN_POINT('',(1.64,3.904405751626,0.239642028477));
#2452=LINE('',#2444,#1142);
#2453=ORIENTED_EDGE('',*,*,#2454,.T.);
#2454=EDGE_CURVE('',#2450,#2455,#2457,.T.);
#2455=VERTEX_POINT('',#2456);
#2456=CARTESIAN_POINT('',(1.64,4.19,-2.22044604925E-16));
#2457=CIRCLE('',#2458,0.29);
#2458=AXIS2_PLACEMENT_3D('',#2459,#14,#1151);
#2459=CARTESIAN_POINT('',(1.64,4.19,0.29));
#2460=ORIENTED_EDGE('',*,*,#2461,.T.);
#2461=EDGE_CURVE('',#2455,#2462,#2464,.T.);
#2462=VERTEX_POINT('',#2463);
#2463=CARTESIAN_POINT('',(1.64,4.5,-2.22044604925E-16));
#2464=LINE('',#2456,#181);
#2465=ORIENTED_EDGE('',*,*,#2466,.T.);
#2466=EDGE_CURVE('',#2462,#2467,#2469,.T.);
#2467=VERTEX_POINT('',#2468);
#2468=CARTESIAN_POINT('',(1.64,4.5,0.15));
#2469=LINE('',#2463,#220);
#2470=ORIENTED_EDGE('',*,*,#2471,.T.);
#2471=EDGE_CURVE('',#2467,#2472,#2474,.T.);
#2472=VERTEX_POINT('',#2473);
#2473=CARTESIAN_POINT('',(1.64,4.19,0.15));
#2474=LINE('',#2468,#153);
#2475=ORIENTED_EDGE('',*,*,#2476,.T.);
#2476=EDGE_CURVE('',#2472,#2477,#2479,.T.);
#2477=VERTEX_POINT('',#2478);
#2478=CARTESIAN_POINT('',(1.64,4.052126914578,0.265689255127));
#2479=CIRCLE('',#2480,0.14);
#2480=AXIS2_PLACEMENT_3D('',#2459,#168,#190);
#2481=ORIENTED_EDGE('',*,*,#2482,.T.);
#2482=EDGE_CURVE('',#2477,#2483,#2485,.T.);
#2483=VERTEX_POINT('',#2484);
#2484=CARTESIAN_POINT('',(1.64,3.987132399716,0.668412044417));
#2485=LINE('',#2478,#1178);
#2486=ORIENTED_EDGE('',*,*,#2487,.T.);
#2487=EDGE_CURVE('',#2483,#2488,#2489,.T.);
#2488=VERTEX_POINT('',#2433);
#2489=CIRCLE('',#2490,0.25);
#2490=AXIS2_PLACEMENT_3D('',#2447,#14,#1185);
#2491=ORIENTED_EDGE('',*,*,#2492,.T.);
#2492=EDGE_CURVE('',#2488,#571,#2432,.T.);
#2493=PLANE('',#2494);
#2494=AXIS2_PLACEMENT_3D('',#2495,#14,#13);
#2495=CARTESIAN_POINT('',(1.64,3.931684054297,0.450095127207));
#2496=ADVANCED_FACE('',(#2497),#2511,.F.);
#2497=FACE_BOUND('',#2498,.F.);
#2498=EDGE_LOOP('',(#2499,#2500,#2507,#2510));
#2499=ORIENTED_EDGE('',*,*,#594,.T.);
#2500=ORIENTED_EDGE('',*,*,#2501,.T.);
#2501=EDGE_CURVE('',#589,#2502,#2504,.T.);
#2502=VERTEX_POINT('',#2503);
#2503=CARTESIAN_POINT('',(1.86,3.839411236764,0.642364817767));
#2504=CIRCLE('',#2505,1.E-01);
#2505=AXIS2_PLACEMENT_3D('',#2506,#168,#13);
#2506=CARTESIAN_POINT('',(1.86,3.740930461463,0.625));
#2507=ORIENTED_EDGE('',*,*,#2508,.F.);
#2508=EDGE_CURVE('',#2443,#2502,#2509,.T.);
#2509=LINE('',#2444,#27);
#2510=ORIENTED_EDGE('',*,*,#2442,.F.);
#2511=CYLINDRICAL_SURFACE('',#2446,1.E-01);
#2512=ADVANCED_FACE('',(#2513),#2562,.T.);
#2513=FACE_BOUND('',#2514,.T.);
#2514=EDGE_LOOP('',(#601,#587,#2500,#2515,#2520,#2527,#2532,#2537,#2542,#2548,#2553,#2559));
#2515=ORIENTED_EDGE('',*,*,#2516,.T.);
#2516=EDGE_CURVE('',#2502,#2517,#2519,.T.);
#2517=VERTEX_POINT('',#2518);
#2518=CARTESIAN_POINT('',(1.86,3.904405751626,0.239642028477));
#2519=LINE('',#2503,#1142);
#2520=ORIENTED_EDGE('',*,*,#2521,.T.);
#2521=EDGE_CURVE('',#2517,#2522,#2524,.T.);
#2522=VERTEX_POINT('',#2523);
#2523=CARTESIAN_POINT('',(1.86,4.19,-2.22044604925E-16));
#2524=CIRCLE('',#2525,0.29);
#2525=AXIS2_PLACEMENT_3D('',#2526,#14,#1151);
#2526=CARTESIAN_POINT('',(1.86,4.19,0.29));
#2527=ORIENTED_EDGE('',*,*,#2528,.T.);
#2528=EDGE_CURVE('',#2522,#2529,#2531,.T.);
#2529=VERTEX_POINT('',#2530);
#2530=CARTESIAN_POINT('',(1.86,4.5,-2.22044604925E-16));
#2531=LINE('',#2523,#181);
#2532=ORIENTED_EDGE('',*,*,#2533,.T.);
#2533=EDGE_CURVE('',#2529,#2534,#2536,.T.);
#2534=VERTEX_POINT('',#2535);
#2535=CARTESIAN_POINT('',(1.86,4.5,0.15));
#2536=LINE('',#2530,#220);
#2537=ORIENTED_EDGE('',*,*,#2538,.T.);
#2538=EDGE_CURVE('',#2534,#2539,#2541,.T.);
#2539=VERTEX_POINT('',#2540);
#2540=CARTESIAN_POINT('',(1.86,4.19,0.15));
#2541=LINE('',#2535,#153);
#2542=ORIENTED_EDGE('',*,*,#2543,.T.);
#2543=EDGE_CURVE('',#2539,#2544,#2546,.T.);
#2544=VERTEX_POINT('',#2545);
#2545=CARTESIAN_POINT('',(1.86,4.052126914578,0.265689255127));
#2546=CIRCLE('',#2547,0.14);
#2547=AXIS2_PLACEMENT_3D('',#2526,#168,#190);
#2548=ORIENTED_EDGE('',*,*,#2549,.T.);
#2549=EDGE_CURVE('',#2544,#2550,#2552,.T.);
#2550=VERTEX_POINT('',#2551);
#2551=CARTESIAN_POINT('',(1.86,3.987132399716,0.668412044417));
#2552=LINE('',#2545,#1178);
#2553=ORIENTED_EDGE('',*,*,#2554,.T.);
#2554=EDGE_CURVE('',#2550,#2555,#2557,.T.);
#2555=VERTEX_POINT('',#2556);
#2556=CARTESIAN_POINT('',(1.86,3.740930461463,0.875));
#2557=CIRCLE('',#2558,0.25);
#2558=AXIS2_PLACEMENT_3D('',#2506,#14,#1185);
#2559=ORIENTED_EDGE('',*,*,#2560,.T.);
#2560=EDGE_CURVE('',#2555,#603,#2561,.T.);
#2561=LINE('',#2556,#153);
#2562=PLANE('',#2563);
#2563=AXIS2_PLACEMENT_3D('',#2564,#14,#13);
#2564=CARTESIAN_POINT('',(1.86,3.931684054297,0.450095127207));
#2565=ADVANCED_FACE('',(#2566),#1122,.F.);
#2566=FACE_BOUND('',#2567,.F.);
#2567=EDGE_LOOP('',(#2568,#2572,#2573,#2579));
#2568=ORIENTED_EDGE('',*,*,#2569,.F.);
#2569=EDGE_CURVE('',#603,#2570,#2561,.T.);
#2570=VERTEX_POINT('',#2571);
#2571=CARTESIAN_POINT('',(1.86,3.425,0.875));
#2572=ORIENTED_EDGE('',*,*,#615,.T.);
#2573=ORIENTED_EDGE('',*,*,#2574,.T.);
#2574=EDGE_CURVE('',#610,#2575,#2577,.T.);
#2575=VERTEX_POINT('',#2576);
#2576=CARTESIAN_POINT('',(2.14,3.425,0.875));
#2577=LINE('',#2578,#153);
#2578=CARTESIAN_POINT('',(2.14,3.740930461463,0.875));
#2579=ORIENTED_EDGE('',*,*,#2580,.F.);
#2580=EDGE_CURVE('',#2570,#2575,#1100,.T.);
#2581=ADVANCED_FACE('',(#2582),#2638,.F.);
#2582=FACE_BOUND('',#2583,.F.);
#2583=EDGE_LOOP('',(#2584,#2585,#2586,#2593,#2598,#2605,#2610,#2615,#2620,#2626,#2631,#2636));
#2584=ORIENTED_EDGE('',*,*,#609,.F.);
#2585=ORIENTED_EDGE('',*,*,#620,.T.);
#2586=ORIENTED_EDGE('',*,*,#2587,.T.);
#2587=EDGE_CURVE('',#621,#2588,#2590,.T.);
#2588=VERTEX_POINT('',#2589);
#2589=CARTESIAN_POINT('',(2.14,3.839411236764,0.642364817767));
#2590=CIRCLE('',#2591,1.E-01);
#2591=AXIS2_PLACEMENT_3D('',#2592,#168,#13);
#2592=CARTESIAN_POINT('',(2.14,3.740930461463,0.625));
#2593=ORIENTED_EDGE('',*,*,#2594,.T.);
#2594=EDGE_CURVE('',#2588,#2595,#2597,.T.);
#2595=VERTEX_POINT('',#2596);
#2596=CARTESIAN_POINT('',(2.14,3.904405751626,0.239642028477));
#2597=LINE('',#2589,#1142);
#2598=ORIENTED_EDGE('',*,*,#2599,.T.);
#2599=EDGE_CURVE('',#2595,#2600,#2602,.T.);
#2600=VERTEX_POINT('',#2601);
#2601=CARTESIAN_POINT('',(2.14,4.19,-2.22044604925E-16));
#2602=CIRCLE('',#2603,0.29);
#2603=AXIS2_PLACEMENT_3D('',#2604,#14,#1151);
#2604=CARTESIAN_POINT('',(2.14,4.19,0.29));
#2605=ORIENTED_EDGE('',*,*,#2606,.T.);
#2606=EDGE_CURVE('',#2600,#2607,#2609,.T.);
#2607=VERTEX_POINT('',#2608);
#2608=CARTESIAN_POINT('',(2.14,4.5,-2.22044604925E-16));
#2609=LINE('',#2601,#181);
#2610=ORIENTED_EDGE('',*,*,#2611,.T.);
#2611=EDGE_CURVE('',#2607,#2612,#2614,.T.);
#2612=VERTEX_POINT('',#2613);
#2613=CARTESIAN_POINT('',(2.14,4.5,0.15));
#2614=LINE('',#2608,#220);
#2615=ORIENTED_EDGE('',*,*,#2616,.T.);
#2616=EDGE_CURVE('',#2612,#2617,#2619,.T.);
#2617=VERTEX_POINT('',#2618);
#2618=CARTESIAN_POINT('',(2.14,4.19,0.15));
#2619=LINE('',#2613,#153);
#2620=ORIENTED_EDGE('',*,*,#2621,.T.);
#2621=EDGE_CURVE('',#2617,#2622,#2624,.T.);
#2622=VERTEX_POINT('',#2623);
#2623=CARTESIAN_POINT('',(2.14,4.052126914578,0.265689255127));
#2624=CIRCLE('',#2625,0.14);
#2625=AXIS2_PLACEMENT_3D('',#2604,#168,#190);
#2626=ORIENTED_EDGE('',*,*,#2627,.T.);
#2627=EDGE_CURVE('',#2622,#2628,#2630,.T.);
#2628=VERTEX_POINT('',#2629);
#2629=CARTESIAN_POINT('',(2.14,3.987132399716,0.668412044417));
#2630=LINE('',#2623,#1178);
#2631=ORIENTED_EDGE('',*,*,#2632,.T.);
#2632=EDGE_CURVE('',#2628,#2633,#2634,.T.);
#2633=VERTEX_POINT('',#2578);
#2634=CIRCLE('',#2635,0.25);
#2635=AXIS2_PLACEMENT_3D('',#2592,#14,#1185);
#2636=ORIENTED_EDGE('',*,*,#2637,.T.);
#2637=EDGE_CURVE('',#2633,#610,#2577,.T.);
#2638=PLANE('',#2639);
#2639=AXIS2_PLACEMENT_3D('',#2640,#14,#13);
#2640=CARTESIAN_POINT('',(2.14,3.931684054297,0.450095127207));
#2641=ADVANCED_FACE('',(#2642),#2656,.F.);
#2642=FACE_BOUND('',#2643,.F.);
#2643=EDGE_LOOP('',(#2644,#2645,#2652,#2655));
#2644=ORIENTED_EDGE('',*,*,#633,.T.);
#2645=ORIENTED_EDGE('',*,*,#2646,.T.);
#2646=EDGE_CURVE('',#628,#2647,#2649,.T.);
#2647=VERTEX_POINT('',#2648);
#2648=CARTESIAN_POINT('',(2.36,3.839411236764,0.642364817767));
#2649=CIRCLE('',#2650,1.E-01);
#2650=AXIS2_PLACEMENT_3D('',#2651,#168,#13);
#2651=CARTESIAN_POINT('',(2.36,3.740930461463,0.625));
#2652=ORIENTED_EDGE('',*,*,#2653,.F.);
#2653=EDGE_CURVE('',#2588,#2647,#2654,.T.);
#2654=LINE('',#2589,#27);
#2655=ORIENTED_EDGE('',*,*,#2587,.F.);
#2656=CYLINDRICAL_SURFACE('',#2591,1.E-01);
#2657=ADVANCED_FACE('',(#2658),#2707,.T.);
#2658=FACE_BOUND('',#2659,.T.);
#2659=EDGE_LOOP('',(#640,#626,#2645,#2660,#2665,#2672,#2677,#2682,#2687,#2693,#2698,#2704));
#2660=ORIENTED_EDGE('',*,*,#2661,.T.);
#2661=EDGE_CURVE('',#2647,#2662,#2664,.T.);
#2662=VERTEX_POINT('',#2663);
#2663=CARTESIAN_POINT('',(2.36,3.904405751626,0.239642028477));
#2664=LINE('',#2648,#1142);
#2665=ORIENTED_EDGE('',*,*,#2666,.T.);
#2666=EDGE_CURVE('',#2662,#2667,#2669,.T.);
#2667=VERTEX_POINT('',#2668);
#2668=CARTESIAN_POINT('',(2.36,4.19,-2.22044604925E-16));
#2669=CIRCLE('',#2670,0.29);
#2670=AXIS2_PLACEMENT_3D('',#2671,#14,#1151);
#2671=CARTESIAN_POINT('',(2.36,4.19,0.29));
#2672=ORIENTED_EDGE('',*,*,#2673,.T.);
#2673=EDGE_CURVE('',#2667,#2674,#2676,.T.);
#2674=VERTEX_POINT('',#2675);
#2675=CARTESIAN_POINT('',(2.36,4.5,-2.22044604925E-16));
#2676=LINE('',#2668,#181);
#2677=ORIENTED_EDGE('',*,*,#2678,.T.);
#2678=EDGE_CURVE('',#2674,#2679,#2681,.T.);
#2679=VERTEX_POINT('',#2680);
#2680=CARTESIAN_POINT('',(2.36,4.5,0.15));
#2681=LINE('',#2675,#220);
#2682=ORIENTED_EDGE('',*,*,#2683,.T.);
#2683=EDGE_CURVE('',#2679,#2684,#2686,.T.);
#2684=VERTEX_POINT('',#2685);
#2685=CARTESIAN_POINT('',(2.36,4.19,0.15));
#2686=LINE('',#2680,#153);
#2687=ORIENTED_EDGE('',*,*,#2688,.T.);
#2688=EDGE_CURVE('',#2684,#2689,#2691,.T.);
#2689=VERTEX_POINT('',#2690);
#2690=CARTESIAN_POINT('',(2.36,4.052126914578,0.265689255127));
#2691=CIRCLE('',#2692,0.14);
#2692=AXIS2_PLACEMENT_3D('',#2671,#168,#190);
#2693=ORIENTED_EDGE('',*,*,#2694,.T.);
#2694=EDGE_CURVE('',#2689,#2695,#2697,.T.);
#2695=VERTEX_POINT('',#2696);
#2696=CARTESIAN_POINT('',(2.36,3.987132399716,0.668412044417));
#2697=LINE('',#2690,#1178);
#2698=ORIENTED_EDGE('',*,*,#2699,.T.);
#2699=EDGE_CURVE('',#2695,#2700,#2702,.T.);
#2700=VERTEX_POINT('',#2701);
#2701=CARTESIAN_POINT('',(2.36,3.740930461463,0.875));
#2702=CIRCLE('',#2703,0.25);
#2703=AXIS2_PLACEMENT_3D('',#2651,#14,#1185);
#2704=ORIENTED_EDGE('',*,*,#2705,.T.);
#2705=EDGE_CURVE('',#2700,#642,#2706,.T.);
#2706=LINE('',#2701,#153);
#2707=PLANE('',#2708);
#2708=AXIS2_PLACEMENT_3D('',#2709,#14,#13);
#2709=CARTESIAN_POINT('',(2.36,3.931684054297,0.450095127207));
#2710=ADVANCED_FACE('',(#2711),#1122,.F.);
#2711=FACE_BOUND('',#2712,.F.);
#2712=EDGE_LOOP('',(#2713,#2717,#2718,#2724));
#2713=ORIENTED_EDGE('',*,*,#2714,.F.);
#2714=EDGE_CURVE('',#642,#2715,#2706,.T.);
#2715=VERTEX_POINT('',#2716);
#2716=CARTESIAN_POINT('',(2.36,3.425,0.875));
#2717=ORIENTED_EDGE('',*,*,#654,.T.);
#2718=ORIENTED_EDGE('',*,*,#2719,.T.);
#2719=EDGE_CURVE('',#649,#2720,#2722,.T.);
#2720=VERTEX_POINT('',#2721);
#2721=CARTESIAN_POINT('',(2.64,3.425,0.875));
#2722=LINE('',#2723,#153);
#2723=CARTESIAN_POINT('',(2.64,3.740930461463,0.875));
#2724=ORIENTED_EDGE('',*,*,#2725,.F.);
#2725=EDGE_CURVE('',#2715,#2720,#1100,.T.);
#2726=ADVANCED_FACE('',(#2727),#2783,.F.);
#2727=FACE_BOUND('',#2728,.F.);
#2728=EDGE_LOOP('',(#2729,#2730,#2731,#2738,#2743,#2750,#2755,#2760,#2765,#2771,#2776,#2781));
#2729=ORIENTED_EDGE('',*,*,#648,.F.);
#2730=ORIENTED_EDGE('',*,*,#659,.T.);
#2731=ORIENTED_EDGE('',*,*,#2732,.T.);
#2732=EDGE_CURVE('',#660,#2733,#2735,.T.);
#2733=VERTEX_POINT('',#2734);
#2734=CARTESIAN_POINT('',(2.64,3.839411236764,0.642364817767));
#2735=CIRCLE('',#2736,1.E-01);
#2736=AXIS2_PLACEMENT_3D('',#2737,#168,#13);
#2737=CARTESIAN_POINT('',(2.64,3.740930461463,0.625));
#2738=ORIENTED_EDGE('',*,*,#2739,.T.);
#2739=EDGE_CURVE('',#2733,#2740,#2742,.T.);
#2740=VERTEX_POINT('',#2741);
#2741=CARTESIAN_POINT('',(2.64,3.904405751626,0.239642028477));
#2742=LINE('',#2734,#1142);
#2743=ORIENTED_EDGE('',*,*,#2744,.T.);
#2744=EDGE_CURVE('',#2740,#2745,#2747,.T.);
#2745=VERTEX_POINT('',#2746);
#2746=CARTESIAN_POINT('',(2.64,4.19,-2.22044604925E-16));
#2747=CIRCLE('',#2748,0.29);
#2748=AXIS2_PLACEMENT_3D('',#2749,#14,#1151);
#2749=CARTESIAN_POINT('',(2.64,4.19,0.29));
#2750=ORIENTED_EDGE('',*,*,#2751,.T.);
#2751=EDGE_CURVE('',#2745,#2752,#2754,.T.);
#2752=VERTEX_POINT('',#2753);
#2753=CARTESIAN_POINT('',(2.64,4.5,-2.22044604925E-16));
#2754=LINE('',#2746,#181);
#2755=ORIENTED_EDGE('',*,*,#2756,.T.);
#2756=EDGE_CURVE('',#2752,#2757,#2759,.T.);
#2757=VERTEX_POINT('',#2758);
#2758=CARTESIAN_POINT('',(2.64,4.5,0.15));
#2759=LINE('',#2753,#220);
#2760=ORIENTED_EDGE('',*,*,#2761,.T.);
#2761=EDGE_CURVE('',#2757,#2762,#2764,.T.);
#2762=VERTEX_POINT('',#2763);
#2763=CARTESIAN_POINT('',(2.64,4.19,0.15));
#2764=LINE('',#2758,#153);
#2765=ORIENTED_EDGE('',*,*,#2766,.T.);
#2766=EDGE_CURVE('',#2762,#2767,#2769,.T.);
#2767=VERTEX_POINT('',#2768);
#2768=CARTESIAN_POINT('',(2.64,4.052126914578,0.265689255127));
#2769=CIRCLE('',#2770,0.14);
#2770=AXIS2_PLACEMENT_3D('',#2749,#168,#190);
#2771=ORIENTED_EDGE('',*,*,#2772,.T.);
#2772=EDGE_CURVE('',#2767,#2773,#2775,.T.);
#2773=VERTEX_POINT('',#2774);
#2774=CARTESIAN_POINT('',(2.64,3.987132399716,0.668412044417));
#2775=LINE('',#2768,#1178);
#2776=ORIENTED_EDGE('',*,*,#2777,.T.);
#2777=EDGE_CURVE('',#2773,#2778,#2779,.T.);
#2778=VERTEX_POINT('',#2723);
#2779=CIRCLE('',#2780,0.25);
#2780=AXIS2_PLACEMENT_3D('',#2737,#14,#1185);
#2781=ORIENTED_EDGE('',*,*,#2782,.T.);
#2782=EDGE_CURVE('',#2778,#649,#2722,.T.);
#2783=PLANE('',#2784);
#2784=AXIS2_PLACEMENT_3D('',#2785,#14,#13);
#2785=CARTESIAN_POINT('',(2.64,3.931684054297,0.450095127207));
#2786=ADVANCED_FACE('',(#2787),#2801,.F.);
#2787=FACE_BOUND('',#2788,.F.);
#2788=EDGE_LOOP('',(#2789,#2790,#2797,#2800));
#2789=ORIENTED_EDGE('',*,*,#672,.T.);
#2790=ORIENTED_EDGE('',*,*,#2791,.T.);
#2791=EDGE_CURVE('',#667,#2792,#2794,.T.);
#2792=VERTEX_POINT('',#2793);
#2793=CARTESIAN_POINT('',(2.86,3.839411236764,0.642364817767));
#2794=CIRCLE('',#2795,1.E-01);
#2795=AXIS2_PLACEMENT_3D('',#2796,#168,#13);
#2796=CARTESIAN_POINT('',(2.86,3.740930461463,0.625));
#2797=ORIENTED_EDGE('',*,*,#2798,.F.);
#2798=EDGE_CURVE('',#2733,#2792,#2799,.T.);
#2799=LINE('',#2734,#27);
#2800=ORIENTED_EDGE('',*,*,#2732,.F.);
#2801=CYLINDRICAL_SURFACE('',#2736,1.E-01);
#2802=ADVANCED_FACE('',(#2803),#2852,.T.);
#2803=FACE_BOUND('',#2804,.T.);
#2804=EDGE_LOOP('',(#679,#665,#2790,#2805,#2810,#2817,#2822,#2827,#2832,#2838,#2843,#2849));
#2805=ORIENTED_EDGE('',*,*,#2806,.T.);
#2806=EDGE_CURVE('',#2792,#2807,#2809,.T.);
#2807=VERTEX_POINT('',#2808);
#2808=CARTESIAN_POINT('',(2.86,3.904405751626,0.239642028477));
#2809=LINE('',#2793,#1142);
#2810=ORIENTED_EDGE('',*,*,#2811,.T.);
#2811=EDGE_CURVE('',#2807,#2812,#2814,.T.);
#2812=VERTEX_POINT('',#2813);
#2813=CARTESIAN_POINT('',(2.86,4.19,-2.22044604925E-16));
#2814=CIRCLE('',#2815,0.29);
#2815=AXIS2_PLACEMENT_3D('',#2816,#14,#1151);
#2816=CARTESIAN_POINT('',(2.86,4.19,0.29));
#2817=ORIENTED_EDGE('',*,*,#2818,.T.);
#2818=EDGE_CURVE('',#2812,#2819,#2821,.T.);
#2819=VERTEX_POINT('',#2820);
#2820=CARTESIAN_POINT('',(2.86,4.5,-2.22044604925E-16));
#2821=LINE('',#2813,#181);
#2822=ORIENTED_EDGE('',*,*,#2823,.T.);
#2823=EDGE_CURVE('',#2819,#2824,#2826,.T.);
#2824=VERTEX_POINT('',#2825);
#2825=CARTESIAN_POINT('',(2.86,4.5,0.15));
#2826=LINE('',#2820,#220);
#2827=ORIENTED_EDGE('',*,*,#2828,.T.);
#2828=EDGE_CURVE('',#2824,#2829,#2831,.T.);
#2829=VERTEX_POINT('',#2830);
#2830=CARTESIAN_POINT('',(2.86,4.19,0.15));
#2831=LINE('',#2825,#153);
#2832=ORIENTED_EDGE('',*,*,#2833,.T.);
#2833=EDGE_CURVE('',#2829,#2834,#2836,.T.);
#2834=VERTEX_POINT('',#2835);
#2835=CARTESIAN_POINT('',(2.86,4.052126914578,0.265689255127));
#2836=CIRCLE('',#2837,0.14);
#2837=AXIS2_PLACEMENT_3D('',#2816,#168,#190);
#2838=ORIENTED_EDGE('',*,*,#2839,.T.);
#2839=EDGE_CURVE('',#2834,#2840,#2842,.T.);
#2840=VERTEX_POINT('',#2841);
#2841=CARTESIAN_POINT('',(2.86,3.987132399716,0.668412044417));
#2842=LINE('',#2835,#1178);
#2843=ORIENTED_EDGE('',*,*,#2844,.T.);
#2844=EDGE_CURVE('',#2840,#2845,#2847,.T.);
#2845=VERTEX_POINT('',#2846);
#2846=CARTESIAN_POINT('',(2.86,3.740930461463,0.875));
#2847=CIRCLE('',#2848,0.25);
#2848=AXIS2_PLACEMENT_3D('',#2796,#14,#1185);
#2849=ORIENTED_EDGE('',*,*,#2850,.T.);
#2850=EDGE_CURVE('',#2845,#681,#2851,.T.);
#2851=LINE('',#2846,#153);
#2852=PLANE('',#2853);
#2853=AXIS2_PLACEMENT_3D('',#2854,#14,#13);
#2854=CARTESIAN_POINT('',(2.86,3.931684054297,0.450095127207));
#2855=ADVANCED_FACE('',(#2856),#1122,.F.);
#2856=FACE_BOUND('',#2857,.F.);
#2857=EDGE_LOOP('',(#2858,#2862,#2863,#2864,#2869,#2875,#2880,#2885));
#2858=ORIENTED_EDGE('',*,*,#2859,.F.);
#2859=EDGE_CURVE('',#681,#2860,#2851,.T.);
#2860=VERTEX_POINT('',#2861);
#2861=CARTESIAN_POINT('',(2.86,3.425,0.875));
#2862=ORIENTED_EDGE('',*,*,#692,.T.);
#2863=ORIENTED_EDGE('',*,*,#1065,.T.);
#2864=ORIENTED_EDGE('',*,*,#2865,.T.);
#2865=EDGE_CURVE('',#1061,#2866,#2868,.T.);
#2866=VERTEX_POINT('',#2867);
#2867=CARTESIAN_POINT('',(3.5,2.86,0.875));
#2868=LINE('',#1062,#153);
#2869=ORIENTED_EDGE('',*,*,#2870,.T.);
#2870=EDGE_CURVE('',#2866,#2871,#2873,.T.);
#2871=VERTEX_POINT('',#2872);
#2872=CARTESIAN_POINT('',(3.425,2.86,0.875));
#2873=LINE('',#2874,#167);
#2874=CARTESIAN_POINT('',(3.740930461463,2.86,0.875));
#2875=ORIENTED_EDGE('',*,*,#2876,.F.);
#2876=EDGE_CURVE('',#2877,#2871,#2879,.T.);
#2877=VERTEX_POINT('',#2878);
#2878=CARTESIAN_POINT('',(3.425,3.2875,0.875));
#2879=LINE('',#2878,#153);
#2880=ORIENTED_EDGE('',*,*,#2881,.F.);
#2881=EDGE_CURVE('',#2882,#2877,#2884,.T.);
#2882=VERTEX_POINT('',#2883);
#2883=CARTESIAN_POINT('',(3.2875,3.425,0.875));
#2884=LINE('',#2883,#146);
#2885=ORIENTED_EDGE('',*,*,#2886,.F.);
#2886=EDGE_CURVE('',#2860,#2882,#1100,.T.);
#2887=ADVANCED_FACE('',(#2888),#2903,.F.);
#2888=FACE_BOUND('',#2889,.F.);
#2889=EDGE_LOOP('',(#2890,#2894,#2895,#2901));
#2890=ORIENTED_EDGE('',*,*,#2891,.F.);
#2891=EDGE_CURVE('',#810,#2892,#2893,.T.);
#2892=VERTEX_POINT('',#1121);
#2893=B_SPLINE_CURVE_WITH_KNOTS('',1,(#715,#1121),.UNSPECIFIED.,.F.,.F.,(2,2),(0.,1.),.PIECEWISE_BEZIER_KNOTS.);
#2894=ORIENTED_EDGE('',*,*,#809,.T.);
#2895=ORIENTED_EDGE('',*,*,#2896,.T.);
#2896=EDGE_CURVE('',#806,#2897,#2899,.T.);
#2897=VERTEX_POINT('',#2898);
#2898=CARTESIAN_POINT('',(-3.5,-2.86,0.875));
#2899=LINE('',#2900,#220);
#2900=CARTESIAN_POINT('',(-3.5,-2.86,0.662547563604));
#2901=ORIENTED_EDGE('',*,*,#2902,.F.);
#2902=EDGE_CURVE('',#2892,#2897,#1120,.T.);
#2903=PLANE('',#2904);
#2904=AXIS2_PLACEMENT_3D('',#1121,#14,#182);
#2905=ADVANCED_FACE('',(#2906),#2924,.F.);
#2906=FACE_BOUND('',#2907,.F.);
#2907=EDGE_LOOP('',(#2908,#2914,#2915,#2921));
#2908=ORIENTED_EDGE('',*,*,#2909,.F.);
#2909=EDGE_CURVE('',#806,#2910,#2912,.T.);
#2910=VERTEX_POINT('',#2911);
#2911=CARTESIAN_POINT('',(-3.740930461463,-2.86,0.725));
#2912=LINE('',#2913,#167);
#2913=CARTESIAN_POINT('',(-3.35,-2.86,0.725));
#2914=ORIENTED_EDGE('',*,*,#805,.T.);
#2915=ORIENTED_EDGE('',*,*,#2916,.T.);
#2916=EDGE_CURVE('',#802,#2917,#2919,.T.);
#2917=VERTEX_POINT('',#2918);
#2918=CARTESIAN_POINT('',(-3.740930461463,-2.64,0.725));
#2919=LINE('',#2920,#167);
#2920=CARTESIAN_POINT('',(-3.35,-2.64,0.725));
#2921=ORIENTED_EDGE('',*,*,#2922,.F.);
#2922=EDGE_CURVE('',#2910,#2917,#2923,.T.);
#2923=LINE('',#2911,#181);
#2924=PLANE('',#2925);
#2925=AXIS2_PLACEMENT_3D('',#2913,#13,#168);
#2926=ADVANCED_FACE('',(#2927),#2903,.F.);
#2927=FACE_BOUND('',#2928,.F.);
#2928=EDGE_LOOP('',(#2929,#2935,#2936,#2942));
#2929=ORIENTED_EDGE('',*,*,#2930,.F.);
#2930=EDGE_CURVE('',#802,#2931,#2933,.T.);
#2931=VERTEX_POINT('',#2932);
#2932=CARTESIAN_POINT('',(-3.5,-2.64,0.875));
#2933=LINE('',#2934,#220);
#2934=CARTESIAN_POINT('',(-3.5,-2.64,0.662547563604));
#2935=ORIENTED_EDGE('',*,*,#801,.T.);
#2936=ORIENTED_EDGE('',*,*,#2937,.T.);
#2937=EDGE_CURVE('',#798,#2938,#2940,.T.);
#2938=VERTEX_POINT('',#2939);
#2939=CARTESIAN_POINT('',(-3.5,-2.36,0.875));
#2940=LINE('',#2941,#220);
#2941=CARTESIAN_POINT('',(-3.5,-2.36,0.662547563604));
#2942=ORIENTED_EDGE('',*,*,#2943,.F.);
#2943=EDGE_CURVE('',#2931,#2938,#1120,.T.);
#2944=ADVANCED_FACE('',(#2945),#2963,.F.);
#2945=FACE_BOUND('',#2946,.F.);
#2946=EDGE_LOOP('',(#2947,#2953,#2954,#2960));
#2947=ORIENTED_EDGE('',*,*,#2948,.F.);
#2948=EDGE_CURVE('',#798,#2949,#2951,.T.);
#2949=VERTEX_POINT('',#2950);
#2950=CARTESIAN_POINT('',(-3.740930461463,-2.36,0.725));
#2951=LINE('',#2952,#167);
#2952=CARTESIAN_POINT('',(-3.35,-2.36,0.725));
#2953=ORIENTED_EDGE('',*,*,#797,.T.);
#2954=ORIENTED_EDGE('',*,*,#2955,.T.);
#2955=EDGE_CURVE('',#794,#2956,#2958,.T.);
#2956=VERTEX_POINT('',#2957);
#2957=CARTESIAN_POINT('',(-3.740930461463,-2.14,0.725));
#2958=LINE('',#2959,#167);
#2959=CARTESIAN_POINT('',(-3.35,-2.14,0.725));
#2960=ORIENTED_EDGE('',*,*,#2961,.F.);
#2961=EDGE_CURVE('',#2949,#2956,#2962,.T.);
#2962=LINE('',#2950,#181);
#2963=PLANE('',#2964);
#2964=AXIS2_PLACEMENT_3D('',#2952,#13,#168);
#2965=ADVANCED_FACE('',(#2966),#2903,.F.);
#2966=FACE_BOUND('',#2967,.F.);
#2967=EDGE_LOOP('',(#2968,#2974,#2975,#2981));
#2968=ORIENTED_EDGE('',*,*,#2969,.F.);
#2969=EDGE_CURVE('',#794,#2970,#2972,.T.);
#2970=VERTEX_POINT('',#2971);
#2971=CARTESIAN_POINT('',(-3.5,-2.14,0.875));
#2972=LINE('',#2973,#220);
#2973=CARTESIAN_POINT('',(-3.5,-2.14,0.662547563604));
#2974=ORIENTED_EDGE('',*,*,#793,.T.);
#2975=ORIENTED_EDGE('',*,*,#2976,.T.);
#2976=EDGE_CURVE('',#790,#2977,#2979,.T.);
#2977=VERTEX_POINT('',#2978);
#2978=CARTESIAN_POINT('',(-3.5,-1.86,0.875));
#2979=LINE('',#2980,#220);
#2980=CARTESIAN_POINT('',(-3.5,-1.86,0.662547563604));
#2981=ORIENTED_EDGE('',*,*,#2982,.F.);
#2982=EDGE_CURVE('',#2970,#2977,#1120,.T.);
#2983=ADVANCED_FACE('',(#2984),#3002,.F.);
#2984=FACE_BOUND('',#2985,.F.);
#2985=EDGE_LOOP('',(#2986,#2992,#2993,#2999));
#2986=ORIENTED_EDGE('',*,*,#2987,.F.);
#2987=EDGE_CURVE('',#790,#2988,#2990,.T.);
#2988=VERTEX_POINT('',#2989);
#2989=CARTESIAN_POINT('',(-3.740930461463,-1.86,0.725));
#2990=LINE('',#2991,#167);
#2991=CARTESIAN_POINT('',(-3.35,-1.86,0.725));
#2992=ORIENTED_EDGE('',*,*,#789,.T.);
#2993=ORIENTED_EDGE('',*,*,#2994,.T.);
#2994=EDGE_CURVE('',#786,#2995,#2997,.T.);
#2995=VERTEX_POINT('',#2996);
#2996=CARTESIAN_POINT('',(-3.740930461463,-1.64,0.725));
#2997=LINE('',#2998,#167);
#2998=CARTESIAN_POINT('',(-3.35,-1.64,0.725));
#2999=ORIENTED_EDGE('',*,*,#3000,.F.);
#3000=EDGE_CURVE('',#2988,#2995,#3001,.T.);
#3001=LINE('',#2989,#181);
#3002=PLANE('',#3003);
#3003=AXIS2_PLACEMENT_3D('',#2991,#13,#168);
#3004=ADVANCED_FACE('',(#3005),#2903,.F.);
#3005=FACE_BOUND('',#3006,.F.);
#3006=EDGE_LOOP('',(#3007,#3013,#3014,#3020));
#3007=ORIENTED_EDGE('',*,*,#3008,.F.);
#3008=EDGE_CURVE('',#786,#3009,#3011,.T.);
#3009=VERTEX_POINT('',#3010);
#3010=CARTESIAN_POINT('',(-3.5,-1.64,0.875));
#3011=LINE('',#3012,#220);
#3012=CARTESIAN_POINT('',(-3.5,-1.64,0.662547563604));
#3013=ORIENTED_EDGE('',*,*,#785,.T.);
#3014=ORIENTED_EDGE('',*,*,#3015,.T.);
#3015=EDGE_CURVE('',#782,#3016,#3018,.T.);
#3016=VERTEX_POINT('',#3017);
#3017=CARTESIAN_POINT('',(-3.5,-1.36,0.875));
#3018=LINE('',#3019,#220);
#3019=CARTESIAN_POINT('',(-3.5,-1.36,0.662547563604));
#3020=ORIENTED_EDGE('',*,*,#3021,.F.);
#3021=EDGE_CURVE('',#3009,#3016,#1120,.T.);
#3022=ADVANCED_FACE('',(#3023),#3041,.F.);
#3023=FACE_BOUND('',#3024,.F.);
#3024=EDGE_LOOP('',(#3025,#3031,#3032,#3038));
#3025=ORIENTED_EDGE('',*,*,#3026,.F.);
#3026=EDGE_CURVE('',#782,#3027,#3029,.T.);
#3027=VERTEX_POINT('',#3028);
#3028=CARTESIAN_POINT('',(-3.740930461463,-1.36,0.725));
#3029=LINE('',#3030,#167);
#3030=CARTESIAN_POINT('',(-3.35,-1.36,0.725));
#3031=ORIENTED_EDGE('',*,*,#781,.T.);
#3032=ORIENTED_EDGE('',*,*,#3033,.T.);
#3033=EDGE_CURVE('',#778,#3034,#3036,.T.);
#3034=VERTEX_POINT('',#3035);
#3035=CARTESIAN_POINT('',(-3.740930461463,-1.14,0.725));
#3036=LINE('',#3037,#167);
#3037=CARTESIAN_POINT('',(-3.35,-1.14,0.725));
#3038=ORIENTED_EDGE('',*,*,#3039,.F.);
#3039=EDGE_CURVE('',#3027,#3034,#3040,.T.);
#3040=LINE('',#3028,#181);
#3041=PLANE('',#3042);
#3042=AXIS2_PLACEMENT_3D('',#3030,#13,#168);
#3043=ADVANCED_FACE('',(#3044),#2903,.F.);
#3044=FACE_BOUND('',#3045,.F.);
#3045=EDGE_LOOP('',(#3046,#3052,#3053,#3059));
#3046=ORIENTED_EDGE('',*,*,#3047,.F.);
#3047=EDGE_CURVE('',#778,#3048,#3050,.T.);
#3048=VERTEX_POINT('',#3049);
#3049=CARTESIAN_POINT('',(-3.5,-1.14,0.875));
#3050=LINE('',#3051,#220);
#3051=CARTESIAN_POINT('',(-3.5,-1.14,0.662547563604));
#3052=ORIENTED_EDGE('',*,*,#777,.T.);
#3053=ORIENTED_EDGE('',*,*,#3054,.T.);
#3054=EDGE_CURVE('',#774,#3055,#3057,.T.);
#3055=VERTEX_POINT('',#3056);
#3056=CARTESIAN_POINT('',(-3.5,-0.86,0.875));
#3057=LINE('',#3058,#220);
#3058=CARTESIAN_POINT('',(-3.5,-0.86,0.662547563604));
#3059=ORIENTED_EDGE('',*,*,#3060,.F.);
#3060=EDGE_CURVE('',#3048,#3055,#1120,.T.);
#3061=ADVANCED_FACE('',(#3062),#3080,.F.);
#3062=FACE_BOUND('',#3063,.F.);
#3063=EDGE_LOOP('',(#3064,#3070,#3071,#3077));
#3064=ORIENTED_EDGE('',*,*,#3065,.F.);
#3065=EDGE_CURVE('',#774,#3066,#3068,.T.);
#3066=VERTEX_POINT('',#3067);
#3067=CARTESIAN_POINT('',(-3.740930461463,-0.86,0.725));
#3068=LINE('',#3069,#167);
#3069=CARTESIAN_POINT('',(-3.35,-0.86,0.725));
#3070=ORIENTED_EDGE('',*,*,#773,.T.);
#3071=ORIENTED_EDGE('',*,*,#3072,.T.);
#3072=EDGE_CURVE('',#770,#3073,#3075,.T.);
#3073=VERTEX_POINT('',#3074);
#3074=CARTESIAN_POINT('',(-3.740930461463,-0.64,0.725));
#3075=LINE('',#3076,#167);
#3076=CARTESIAN_POINT('',(-3.35,-0.64,0.725));
#3077=ORIENTED_EDGE('',*,*,#3078,.F.);
#3078=EDGE_CURVE('',#3066,#3073,#3079,.T.);
#3079=LINE('',#3067,#181);
#3080=PLANE('',#3081);
#3081=AXIS2_PLACEMENT_3D('',#3069,#13,#168);
#3082=ADVANCED_FACE('',(#3083),#2903,.F.);
#3083=FACE_BOUND('',#3084,.F.);
#3084=EDGE_LOOP('',(#3085,#3091,#3092,#3098));
#3085=ORIENTED_EDGE('',*,*,#3086,.F.);
#3086=EDGE_CURVE('',#770,#3087,#3089,.T.);
#3087=VERTEX_POINT('',#3088);
#3088=CARTESIAN_POINT('',(-3.5,-0.64,0.875));
#3089=LINE('',#3090,#220);
#3090=CARTESIAN_POINT('',(-3.5,-0.64,0.662547563604));
#3091=ORIENTED_EDGE('',*,*,#769,.T.);
#3092=ORIENTED_EDGE('',*,*,#3093,.T.);
#3093=EDGE_CURVE('',#766,#3094,#3096,.T.);
#3094=VERTEX_POINT('',#3095);
#3095=CARTESIAN_POINT('',(-3.5,-0.36,0.875));
#3096=LINE('',#3097,#220);
#3097=CARTESIAN_POINT('',(-3.5,-0.36,0.662547563604));
#3098=ORIENTED_EDGE('',*,*,#3099,.F.);
#3099=EDGE_CURVE('',#3087,#3094,#1120,.T.);
#3100=ADVANCED_FACE('',(#3101),#3119,.F.);
#3101=FACE_BOUND('',#3102,.F.);
#3102=EDGE_LOOP('',(#3103,#3109,#3110,#3116));
#3103=ORIENTED_EDGE('',*,*,#3104,.F.);
#3104=EDGE_CURVE('',#766,#3105,#3107,.T.);
#3105=VERTEX_POINT('',#3106);
#3106=CARTESIAN_POINT('',(-3.740930461463,-0.36,0.725));
#3107=LINE('',#3108,#167);
#3108=CARTESIAN_POINT('',(-3.35,-0.36,0.725));
#3109=ORIENTED_EDGE('',*,*,#765,.T.);
#3110=ORIENTED_EDGE('',*,*,#3111,.T.);
#3111=EDGE_CURVE('',#762,#3112,#3114,.T.);
#3112=VERTEX_POINT('',#3113);
#3113=CARTESIAN_POINT('',(-3.740930461463,-0.14,0.725));
#3114=LINE('',#3115,#167);
#3115=CARTESIAN_POINT('',(-3.35,-0.14,0.725));
#3116=ORIENTED_EDGE('',*,*,#3117,.F.);
#3117=EDGE_CURVE('',#3105,#3112,#3118,.T.);
#3118=LINE('',#3106,#181);
#3119=PLANE('',#3120);
#3120=AXIS2_PLACEMENT_3D('',#3108,#13,#168);
#3121=ADVANCED_FACE('',(#3122),#2903,.F.);
#3122=FACE_BOUND('',#3123,.F.);
#3123=EDGE_LOOP('',(#3124,#3130,#3131,#3137));
#3124=ORIENTED_EDGE('',*,*,#3125,.F.);
#3125=EDGE_CURVE('',#762,#3126,#3128,.T.);
#3126=VERTEX_POINT('',#3127);
#3127=CARTESIAN_POINT('',(-3.5,-0.14,0.875));
#3128=LINE('',#3129,#220);
#3129=CARTESIAN_POINT('',(-3.5,-0.14,0.662547563604));
#3130=ORIENTED_EDGE('',*,*,#761,.T.);
#3131=ORIENTED_EDGE('',*,*,#3132,.T.);
#3132=EDGE_CURVE('',#758,#3133,#3135,.T.);
#3133=VERTEX_POINT('',#3134);
#3134=CARTESIAN_POINT('',(-3.5,0.14,0.875));
#3135=LINE('',#3136,#220);
#3136=CARTESIAN_POINT('',(-3.5,0.14,0.662547563604));
#3137=ORIENTED_EDGE('',*,*,#3138,.F.);
#3138=EDGE_CURVE('',#3126,#3133,#1120,.T.);
#3139=ADVANCED_FACE('',(#3140),#3158,.F.);
#3140=FACE_BOUND('',#3141,.F.);
#3141=EDGE_LOOP('',(#3142,#3148,#3149,#3155));
#3142=ORIENTED_EDGE('',*,*,#3143,.F.);
#3143=EDGE_CURVE('',#758,#3144,#3146,.T.);
#3144=VERTEX_POINT('',#3145);
#3145=CARTESIAN_POINT('',(-3.740930461463,0.14,0.725));
#3146=LINE('',#3147,#167);
#3147=CARTESIAN_POINT('',(-3.35,0.14,0.725));
#3148=ORIENTED_EDGE('',*,*,#757,.T.);
#3149=ORIENTED_EDGE('',*,*,#3150,.T.);
#3150=EDGE_CURVE('',#754,#3151,#3153,.T.);
#3151=VERTEX_POINT('',#3152);
#3152=CARTESIAN_POINT('',(-3.740930461463,0.36,0.725));
#3153=LINE('',#3154,#167);
#3154=CARTESIAN_POINT('',(-3.35,0.36,0.725));
#3155=ORIENTED_EDGE('',*,*,#3156,.F.);
#3156=EDGE_CURVE('',#3144,#3151,#3157,.T.);
#3157=LINE('',#3145,#181);
#3158=PLANE('',#3159);
#3159=AXIS2_PLACEMENT_3D('',#3147,#13,#168);
#3160=ADVANCED_FACE('',(#3161),#2903,.F.);
#3161=FACE_BOUND('',#3162,.F.);
#3162=EDGE_LOOP('',(#3163,#3169,#3170,#3176));
#3163=ORIENTED_EDGE('',*,*,#3164,.F.);
#3164=EDGE_CURVE('',#754,#3165,#3167,.T.);
#3165=VERTEX_POINT('',#3166);
#3166=CARTESIAN_POINT('',(-3.5,0.36,0.875));
#3167=LINE('',#3168,#220);
#3168=CARTESIAN_POINT('',(-3.5,0.36,0.662547563604));
#3169=ORIENTED_EDGE('',*,*,#753,.T.);
#3170=ORIENTED_EDGE('',*,*,#3171,.T.);
#3171=EDGE_CURVE('',#750,#3172,#3174,.T.);
#3172=VERTEX_POINT('',#3173);
#3173=CARTESIAN_POINT('',(-3.5,0.64,0.875));
#3174=LINE('',#3175,#220);
#3175=CARTESIAN_POINT('',(-3.5,0.64,0.662547563604));
#3176=ORIENTED_EDGE('',*,*,#3177,.F.);
#3177=EDGE_CURVE('',#3165,#3172,#1120,.T.);
#3178=ADVANCED_FACE('',(#3179),#3197,.F.);
#3179=FACE_BOUND('',#3180,.F.);
#3180=EDGE_LOOP('',(#3181,#3187,#3188,#3194));
#3181=ORIENTED_EDGE('',*,*,#3182,.F.);
#3182=EDGE_CURVE('',#750,#3183,#3185,.T.);
#3183=VERTEX_POINT('',#3184);
#3184=CARTESIAN_POINT('',(-3.740930461463,0.64,0.725));
#3185=LINE('',#3186,#167);
#3186=CARTESIAN_POINT('',(-3.35,0.64,0.725));
#3187=ORIENTED_EDGE('',*,*,#749,.T.);
#3188=ORIENTED_EDGE('',*,*,#3189,.T.);
#3189=EDGE_CURVE('',#746,#3190,#3192,.T.);
#3190=VERTEX_POINT('',#3191);
#3191=CARTESIAN_POINT('',(-3.740930461463,0.86,0.725));
#3192=LINE('',#3193,#167);
#3193=CARTESIAN_POINT('',(-3.35,0.86,0.725));
#3194=ORIENTED_EDGE('',*,*,#3195,.F.);
#3195=EDGE_CURVE('',#3183,#3190,#3196,.T.);
#3196=LINE('',#3184,#181);
#3197=PLANE('',#3198);
#3198=AXIS2_PLACEMENT_3D('',#3186,#13,#168);
#3199=ADVANCED_FACE('',(#3200),#2903,.F.);
#3200=FACE_BOUND('',#3201,.F.);
#3201=EDGE_LOOP('',(#3202,#3208,#3209,#3215));
#3202=ORIENTED_EDGE('',*,*,#3203,.F.);
#3203=EDGE_CURVE('',#746,#3204,#3206,.T.);
#3204=VERTEX_POINT('',#3205);
#3205=CARTESIAN_POINT('',(-3.5,0.86,0.875));
#3206=LINE('',#3207,#220);
#3207=CARTESIAN_POINT('',(-3.5,0.86,0.662547563604));
#3208=ORIENTED_EDGE('',*,*,#745,.T.);
#3209=ORIENTED_EDGE('',*,*,#3210,.T.);
#3210=EDGE_CURVE('',#742,#3211,#3213,.T.);
#3211=VERTEX_POINT('',#3212);
#3212=CARTESIAN_POINT('',(-3.5,1.14,0.875));
#3213=LINE('',#3214,#220);
#3214=CARTESIAN_POINT('',(-3.5,1.14,0.662547563604));
#3215=ORIENTED_EDGE('',*,*,#3216,.F.);
#3216=EDGE_CURVE('',#3204,#3211,#1120,.T.);
#3217=ADVANCED_FACE('',(#3218),#3236,.F.);
#3218=FACE_BOUND('',#3219,.F.);
#3219=EDGE_LOOP('',(#3220,#3226,#3227,#3233));
#3220=ORIENTED_EDGE('',*,*,#3221,.F.);
#3221=EDGE_CURVE('',#742,#3222,#3224,.T.);
#3222=VERTEX_POINT('',#3223);
#3223=CARTESIAN_POINT('',(-3.740930461463,1.14,0.725));
#3224=LINE('',#3225,#167);
#3225=CARTESIAN_POINT('',(-3.35,1.14,0.725));
#3226=ORIENTED_EDGE('',*,*,#741,.T.);
#3227=ORIENTED_EDGE('',*,*,#3228,.T.);
#3228=EDGE_CURVE('',#738,#3229,#3231,.T.);
#3229=VERTEX_POINT('',#3230);
#3230=CARTESIAN_POINT('',(-3.740930461463,1.36,0.725));
#3231=LINE('',#3232,#167);
#3232=CARTESIAN_POINT('',(-3.35,1.36,0.725));
#3233=ORIENTED_EDGE('',*,*,#3234,.F.);
#3234=EDGE_CURVE('',#3222,#3229,#3235,.T.);
#3235=LINE('',#3223,#181);
#3236=PLANE('',#3237);
#3237=AXIS2_PLACEMENT_3D('',#3225,#13,#168);
#3238=ADVANCED_FACE('',(#3239),#2903,.F.);
#3239=FACE_BOUND('',#3240,.F.);
#3240=EDGE_LOOP('',(#3241,#3247,#3248,#3254));
#3241=ORIENTED_EDGE('',*,*,#3242,.F.);
#3242=EDGE_CURVE('',#738,#3243,#3245,.T.);
#3243=VERTEX_POINT('',#3244);
#3244=CARTESIAN_POINT('',(-3.5,1.36,0.875));
#3245=LINE('',#3246,#220);
#3246=CARTESIAN_POINT('',(-3.5,1.36,0.662547563604));
#3247=ORIENTED_EDGE('',*,*,#737,.T.);
#3248=ORIENTED_EDGE('',*,*,#3249,.T.);
#3249=EDGE_CURVE('',#734,#3250,#3252,.T.);
#3250=VERTEX_POINT('',#3251);
#3251=CARTESIAN_POINT('',(-3.5,1.64,0.875));
#3252=LINE('',#3253,#220);
#3253=CARTESIAN_POINT('',(-3.5,1.64,0.662547563604));
#3254=ORIENTED_EDGE('',*,*,#3255,.F.);
#3255=EDGE_CURVE('',#3243,#3250,#1120,.T.);
#3256=ADVANCED_FACE('',(#3257),#3275,.F.);
#3257=FACE_BOUND('',#3258,.F.);
#3258=EDGE_LOOP('',(#3259,#3265,#3266,#3272));
#3259=ORIENTED_EDGE('',*,*,#3260,.F.);
#3260=EDGE_CURVE('',#734,#3261,#3263,.T.);
#3261=VERTEX_POINT('',#3262);
#3262=CARTESIAN_POINT('',(-3.740930461463,1.64,0.725));
#3263=LINE('',#3264,#167);
#3264=CARTESIAN_POINT('',(-3.35,1.64,0.725));
#3265=ORIENTED_EDGE('',*,*,#733,.T.);
#3266=ORIENTED_EDGE('',*,*,#3267,.T.);
#3267=EDGE_CURVE('',#730,#3268,#3270,.T.);
#3268=VERTEX_POINT('',#3269);
#3269=CARTESIAN_POINT('',(-3.740930461463,1.86,0.725));
#3270=LINE('',#3271,#167);
#3271=CARTESIAN_POINT('',(-3.35,1.86,0.725));
#3272=ORIENTED_EDGE('',*,*,#3273,.F.);
#3273=EDGE_CURVE('',#3261,#3268,#3274,.T.);
#3274=LINE('',#3262,#181);
#3275=PLANE('',#3276);
#3276=AXIS2_PLACEMENT_3D('',#3264,#13,#168);
#3277=ADVANCED_FACE('',(#3278),#2903,.F.);
#3278=FACE_BOUND('',#3279,.F.);
#3279=EDGE_LOOP('',(#3280,#3286,#3287,#3293));
#3280=ORIENTED_EDGE('',*,*,#3281,.F.);
#3281=EDGE_CURVE('',#730,#3282,#3284,.T.);
#3282=VERTEX_POINT('',#3283);
#3283=CARTESIAN_POINT('',(-3.5,1.86,0.875));
#3284=LINE('',#3285,#220);
#3285=CARTESIAN_POINT('',(-3.5,1.86,0.662547563604));
#3286=ORIENTED_EDGE('',*,*,#729,.T.);
#3287=ORIENTED_EDGE('',*,*,#3288,.T.);
#3288=EDGE_CURVE('',#726,#3289,#3291,.T.);
#3289=VERTEX_POINT('',#3290);
#3290=CARTESIAN_POINT('',(-3.5,2.14,0.875));
#3291=LINE('',#3292,#220);
#3292=CARTESIAN_POINT('',(-3.5,2.14,0.662547563604));
#3293=ORIENTED_EDGE('',*,*,#3294,.F.);
#3294=EDGE_CURVE('',#3282,#3289,#1120,.T.);
#3295=ADVANCED_FACE('',(#3296),#3314,.F.);
#3296=FACE_BOUND('',#3297,.F.);
#3297=EDGE_LOOP('',(#3298,#3304,#3305,#3311));
#3298=ORIENTED_EDGE('',*,*,#3299,.F.);
#3299=EDGE_CURVE('',#726,#3300,#3302,.T.);
#3300=VERTEX_POINT('',#3301);
#3301=CARTESIAN_POINT('',(-3.740930461463,2.14,0.725));
#3302=LINE('',#3303,#167);
#3303=CARTESIAN_POINT('',(-3.35,2.14,0.725));
#3304=ORIENTED_EDGE('',*,*,#725,.T.);
#3305=ORIENTED_EDGE('',*,*,#3306,.T.);
#3306=EDGE_CURVE('',#722,#3307,#3309,.T.);
#3307=VERTEX_POINT('',#3308);
#3308=CARTESIAN_POINT('',(-3.740930461463,2.36,0.725));
#3309=LINE('',#3310,#167);
#3310=CARTESIAN_POINT('',(-3.35,2.36,0.725));
#3311=ORIENTED_EDGE('',*,*,#3312,.F.);
#3312=EDGE_CURVE('',#3300,#3307,#3313,.T.);
#3313=LINE('',#3301,#181);
#3314=PLANE('',#3315);
#3315=AXIS2_PLACEMENT_3D('',#3303,#13,#168);
#3316=ADVANCED_FACE('',(#3317),#2903,.F.);
#3317=FACE_BOUND('',#3318,.F.);
#3318=EDGE_LOOP('',(#3319,#3325,#3326,#3332));
#3319=ORIENTED_EDGE('',*,*,#3320,.F.);
#3320=EDGE_CURVE('',#722,#3321,#3323,.T.);
#3321=VERTEX_POINT('',#3322);
#3322=CARTESIAN_POINT('',(-3.5,2.36,0.875));
#3323=LINE('',#3324,#220);
#3324=CARTESIAN_POINT('',(-3.5,2.36,0.662547563604));
#3325=ORIENTED_EDGE('',*,*,#721,.T.);
#3326=ORIENTED_EDGE('',*,*,#3327,.T.);
#3327=EDGE_CURVE('',#718,#3328,#3330,.T.);
#3328=VERTEX_POINT('',#3329);
#3329=CARTESIAN_POINT('',(-3.5,2.64,0.875));
#3330=LINE('',#3331,#220);
#3331=CARTESIAN_POINT('',(-3.5,2.64,0.662547563604));
#3332=ORIENTED_EDGE('',*,*,#3333,.F.);
#3333=EDGE_CURVE('',#3321,#3328,#1120,.T.);
#3334=ADVANCED_FACE('',(#3335),#3353,.F.);
#3335=FACE_BOUND('',#3336,.F.);
#3336=EDGE_LOOP('',(#3337,#3343,#3344,#3350));
#3337=ORIENTED_EDGE('',*,*,#3338,.F.);
#3338=EDGE_CURVE('',#718,#3339,#3341,.T.);
#3339=VERTEX_POINT('',#3340);
#3340=CARTESIAN_POINT('',(-3.740930461463,2.64,0.725));
#3341=LINE('',#3342,#167);
#3342=CARTESIAN_POINT('',(-3.35,2.64,0.725));
#3343=ORIENTED_EDGE('',*,*,#717,.T.);
#3344=ORIENTED_EDGE('',*,*,#3345,.T.);
#3345=EDGE_CURVE('',#712,#3346,#3348,.T.);
#3346=VERTEX_POINT('',#3347);
#3347=CARTESIAN_POINT('',(-3.740930461463,2.86,0.725));
#3348=LINE('',#3349,#167);
#3349=CARTESIAN_POINT('',(-3.35,2.86,0.725));
#3350=ORIENTED_EDGE('',*,*,#3351,.F.);
#3351=EDGE_CURVE('',#3339,#3346,#3352,.T.);
#3352=LINE('',#3340,#181);
#3353=PLANE('',#3354);
#3354=AXIS2_PLACEMENT_3D('',#3342,#13,#168);
#3355=ADVANCED_FACE('',(#3356),#2903,.F.);
#3356=FACE_BOUND('',#3357,.F.);
#3357=EDGE_LOOP('',(#3358,#3362,#3363,#3364));
#3358=ORIENTED_EDGE('',*,*,#3359,.F.);
#3359=EDGE_CURVE('',#712,#1114,#3360,.T.);
#3360=LINE('',#3361,#220);
#3361=CARTESIAN_POINT('',(-3.5,2.86,0.662547563604));
#3362=ORIENTED_EDGE('',*,*,#711,.T.);
#3363=ORIENTED_EDGE('',*,*,#1081,.T.);
#3364=ORIENTED_EDGE('',*,*,#1119,.F.);
#3365=ADVANCED_FACE('',(#3366),#3375,.F.);
#3366=FACE_BOUND('',#3367,.F.);
#3367=EDGE_LOOP('',(#3368,#3369,#3370,#3374));
#3368=ORIENTED_EDGE('',*,*,#1060,.F.);
#3369=ORIENTED_EDGE('',*,*,#921,.T.);
#3370=ORIENTED_EDGE('',*,*,#3371,.T.);
#3371=EDGE_CURVE('',#918,#2866,#3372,.T.);
#3372=LINE('',#3373,#220);
#3373=CARTESIAN_POINT('',(3.5,2.86,0.662547563604));
#3374=ORIENTED_EDGE('',*,*,#2865,.F.);
#3375=PLANE('',#3376);
#3376=AXIS2_PLACEMENT_3D('',#1062,#168,#154);
#3377=ADVANCED_FACE('',(#3378),#3396,.F.);
#3378=FACE_BOUND('',#3379,.F.);
#3379=EDGE_LOOP('',(#3380,#3386,#3387,#3393));
#3380=ORIENTED_EDGE('',*,*,#3381,.F.);
#3381=EDGE_CURVE('',#918,#3382,#3384,.T.);
#3382=VERTEX_POINT('',#3383);
#3383=CARTESIAN_POINT('',(3.740930461463,2.86,0.725));
#3384=LINE('',#3385,#27);
#3385=CARTESIAN_POINT('',(3.35,2.86,0.725));
#3386=ORIENTED_EDGE('',*,*,#917,.T.);
#3387=ORIENTED_EDGE('',*,*,#3388,.T.);
#3388=EDGE_CURVE('',#914,#3389,#3391,.T.);
#3389=VERTEX_POINT('',#3390);
#3390=CARTESIAN_POINT('',(3.740930461463,2.64,0.725));
#3391=LINE('',#3392,#27);
#3392=CARTESIAN_POINT('',(3.35,2.64,0.725));
#3393=ORIENTED_EDGE('',*,*,#3394,.F.);
#3394=EDGE_CURVE('',#3382,#3389,#3395,.T.);
#3395=LINE('',#3383,#153);
#3396=PLANE('',#3397);
#3397=AXIS2_PLACEMENT_3D('',#3385,#13,#14);
#3398=ADVANCED_FACE('',(#3399),#3375,.F.);
#3399=FACE_BOUND('',#3400,.F.);
#3400=EDGE_LOOP('',(#3401,#3407,#3408,#3414));
#3401=ORIENTED_EDGE('',*,*,#3402,.F.);
#3402=EDGE_CURVE('',#914,#3403,#3405,.T.);
#3403=VERTEX_POINT('',#3404);
#3404=CARTESIAN_POINT('',(3.5,2.64,0.875));
#3405=LINE('',#3406,#220);
#3406=CARTESIAN_POINT('',(3.5,2.64,0.662547563604));
#3407=ORIENTED_EDGE('',*,*,#913,.T.);
#3408=ORIENTED_EDGE('',*,*,#3409,.T.);
#3409=EDGE_CURVE('',#910,#3410,#3412,.T.);
#3410=VERTEX_POINT('',#3411);
#3411=CARTESIAN_POINT('',(3.5,2.36,0.875));
#3412=LINE('',#3413,#220);
#3413=CARTESIAN_POINT('',(3.5,2.36,0.662547563604));
#3414=ORIENTED_EDGE('',*,*,#3415,.F.);
#3415=EDGE_CURVE('',#3403,#3410,#2868,.T.);
#3416=ADVANCED_FACE('',(#3417),#3435,.F.);
#3417=FACE_BOUND('',#3418,.F.);
#3418=EDGE_LOOP('',(#3419,#3425,#3426,#3432));
#3419=ORIENTED_EDGE('',*,*,#3420,.F.);
#3420=EDGE_CURVE('',#910,#3421,#3423,.T.);
#3421=VERTEX_POINT('',#3422);
#3422=CARTESIAN_POINT('',(3.740930461463,2.36,0.725));
#3423=LINE('',#3424,#27);
#3424=CARTESIAN_POINT('',(3.35,2.36,0.725));
#3425=ORIENTED_EDGE('',*,*,#909,.T.);
#3426=ORIENTED_EDGE('',*,*,#3427,.T.);
#3427=EDGE_CURVE('',#906,#3428,#3430,.T.);
#3428=VERTEX_POINT('',#3429);
#3429=CARTESIAN_POINT('',(3.740930461463,2.14,0.725));
#3430=LINE('',#3431,#27);
#3431=CARTESIAN_POINT('',(3.35,2.14,0.725));
#3432=ORIENTED_EDGE('',*,*,#3433,.F.);
#3433=EDGE_CURVE('',#3421,#3428,#3434,.T.);
#3434=LINE('',#3422,#153);
#3435=PLANE('',#3436);
#3436=AXIS2_PLACEMENT_3D('',#3424,#13,#14);
#3437=ADVANCED_FACE('',(#3438),#3375,.F.);
#3438=FACE_BOUND('',#3439,.F.);
#3439=EDGE_LOOP('',(#3440,#3446,#3447,#3453));
#3440=ORIENTED_EDGE('',*,*,#3441,.F.);
#3441=EDGE_CURVE('',#906,#3442,#3444,.T.);
#3442=VERTEX_POINT('',#3443);
#3443=CARTESIAN_POINT('',(3.5,2.14,0.875));
#3444=LINE('',#3445,#220);
#3445=CARTESIAN_POINT('',(3.5,2.14,0.662547563604));
#3446=ORIENTED_EDGE('',*,*,#905,.T.);
#3447=ORIENTED_EDGE('',*,*,#3448,.T.);
#3448=EDGE_CURVE('',#902,#3449,#3451,.T.);
#3449=VERTEX_POINT('',#3450);
#3450=CARTESIAN_POINT('',(3.5,1.86,0.875));
#3451=LINE('',#3452,#220);
#3452=CARTESIAN_POINT('',(3.5,1.86,0.662547563604));
#3453=ORIENTED_EDGE('',*,*,#3454,.F.);
#3454=EDGE_CURVE('',#3442,#3449,#2868,.T.);
#3455=ADVANCED_FACE('',(#3456),#3474,.F.);
#3456=FACE_BOUND('',#3457,.F.);
#3457=EDGE_LOOP('',(#3458,#3464,#3465,#3471));
#3458=ORIENTED_EDGE('',*,*,#3459,.F.);
#3459=EDGE_CURVE('',#902,#3460,#3462,.T.);
#3460=VERTEX_POINT('',#3461);
#3461=CARTESIAN_POINT('',(3.740930461463,1.86,0.725));
#3462=LINE('',#3463,#27);
#3463=CARTESIAN_POINT('',(3.35,1.86,0.725));
#3464=ORIENTED_EDGE('',*,*,#901,.T.);
#3465=ORIENTED_EDGE('',*,*,#3466,.T.);
#3466=EDGE_CURVE('',#898,#3467,#3469,.T.);
#3467=VERTEX_POINT('',#3468);
#3468=CARTESIAN_POINT('',(3.740930461463,1.64,0.725));
#3469=LINE('',#3470,#27);
#3470=CARTESIAN_POINT('',(3.35,1.64,0.725));
#3471=ORIENTED_EDGE('',*,*,#3472,.F.);
#3472=EDGE_CURVE('',#3460,#3467,#3473,.T.);
#3473=LINE('',#3461,#153);
#3474=PLANE('',#3475);
#3475=AXIS2_PLACEMENT_3D('',#3463,#13,#14);
#3476=ADVANCED_FACE('',(#3477),#3375,.F.);
#3477=FACE_BOUND('',#3478,.F.);
#3478=EDGE_LOOP('',(#3479,#3485,#3486,#3492));
#3479=ORIENTED_EDGE('',*,*,#3480,.F.);
#3480=EDGE_CURVE('',#898,#3481,#3483,.T.);
#3481=VERTEX_POINT('',#3482);
#3482=CARTESIAN_POINT('',(3.5,1.64,0.875));
#3483=LINE('',#3484,#220);
#3484=CARTESIAN_POINT('',(3.5,1.64,0.662547563604));
#3485=ORIENTED_EDGE('',*,*,#897,.T.);
#3486=ORIENTED_EDGE('',*,*,#3487,.T.);
#3487=EDGE_CURVE('',#894,#3488,#3490,.T.);
#3488=VERTEX_POINT('',#3489);
#3489=CARTESIAN_POINT('',(3.5,1.36,0.875));
#3490=LINE('',#3491,#220);
#3491=CARTESIAN_POINT('',(3.5,1.36,0.662547563604));
#3492=ORIENTED_EDGE('',*,*,#3493,.F.);
#3493=EDGE_CURVE('',#3481,#3488,#2868,.T.);
#3494=ADVANCED_FACE('',(#3495),#3513,.F.);
#3495=FACE_BOUND('',#3496,.F.);
#3496=EDGE_LOOP('',(#3497,#3503,#3504,#3510));
#3497=ORIENTED_EDGE('',*,*,#3498,.F.);
#3498=EDGE_CURVE('',#894,#3499,#3501,.T.);
#3499=VERTEX_POINT('',#3500);
#3500=CARTESIAN_POINT('',(3.740930461463,1.36,0.725));
#3501=LINE('',#3502,#27);
#3502=CARTESIAN_POINT('',(3.35,1.36,0.725));
#3503=ORIENTED_EDGE('',*,*,#893,.T.);
#3504=ORIENTED_EDGE('',*,*,#3505,.T.);
#3505=EDGE_CURVE('',#890,#3506,#3508,.T.);
#3506=VERTEX_POINT('',#3507);
#3507=CARTESIAN_POINT('',(3.740930461463,1.14,0.725));
#3508=LINE('',#3509,#27);
#3509=CARTESIAN_POINT('',(3.35,1.14,0.725));
#3510=ORIENTED_EDGE('',*,*,#3511,.F.);
#3511=EDGE_CURVE('',#3499,#3506,#3512,.T.);
#3512=LINE('',#3500,#153);
#3513=PLANE('',#3514);
#3514=AXIS2_PLACEMENT_3D('',#3502,#13,#14);
#3515=ADVANCED_FACE('',(#3516),#3375,.F.);
#3516=FACE_BOUND('',#3517,.F.);
#3517=EDGE_LOOP('',(#3518,#3524,#3525,#3531));
#3518=ORIENTED_EDGE('',*,*,#3519,.F.);
#3519=EDGE_CURVE('',#890,#3520,#3522,.T.);
#3520=VERTEX_POINT('',#3521);
#3521=CARTESIAN_POINT('',(3.5,1.14,0.875));
#3522=LINE('',#3523,#220);
#3523=CARTESIAN_POINT('',(3.5,1.14,0.662547563604));
#3524=ORIENTED_EDGE('',*,*,#889,.T.);
#3525=ORIENTED_EDGE('',*,*,#3526,.T.);
#3526=EDGE_CURVE('',#886,#3527,#3529,.T.);
#3527=VERTEX_POINT('',#3528);
#3528=CARTESIAN_POINT('',(3.5,0.86,0.875));
#3529=LINE('',#3530,#220);
#3530=CARTESIAN_POINT('',(3.5,0.86,0.662547563604));
#3531=ORIENTED_EDGE('',*,*,#3532,.F.);
#3532=EDGE_CURVE('',#3520,#3527,#2868,.T.);
#3533=ADVANCED_FACE('',(#3534),#3552,.F.);
#3534=FACE_BOUND('',#3535,.F.);
#3535=EDGE_LOOP('',(#3536,#3542,#3543,#3549));
#3536=ORIENTED_EDGE('',*,*,#3537,.F.);
#3537=EDGE_CURVE('',#886,#3538,#3540,.T.);
#3538=VERTEX_POINT('',#3539);
#3539=CARTESIAN_POINT('',(3.740930461463,0.86,0.725));
#3540=LINE('',#3541,#27);
#3541=CARTESIAN_POINT('',(3.35,0.86,0.725));
#3542=ORIENTED_EDGE('',*,*,#885,.T.);
#3543=ORIENTED_EDGE('',*,*,#3544,.T.);
#3544=EDGE_CURVE('',#882,#3545,#3547,.T.);
#3545=VERTEX_POINT('',#3546);
#3546=CARTESIAN_POINT('',(3.740930461463,0.64,0.725));
#3547=LINE('',#3548,#27);
#3548=CARTESIAN_POINT('',(3.35,0.64,0.725));
#3549=ORIENTED_EDGE('',*,*,#3550,.F.);
#3550=EDGE_CURVE('',#3538,#3545,#3551,.T.);
#3551=LINE('',#3539,#153);
#3552=PLANE('',#3553);
#3553=AXIS2_PLACEMENT_3D('',#3541,#13,#14);
#3554=ADVANCED_FACE('',(#3555),#3375,.F.);
#3555=FACE_BOUND('',#3556,.F.);
#3556=EDGE_LOOP('',(#3557,#3563,#3564,#3570));
#3557=ORIENTED_EDGE('',*,*,#3558,.F.);
#3558=EDGE_CURVE('',#882,#3559,#3561,.T.);
#3559=VERTEX_POINT('',#3560);
#3560=CARTESIAN_POINT('',(3.5,0.64,0.875));
#3561=LINE('',#3562,#220);
#3562=CARTESIAN_POINT('',(3.5,0.64,0.662547563604));
#3563=ORIENTED_EDGE('',*,*,#881,.T.);
#3564=ORIENTED_EDGE('',*,*,#3565,.T.);
#3565=EDGE_CURVE('',#878,#3566,#3568,.T.);
#3566=VERTEX_POINT('',#3567);
#3567=CARTESIAN_POINT('',(3.5,0.36,0.875));
#3568=LINE('',#3569,#220);
#3569=CARTESIAN_POINT('',(3.5,0.36,0.662547563604));
#3570=ORIENTED_EDGE('',*,*,#3571,.F.);
#3571=EDGE_CURVE('',#3559,#3566,#2868,.T.);
#3572=ADVANCED_FACE('',(#3573),#3591,.F.);
#3573=FACE_BOUND('',#3574,.F.);
#3574=EDGE_LOOP('',(#3575,#3581,#3582,#3588));
#3575=ORIENTED_EDGE('',*,*,#3576,.F.);
#3576=EDGE_CURVE('',#878,#3577,#3579,.T.);
#3577=VERTEX_POINT('',#3578);
#3578=CARTESIAN_POINT('',(3.740930461463,0.36,0.725));
#3579=LINE('',#3580,#27);
#3580=CARTESIAN_POINT('',(3.35,0.36,0.725));
#3581=ORIENTED_EDGE('',*,*,#877,.T.);
#3582=ORIENTED_EDGE('',*,*,#3583,.T.);
#3583=EDGE_CURVE('',#874,#3584,#3586,.T.);
#3584=VERTEX_POINT('',#3585);
#3585=CARTESIAN_POINT('',(3.740930461463,0.14,0.725));
#3586=LINE('',#3587,#27);
#3587=CARTESIAN_POINT('',(3.35,0.14,0.725));
#3588=ORIENTED_EDGE('',*,*,#3589,.F.);
#3589=EDGE_CURVE('',#3577,#3584,#3590,.T.);
#3590=LINE('',#3578,#153);
#3591=PLANE('',#3592);
#3592=AXIS2_PLACEMENT_3D('',#3580,#13,#14);
#3593=ADVANCED_FACE('',(#3594),#3375,.F.);
#3594=FACE_BOUND('',#3595,.F.);
#3595=EDGE_LOOP('',(#3596,#3602,#3603,#3609));
#3596=ORIENTED_EDGE('',*,*,#3597,.F.);
#3597=EDGE_CURVE('',#874,#3598,#3600,.T.);
#3598=VERTEX_POINT('',#3599);
#3599=CARTESIAN_POINT('',(3.5,0.14,0.875));
#3600=LINE('',#3601,#220);
#3601=CARTESIAN_POINT('',(3.5,0.14,0.662547563604));
#3602=ORIENTED_EDGE('',*,*,#873,.T.);
#3603=ORIENTED_EDGE('',*,*,#3604,.T.);
#3604=EDGE_CURVE('',#870,#3605,#3607,.T.);
#3605=VERTEX_POINT('',#3606);
#3606=CARTESIAN_POINT('',(3.5,-0.14,0.875));
#3607=LINE('',#3608,#220);
#3608=CARTESIAN_POINT('',(3.5,-0.14,0.662547563604));
#3609=ORIENTED_EDGE('',*,*,#3610,.F.);
#3610=EDGE_CURVE('',#3598,#3605,#2868,.T.);
#3611=ADVANCED_FACE('',(#3612),#3630,.F.);
#3612=FACE_BOUND('',#3613,.F.);
#3613=EDGE_LOOP('',(#3614,#3620,#3621,#3627));
#3614=ORIENTED_EDGE('',*,*,#3615,.F.);
#3615=EDGE_CURVE('',#870,#3616,#3618,.T.);
#3616=VERTEX_POINT('',#3617);
#3617=CARTESIAN_POINT('',(3.740930461463,-0.14,0.725));
#3618=LINE('',#3619,#27);
#3619=CARTESIAN_POINT('',(3.35,-0.14,0.725));
#3620=ORIENTED_EDGE('',*,*,#869,.T.);
#3621=ORIENTED_EDGE('',*,*,#3622,.T.);
#3622=EDGE_CURVE('',#866,#3623,#3625,.T.);
#3623=VERTEX_POINT('',#3624);
#3624=CARTESIAN_POINT('',(3.740930461463,-0.36,0.725));
#3625=LINE('',#3626,#27);
#3626=CARTESIAN_POINT('',(3.35,-0.36,0.725));
#3627=ORIENTED_EDGE('',*,*,#3628,.F.);
#3628=EDGE_CURVE('',#3616,#3623,#3629,.T.);
#3629=LINE('',#3617,#153);
#3630=PLANE('',#3631);
#3631=AXIS2_PLACEMENT_3D('',#3619,#13,#14);
#3632=ADVANCED_FACE('',(#3633),#3375,.F.);
#3633=FACE_BOUND('',#3634,.F.);
#3634=EDGE_LOOP('',(#3635,#3641,#3642,#3648));
#3635=ORIENTED_EDGE('',*,*,#3636,.F.);
#3636=EDGE_CURVE('',#866,#3637,#3639,.T.);
#3637=VERTEX_POINT('',#3638);
#3638=CARTESIAN_POINT('',(3.5,-0.36,0.875));
#3639=LINE('',#3640,#220);
#3640=CARTESIAN_POINT('',(3.5,-0.36,0.662547563604));
#3641=ORIENTED_EDGE('',*,*,#865,.T.);
#3642=ORIENTED_EDGE('',*,*,#3643,.T.);
#3643=EDGE_CURVE('',#862,#3644,#3646,.T.);
#3644=VERTEX_POINT('',#3645);
#3645=CARTESIAN_POINT('',(3.5,-0.64,0.875));
#3646=LINE('',#3647,#220);
#3647=CARTESIAN_POINT('',(3.5,-0.64,0.662547563604));
#3648=ORIENTED_EDGE('',*,*,#3649,.F.);
#3649=EDGE_CURVE('',#3637,#3644,#2868,.T.);
#3650=ADVANCED_FACE('',(#3651),#3669,.F.);
#3651=FACE_BOUND('',#3652,.F.);
#3652=EDGE_LOOP('',(#3653,#3659,#3660,#3666));
#3653=ORIENTED_EDGE('',*,*,#3654,.F.);
#3654=EDGE_CURVE('',#862,#3655,#3657,.T.);
#3655=VERTEX_POINT('',#3656);
#3656=CARTESIAN_POINT('',(3.740930461463,-0.64,0.725));
#3657=LINE('',#3658,#27);
#3658=CARTESIAN_POINT('',(3.35,-0.64,0.725));
#3659=ORIENTED_EDGE('',*,*,#861,.T.);
#3660=ORIENTED_EDGE('',*,*,#3661,.T.);
#3661=EDGE_CURVE('',#858,#3662,#3664,.T.);
#3662=VERTEX_POINT('',#3663);
#3663=CARTESIAN_POINT('',(3.740930461463,-0.86,0.725));
#3664=LINE('',#3665,#27);
#3665=CARTESIAN_POINT('',(3.35,-0.86,0.725));
#3666=ORIENTED_EDGE('',*,*,#3667,.F.);
#3667=EDGE_CURVE('',#3655,#3662,#3668,.T.);
#3668=LINE('',#3656,#153);
#3669=PLANE('',#3670);
#3670=AXIS2_PLACEMENT_3D('',#3658,#13,#14);
#3671=ADVANCED_FACE('',(#3672),#3375,.F.);
#3672=FACE_BOUND('',#3673,.F.);
#3673=EDGE_LOOP('',(#3674,#3680,#3681,#3687));
#3674=ORIENTED_EDGE('',*,*,#3675,.F.);
#3675=EDGE_CURVE('',#858,#3676,#3678,.T.);
#3676=VERTEX_POINT('',#3677);
#3677=CARTESIAN_POINT('',(3.5,-0.86,0.875));
#3678=LINE('',#3679,#220);
#3679=CARTESIAN_POINT('',(3.5,-0.86,0.662547563604));
#3680=ORIENTED_EDGE('',*,*,#857,.T.);
#3681=ORIENTED_EDGE('',*,*,#3682,.T.);
#3682=EDGE_CURVE('',#854,#3683,#3685,.T.);
#3683=VERTEX_POINT('',#3684);
#3684=CARTESIAN_POINT('',(3.5,-1.14,0.875));
#3685=LINE('',#3686,#220);
#3686=CARTESIAN_POINT('',(3.5,-1.14,0.662547563604));
#3687=ORIENTED_EDGE('',*,*,#3688,.F.);
#3688=EDGE_CURVE('',#3676,#3683,#2868,.T.);
#3689=ADVANCED_FACE('',(#3690),#3708,.F.);
#3690=FACE_BOUND('',#3691,.F.);
#3691=EDGE_LOOP('',(#3692,#3698,#3699,#3705));
#3692=ORIENTED_EDGE('',*,*,#3693,.F.);
#3693=EDGE_CURVE('',#854,#3694,#3696,.T.);
#3694=VERTEX_POINT('',#3695);
#3695=CARTESIAN_POINT('',(3.740930461463,-1.14,0.725));
#3696=LINE('',#3697,#27);
#3697=CARTESIAN_POINT('',(3.35,-1.14,0.725));
#3698=ORIENTED_EDGE('',*,*,#853,.T.);
#3699=ORIENTED_EDGE('',*,*,#3700,.T.);
#3700=EDGE_CURVE('',#850,#3701,#3703,.T.);
#3701=VERTEX_POINT('',#3702);
#3702=CARTESIAN_POINT('',(3.740930461463,-1.36,0.725));
#3703=LINE('',#3704,#27);
#3704=CARTESIAN_POINT('',(3.35,-1.36,0.725));
#3705=ORIENTED_EDGE('',*,*,#3706,.F.);
#3706=EDGE_CURVE('',#3694,#3701,#3707,.T.);
#3707=LINE('',#3695,#153);
#3708=PLANE('',#3709);
#3709=AXIS2_PLACEMENT_3D('',#3697,#13,#14);
#3710=ADVANCED_FACE('',(#3711),#3375,.F.);
#3711=FACE_BOUND('',#3712,.F.);
#3712=EDGE_LOOP('',(#3713,#3719,#3720,#3726));
#3713=ORIENTED_EDGE('',*,*,#3714,.F.);
#3714=EDGE_CURVE('',#850,#3715,#3717,.T.);
#3715=VERTEX_POINT('',#3716);
#3716=CARTESIAN_POINT('',(3.5,-1.36,0.875));
#3717=LINE('',#3718,#220);
#3718=CARTESIAN_POINT('',(3.5,-1.36,0.662547563604));
#3719=ORIENTED_EDGE('',*,*,#849,.T.);
#3720=ORIENTED_EDGE('',*,*,#3721,.T.);
#3721=EDGE_CURVE('',#846,#3722,#3724,.T.);
#3722=VERTEX_POINT('',#3723);
#3723=CARTESIAN_POINT('',(3.5,-1.64,0.875));
#3724=LINE('',#3725,#220);
#3725=CARTESIAN_POINT('',(3.5,-1.64,0.662547563604));
#3726=ORIENTED_EDGE('',*,*,#3727,.F.);
#3727=EDGE_CURVE('',#3715,#3722,#2868,.T.);
#3728=ADVANCED_FACE('',(#3729),#3747,.F.);
#3729=FACE_BOUND('',#3730,.F.);
#3730=EDGE_LOOP('',(#3731,#3737,#3738,#3744));
#3731=ORIENTED_EDGE('',*,*,#3732,.F.);
#3732=EDGE_CURVE('',#846,#3733,#3735,.T.);
#3733=VERTEX_POINT('',#3734);
#3734=CARTESIAN_POINT('',(3.740930461463,-1.64,0.725));
#3735=LINE('',#3736,#27);
#3736=CARTESIAN_POINT('',(3.35,-1.64,0.725));
#3737=ORIENTED_EDGE('',*,*,#845,.T.);
#3738=ORIENTED_EDGE('',*,*,#3739,.T.);
#3739=EDGE_CURVE('',#842,#3740,#3742,.T.);
#3740=VERTEX_POINT('',#3741);
#3741=CARTESIAN_POINT('',(3.740930461463,-1.86,0.725));
#3742=LINE('',#3743,#27);
#3743=CARTESIAN_POINT('',(3.35,-1.86,0.725));
#3744=ORIENTED_EDGE('',*,*,#3745,.F.);
#3745=EDGE_CURVE('',#3733,#3740,#3746,.T.);
#3746=LINE('',#3734,#153);
#3747=PLANE('',#3748);
#3748=AXIS2_PLACEMENT_3D('',#3736,#13,#14);
#3749=ADVANCED_FACE('',(#3750),#3375,.F.);
#3750=FACE_BOUND('',#3751,.F.);
#3751=EDGE_LOOP('',(#3752,#3758,#3759,#3765));
#3752=ORIENTED_EDGE('',*,*,#3753,.F.);
#3753=EDGE_CURVE('',#842,#3754,#3756,.T.);
#3754=VERTEX_POINT('',#3755);
#3755=CARTESIAN_POINT('',(3.5,-1.86,0.875));
#3756=LINE('',#3757,#220);
#3757=CARTESIAN_POINT('',(3.5,-1.86,0.662547563604));
#3758=ORIENTED_EDGE('',*,*,#841,.T.);
#3759=ORIENTED_EDGE('',*,*,#3760,.T.);
#3760=EDGE_CURVE('',#838,#3761,#3763,.T.);
#3761=VERTEX_POINT('',#3762);
#3762=CARTESIAN_POINT('',(3.5,-2.14,0.875));
#3763=LINE('',#3764,#220);
#3764=CARTESIAN_POINT('',(3.5,-2.14,0.662547563604));
#3765=ORIENTED_EDGE('',*,*,#3766,.F.);
#3766=EDGE_CURVE('',#3754,#3761,#2868,.T.);
#3767=ADVANCED_FACE('',(#3768),#3786,.F.);
#3768=FACE_BOUND('',#3769,.F.);
#3769=EDGE_LOOP('',(#3770,#3776,#3777,#3783));
#3770=ORIENTED_EDGE('',*,*,#3771,.F.);
#3771=EDGE_CURVE('',#838,#3772,#3774,.T.);
#3772=VERTEX_POINT('',#3773);
#3773=CARTESIAN_POINT('',(3.740930461463,-2.14,0.725));
#3774=LINE('',#3775,#27);
#3775=CARTESIAN_POINT('',(3.35,-2.14,0.725));
#3776=ORIENTED_EDGE('',*,*,#837,.T.);
#3777=ORIENTED_EDGE('',*,*,#3778,.T.);
#3778=EDGE_CURVE('',#834,#3779,#3781,.T.);
#3779=VERTEX_POINT('',#3780);
#3780=CARTESIAN_POINT('',(3.740930461463,-2.36,0.725));
#3781=LINE('',#3782,#27);
#3782=CARTESIAN_POINT('',(3.35,-2.36,0.725));
#3783=ORIENTED_EDGE('',*,*,#3784,.F.);
#3784=EDGE_CURVE('',#3772,#3779,#3785,.T.);
#3785=LINE('',#3773,#153);
#3786=PLANE('',#3787);
#3787=AXIS2_PLACEMENT_3D('',#3775,#13,#14);
#3788=ADVANCED_FACE('',(#3789),#3375,.F.);
#3789=FACE_BOUND('',#3790,.F.);
#3790=EDGE_LOOP('',(#3791,#3797,#3798,#3804));
#3791=ORIENTED_EDGE('',*,*,#3792,.F.);
#3792=EDGE_CURVE('',#834,#3793,#3795,.T.);
#3793=VERTEX_POINT('',#3794);
#3794=CARTESIAN_POINT('',(3.5,-2.36,0.875));
#3795=LINE('',#3796,#220);
#3796=CARTESIAN_POINT('',(3.5,-2.36,0.662547563604));
#3797=ORIENTED_EDGE('',*,*,#833,.T.);
#3798=ORIENTED_EDGE('',*,*,#3799,.T.);
#3799=EDGE_CURVE('',#830,#3800,#3802,.T.);
#3800=VERTEX_POINT('',#3801);
#3801=CARTESIAN_POINT('',(3.5,-2.64,0.875));
#3802=LINE('',#3803,#220);
#3803=CARTESIAN_POINT('',(3.5,-2.64,0.662547563604));
#3804=ORIENTED_EDGE('',*,*,#3805,.F.);
#3805=EDGE_CURVE('',#3793,#3800,#2868,.T.);
#3806=ADVANCED_FACE('',(#3807),#3825,.F.);
#3807=FACE_BOUND('',#3808,.F.);
#3808=EDGE_LOOP('',(#3809,#3815,#3816,#3822));
#3809=ORIENTED_EDGE('',*,*,#3810,.F.);
#3810=EDGE_CURVE('',#830,#3811,#3813,.T.);
#3811=VERTEX_POINT('',#3812);
#3812=CARTESIAN_POINT('',(3.740930461463,-2.64,0.725));
#3813=LINE('',#3814,#27);
#3814=CARTESIAN_POINT('',(3.35,-2.64,0.725));
#3815=ORIENTED_EDGE('',*,*,#829,.T.);
#3816=ORIENTED_EDGE('',*,*,#3817,.T.);
#3817=EDGE_CURVE('',#825,#3818,#3820,.T.);
#3818=VERTEX_POINT('',#3819);
#3819=CARTESIAN_POINT('',(3.740930461463,-2.86,0.725));
#3820=LINE('',#3821,#27);
#3821=CARTESIAN_POINT('',(3.35,-2.86,0.725));
#3822=ORIENTED_EDGE('',*,*,#3823,.F.);
#3823=EDGE_CURVE('',#3811,#3818,#3824,.T.);
#3824=LINE('',#3812,#153);
#3825=PLANE('',#3826);
#3826=AXIS2_PLACEMENT_3D('',#3814,#13,#14);
#3827=ADVANCED_FACE('',(#3828),#3375,.F.);
#3828=FACE_BOUND('',#3829,.F.);
#3829=EDGE_LOOP('',(#3830,#3836,#3837,#3842));
#3830=ORIENTED_EDGE('',*,*,#3831,.F.);
#3831=EDGE_CURVE('',#825,#3832,#3834,.T.);
#3832=VERTEX_POINT('',#3833);
#3833=CARTESIAN_POINT('',(3.5,-2.86,0.875));
#3834=LINE('',#3835,#220);
#3835=CARTESIAN_POINT('',(3.5,-2.86,0.662547563604));
#3836=ORIENTED_EDGE('',*,*,#824,.T.);
#3837=ORIENTED_EDGE('',*,*,#3838,.T.);
#3838=EDGE_CURVE('',#820,#3839,#3841,.T.);
#3839=VERTEX_POINT('',#3840);
#3840=CARTESIAN_POINT('',(3.5,-3.325,0.875));
#3841=B_SPLINE_CURVE_WITH_KNOTS('',1,(#821,#3840),.UNSPECIFIED.,.F.,.F.,(2,2),(0.,1.),.PIECEWISE_BEZIER_KNOTS.);
#3842=ORIENTED_EDGE('',*,*,#3843,.F.);
#3843=EDGE_CURVE('',#3832,#3839,#2868,.T.);
#3844=ADVANCED_FACE('',(#3845),#3857,.F.);
#3845=FACE_BOUND('',#3846,.F.);
#3846=EDGE_LOOP('',(#3847,#3848,#3849,#3854));
#3847=ORIENTED_EDGE('',*,*,#929,.T.);
#3848=ORIENTED_EDGE('',*,*,#2891,.T.);
#3849=ORIENTED_EDGE('',*,*,#3850,.F.);
#3850=EDGE_CURVE('',#3851,#2892,#3853,.T.);
#3851=VERTEX_POINT('',#3852);
#3852=CARTESIAN_POINT('',(-3.325,-3.5,0.875));
#3853=LINE('',#3852,#174);
#3854=ORIENTED_EDGE('',*,*,#3855,.F.);
#3855=EDGE_CURVE('',#930,#3851,#3856,.T.);
#3856=B_SPLINE_CURVE_WITH_KNOTS('',1,(#931,#3852),.UNSPECIFIED.,.F.,.F.,(2,2),(0.,1.),.PIECEWISE_BEZIER_KNOTS.);
#3857=PLANE('',#3858);
#3858=AXIS2_PLACEMENT_3D('',#3852,#187,#175);
#3859=ADVANCED_FACE('',(#3860),#3872,.F.);
#3860=FACE_BOUND('',#3861,.F.);
#3861=EDGE_LOOP('',(#3862,#3863,#3868,#3871));
#3862=ORIENTED_EDGE('',*,*,#946,.T.);
#3863=ORIENTED_EDGE('',*,*,#3864,.T.);
#3864=EDGE_CURVE('',#942,#3865,#3867,.T.);
#3865=VERTEX_POINT('',#3866);
#3866=CARTESIAN_POINT('',(3.325,-3.5,0.875));
#3867=B_SPLINE_CURVE_WITH_KNOTS('',1,(#943,#3866),.UNSPECIFIED.,.F.,.F.,(2,2),(0.,1.),.PIECEWISE_BEZIER_KNOTS.);
#3868=ORIENTED_EDGE('',*,*,#3869,.F.);
#3869=EDGE_CURVE('',#3839,#3865,#3870,.T.);
#3870=LINE('',#3840,#160);
#3871=ORIENTED_EDGE('',*,*,#3838,.F.);
#3872=PLANE('',#3873);
#3873=AXIS2_PLACEMENT_3D('',#3840,#175,#161);
#3874=ADVANCED_FACE('',(#3875),#3888,.F.);
#3875=FACE_BOUND('',#3876,.F.);
#3876=EDGE_LOOP('',(#3877,#3878,#3879,#3885));
#3877=ORIENTED_EDGE('',*,*,#3864,.F.);
#3878=ORIENTED_EDGE('',*,*,#1052,.T.);
#3879=ORIENTED_EDGE('',*,*,#3880,.T.);
#3880=EDGE_CURVE('',#1049,#3881,#3883,.T.);
#3881=VERTEX_POINT('',#3882);
#3882=CARTESIAN_POINT('',(2.86,-3.5,0.875));
#3883=LINE('',#3884,#220);
#3884=CARTESIAN_POINT('',(2.86,-3.5,0.662547563604));
#3885=ORIENTED_EDGE('',*,*,#3886,.F.);
#3886=EDGE_CURVE('',#3865,#3881,#3887,.T.);
#3887=LINE('',#3866,#167);
#3888=PLANE('',#3889);
#3889=AXIS2_PLACEMENT_3D('',#3866,#182,#168);
#3890=ADVANCED_FACE('',(#3891),#3909,.F.);
#3891=FACE_BOUND('',#3892,.F.);
#3892=EDGE_LOOP('',(#3893,#3899,#3900,#3906));
#3893=ORIENTED_EDGE('',*,*,#3894,.F.);
#3894=EDGE_CURVE('',#1049,#3895,#3897,.T.);
#3895=VERTEX_POINT('',#3896);
#3896=CARTESIAN_POINT('',(2.86,-3.740930461463,0.725));
#3897=LINE('',#3898,#153);
#3898=CARTESIAN_POINT('',(2.86,-3.35,0.725));
#3899=ORIENTED_EDGE('',*,*,#1048,.T.);
#3900=ORIENTED_EDGE('',*,*,#3901,.T.);
#3901=EDGE_CURVE('',#1045,#3902,#3904,.T.);
#3902=VERTEX_POINT('',#3903);
#3903=CARTESIAN_POINT('',(2.64,-3.740930461463,0.725));
#3904=LINE('',#3905,#153);
#3905=CARTESIAN_POINT('',(2.64,-3.35,0.725));
#3906=ORIENTED_EDGE('',*,*,#3907,.F.);
#3907=EDGE_CURVE('',#3895,#3902,#3908,.T.);
#3908=LINE('',#3896,#167);
#3909=PLANE('',#3910);
#3910=AXIS2_PLACEMENT_3D('',#3898,#13,#154);
#3911=ADVANCED_FACE('',(#3912),#3888,.F.);
#3912=FACE_BOUND('',#3913,.F.);
#3913=EDGE_LOOP('',(#3914,#3920,#3921,#3927));
#3914=ORIENTED_EDGE('',*,*,#3915,.F.);
#3915=EDGE_CURVE('',#1045,#3916,#3918,.T.);
#3916=VERTEX_POINT('',#3917);
#3917=CARTESIAN_POINT('',(2.64,-3.5,0.875));
#3918=LINE('',#3919,#220);
#3919=CARTESIAN_POINT('',(2.64,-3.5,0.662547563604));
#3920=ORIENTED_EDGE('',*,*,#1044,.T.);
#3921=ORIENTED_EDGE('',*,*,#3922,.T.);
#3922=EDGE_CURVE('',#1041,#3923,#3925,.T.);
#3923=VERTEX_POINT('',#3924);
#3924=CARTESIAN_POINT('',(2.36,-3.5,0.875));
#3925=LINE('',#3926,#220);
#3926=CARTESIAN_POINT('',(2.36,-3.5,0.662547563604));
#3927=ORIENTED_EDGE('',*,*,#3928,.F.);
#3928=EDGE_CURVE('',#3916,#3923,#3887,.T.);
#3929=ADVANCED_FACE('',(#3930),#3948,.F.);
#3930=FACE_BOUND('',#3931,.F.);
#3931=EDGE_LOOP('',(#3932,#3938,#3939,#3945));
#3932=ORIENTED_EDGE('',*,*,#3933,.F.);
#3933=EDGE_CURVE('',#1041,#3934,#3936,.T.);
#3934=VERTEX_POINT('',#3935);
#3935=CARTESIAN_POINT('',(2.36,-3.740930461463,0.725));
#3936=LINE('',#3937,#153);
#3937=CARTESIAN_POINT('',(2.36,-3.35,0.725));
#3938=ORIENTED_EDGE('',*,*,#1040,.T.);
#3939=ORIENTED_EDGE('',*,*,#3940,.T.);
#3940=EDGE_CURVE('',#1037,#3941,#3943,.T.);
#3941=VERTEX_POINT('',#3942);
#3942=CARTESIAN_POINT('',(2.14,-3.740930461463,0.725));
#3943=LINE('',#3944,#153);
#3944=CARTESIAN_POINT('',(2.14,-3.35,0.725));
#3945=ORIENTED_EDGE('',*,*,#3946,.F.);
#3946=EDGE_CURVE('',#3934,#3941,#3947,.T.);
#3947=LINE('',#3935,#167);
#3948=PLANE('',#3949);
#3949=AXIS2_PLACEMENT_3D('',#3937,#13,#154);
#3950=ADVANCED_FACE('',(#3951),#3888,.F.);
#3951=FACE_BOUND('',#3952,.F.);
#3952=EDGE_LOOP('',(#3953,#3959,#3960,#3966));
#3953=ORIENTED_EDGE('',*,*,#3954,.F.);
#3954=EDGE_CURVE('',#1037,#3955,#3957,.T.);
#3955=VERTEX_POINT('',#3956);
#3956=CARTESIAN_POINT('',(2.14,-3.5,0.875));
#3957=LINE('',#3958,#220);
#3958=CARTESIAN_POINT('',(2.14,-3.5,0.662547563604));
#3959=ORIENTED_EDGE('',*,*,#1036,.T.);
#3960=ORIENTED_EDGE('',*,*,#3961,.T.);
#3961=EDGE_CURVE('',#1033,#3962,#3964,.T.);
#3962=VERTEX_POINT('',#3963);
#3963=CARTESIAN_POINT('',(1.86,-3.5,0.875));
#3964=LINE('',#3965,#220);
#3965=CARTESIAN_POINT('',(1.86,-3.5,0.662547563604));
#3966=ORIENTED_EDGE('',*,*,#3967,.F.);
#3967=EDGE_CURVE('',#3955,#3962,#3887,.T.);
#3968=ADVANCED_FACE('',(#3969),#3987,.F.);
#3969=FACE_BOUND('',#3970,.F.);
#3970=EDGE_LOOP('',(#3971,#3977,#3978,#3984));
#3971=ORIENTED_EDGE('',*,*,#3972,.F.);
#3972=EDGE_CURVE('',#1033,#3973,#3975,.T.);
#3973=VERTEX_POINT('',#3974);
#3974=CARTESIAN_POINT('',(1.86,-3.740930461463,0.725));
#3975=LINE('',#3976,#153);
#3976=CARTESIAN_POINT('',(1.86,-3.35,0.725));
#3977=ORIENTED_EDGE('',*,*,#1032,.T.);
#3978=ORIENTED_EDGE('',*,*,#3979,.T.);
#3979=EDGE_CURVE('',#1029,#3980,#3982,.T.);
#3980=VERTEX_POINT('',#3981);
#3981=CARTESIAN_POINT('',(1.64,-3.740930461463,0.725));
#3982=LINE('',#3983,#153);
#3983=CARTESIAN_POINT('',(1.64,-3.35,0.725));
#3984=ORIENTED_EDGE('',*,*,#3985,.F.);
#3985=EDGE_CURVE('',#3973,#3980,#3986,.T.);
#3986=LINE('',#3974,#167);
#3987=PLANE('',#3988);
#3988=AXIS2_PLACEMENT_3D('',#3976,#13,#154);
#3989=ADVANCED_FACE('',(#3990),#3888,.F.);
#3990=FACE_BOUND('',#3991,.F.);
#3991=EDGE_LOOP('',(#3992,#3998,#3999,#4005));
#3992=ORIENTED_EDGE('',*,*,#3993,.F.);
#3993=EDGE_CURVE('',#1029,#3994,#3996,.T.);
#3994=VERTEX_POINT('',#3995);
#3995=CARTESIAN_POINT('',(1.64,-3.5,0.875));
#3996=LINE('',#3997,#220);
#3997=CARTESIAN_POINT('',(1.64,-3.5,0.662547563604));
#3998=ORIENTED_EDGE('',*,*,#1028,.T.);
#3999=ORIENTED_EDGE('',*,*,#4000,.T.);
#4000=EDGE_CURVE('',#1025,#4001,#4003,.T.);
#4001=VERTEX_POINT('',#4002);
#4002=CARTESIAN_POINT('',(1.36,-3.5,0.875));
#4003=LINE('',#4004,#220);
#4004=CARTESIAN_POINT('',(1.36,-3.5,0.662547563604));
#4005=ORIENTED_EDGE('',*,*,#4006,.F.);
#4006=EDGE_CURVE('',#3994,#4001,#3887,.T.);
#4007=ADVANCED_FACE('',(#4008),#4026,.F.);
#4008=FACE_BOUND('',#4009,.F.);
#4009=EDGE_LOOP('',(#4010,#4016,#4017,#4023));
#4010=ORIENTED_EDGE('',*,*,#4011,.F.);
#4011=EDGE_CURVE('',#1025,#4012,#4014,.T.);
#4012=VERTEX_POINT('',#4013);
#4013=CARTESIAN_POINT('',(1.36,-3.740930461463,0.725));
#4014=LINE('',#4015,#153);
#4015=CARTESIAN_POINT('',(1.36,-3.35,0.725));
#4016=ORIENTED_EDGE('',*,*,#1024,.T.);
#4017=ORIENTED_EDGE('',*,*,#4018,.T.);
#4018=EDGE_CURVE('',#1021,#4019,#4021,.T.);
#4019=VERTEX_POINT('',#4020);
#4020=CARTESIAN_POINT('',(1.14,-3.740930461463,0.725));
#4021=LINE('',#4022,#153);
#4022=CARTESIAN_POINT('',(1.14,-3.35,0.725));
#4023=ORIENTED_EDGE('',*,*,#4024,.F.);
#4024=EDGE_CURVE('',#4012,#4019,#4025,.T.);
#4025=LINE('',#4013,#167);
#4026=PLANE('',#4027);
#4027=AXIS2_PLACEMENT_3D('',#4015,#13,#154);
#4028=ADVANCED_FACE('',(#4029),#3888,.F.);
#4029=FACE_BOUND('',#4030,.F.);
#4030=EDGE_LOOP('',(#4031,#4037,#4038,#4044));
#4031=ORIENTED_EDGE('',*,*,#4032,.F.);
#4032=EDGE_CURVE('',#1021,#4033,#4035,.T.);
#4033=VERTEX_POINT('',#4034);
#4034=CARTESIAN_POINT('',(1.14,-3.5,0.875));
#4035=LINE('',#4036,#220);
#4036=CARTESIAN_POINT('',(1.14,-3.5,0.662547563604));
#4037=ORIENTED_EDGE('',*,*,#1020,.T.);
#4038=ORIENTED_EDGE('',*,*,#4039,.T.);
#4039=EDGE_CURVE('',#1017,#4040,#4042,.T.);
#4040=VERTEX_POINT('',#4041);
#4041=CARTESIAN_POINT('',(0.86,-3.5,0.875));
#4042=LINE('',#4043,#220);
#4043=CARTESIAN_POINT('',(0.86,-3.5,0.662547563604));
#4044=ORIENTED_EDGE('',*,*,#4045,.F.);
#4045=EDGE_CURVE('',#4033,#4040,#3887,.T.);
#4046=ADVANCED_FACE('',(#4047),#4065,.F.);
#4047=FACE_BOUND('',#4048,.F.);
#4048=EDGE_LOOP('',(#4049,#4055,#4056,#4062));
#4049=ORIENTED_EDGE('',*,*,#4050,.F.);
#4050=EDGE_CURVE('',#1017,#4051,#4053,.T.);
#4051=VERTEX_POINT('',#4052);
#4052=CARTESIAN_POINT('',(0.86,-3.740930461463,0.725));
#4053=LINE('',#4054,#153);
#4054=CARTESIAN_POINT('',(0.86,-3.35,0.725));
#4055=ORIENTED_EDGE('',*,*,#1016,.T.);
#4056=ORIENTED_EDGE('',*,*,#4057,.T.);
#4057=EDGE_CURVE('',#1013,#4058,#4060,.T.);
#4058=VERTEX_POINT('',#4059);
#4059=CARTESIAN_POINT('',(0.64,-3.740930461463,0.725));
#4060=LINE('',#4061,#153);
#4061=CARTESIAN_POINT('',(0.64,-3.35,0.725));
#4062=ORIENTED_EDGE('',*,*,#4063,.F.);
#4063=EDGE_CURVE('',#4051,#4058,#4064,.T.);
#4064=LINE('',#4052,#167);
#4065=PLANE('',#4066);
#4066=AXIS2_PLACEMENT_3D('',#4054,#13,#154);
#4067=ADVANCED_FACE('',(#4068),#3888,.F.);
#4068=FACE_BOUND('',#4069,.F.);
#4069=EDGE_LOOP('',(#4070,#4076,#4077,#4083));
#4070=ORIENTED_EDGE('',*,*,#4071,.F.);
#4071=EDGE_CURVE('',#1013,#4072,#4074,.T.);
#4072=VERTEX_POINT('',#4073);
#4073=CARTESIAN_POINT('',(0.64,-3.5,0.875));
#4074=LINE('',#4075,#220);
#4075=CARTESIAN_POINT('',(0.64,-3.5,0.662547563604));
#4076=ORIENTED_EDGE('',*,*,#1012,.T.);
#4077=ORIENTED_EDGE('',*,*,#4078,.T.);
#4078=EDGE_CURVE('',#1009,#4079,#4081,.T.);
#4079=VERTEX_POINT('',#4080);
#4080=CARTESIAN_POINT('',(0.36,-3.5,0.875));
#4081=LINE('',#4082,#220);
#4082=CARTESIAN_POINT('',(0.36,-3.5,0.662547563604));
#4083=ORIENTED_EDGE('',*,*,#4084,.F.);
#4084=EDGE_CURVE('',#4072,#4079,#3887,.T.);
#4085=ADVANCED_FACE('',(#4086),#4104,.F.);
#4086=FACE_BOUND('',#4087,.F.);
#4087=EDGE_LOOP('',(#4088,#4094,#4095,#4101));
#4088=ORIENTED_EDGE('',*,*,#4089,.F.);
#4089=EDGE_CURVE('',#1009,#4090,#4092,.T.);
#4090=VERTEX_POINT('',#4091);
#4091=CARTESIAN_POINT('',(0.36,-3.740930461463,0.725));
#4092=LINE('',#4093,#153);
#4093=CARTESIAN_POINT('',(0.36,-3.35,0.725));
#4094=ORIENTED_EDGE('',*,*,#1008,.T.);
#4095=ORIENTED_EDGE('',*,*,#4096,.T.);
#4096=EDGE_CURVE('',#1005,#4097,#4099,.T.);
#4097=VERTEX_POINT('',#4098);
#4098=CARTESIAN_POINT('',(0.14,-3.740930461463,0.725));
#4099=LINE('',#4100,#153);
#4100=CARTESIAN_POINT('',(0.14,-3.35,0.725));
#4101=ORIENTED_EDGE('',*,*,#4102,.F.);
#4102=EDGE_CURVE('',#4090,#4097,#4103,.T.);
#4103=LINE('',#4091,#167);
#4104=PLANE('',#4105);
#4105=AXIS2_PLACEMENT_3D('',#4093,#13,#154);
#4106=ADVANCED_FACE('',(#4107),#3888,.F.);
#4107=FACE_BOUND('',#4108,.F.);
#4108=EDGE_LOOP('',(#4109,#4115,#4116,#4122));
#4109=ORIENTED_EDGE('',*,*,#4110,.F.);
#4110=EDGE_CURVE('',#1005,#4111,#4113,.T.);
#4111=VERTEX_POINT('',#4112);
#4112=CARTESIAN_POINT('',(0.14,-3.5,0.875));
#4113=LINE('',#4114,#220);
#4114=CARTESIAN_POINT('',(0.14,-3.5,0.662547563604));
#4115=ORIENTED_EDGE('',*,*,#1004,.T.);
#4116=ORIENTED_EDGE('',*,*,#4117,.T.);
#4117=EDGE_CURVE('',#1001,#4118,#4120,.T.);
#4118=VERTEX_POINT('',#4119);
#4119=CARTESIAN_POINT('',(-0.14,-3.5,0.875));
#4120=LINE('',#4121,#220);
#4121=CARTESIAN_POINT('',(-0.14,-3.5,0.662547563604));
#4122=ORIENTED_EDGE('',*,*,#4123,.F.);
#4123=EDGE_CURVE('',#4111,#4118,#3887,.T.);
#4124=ADVANCED_FACE('',(#4125),#4143,.F.);
#4125=FACE_BOUND('',#4126,.F.);
#4126=EDGE_LOOP('',(#4127,#4133,#4134,#4140));
#4127=ORIENTED_EDGE('',*,*,#4128,.F.);
#4128=EDGE_CURVE('',#1001,#4129,#4131,.T.);
#4129=VERTEX_POINT('',#4130);
#4130=CARTESIAN_POINT('',(-0.14,-3.740930461463,0.725));
#4131=LINE('',#4132,#153);
#4132=CARTESIAN_POINT('',(-0.14,-3.35,0.725));
#4133=ORIENTED_EDGE('',*,*,#1000,.T.);
#4134=ORIENTED_EDGE('',*,*,#4135,.T.);
#4135=EDGE_CURVE('',#997,#4136,#4138,.T.);
#4136=VERTEX_POINT('',#4137);
#4137=CARTESIAN_POINT('',(-0.36,-3.740930461463,0.725));
#4138=LINE('',#4139,#153);
#4139=CARTESIAN_POINT('',(-0.36,-3.35,0.725));
#4140=ORIENTED_EDGE('',*,*,#4141,.F.);
#4141=EDGE_CURVE('',#4129,#4136,#4142,.T.);
#4142=LINE('',#4130,#167);
#4143=PLANE('',#4144);
#4144=AXIS2_PLACEMENT_3D('',#4132,#13,#154);
#4145=ADVANCED_FACE('',(#4146),#3888,.F.);
#4146=FACE_BOUND('',#4147,.F.);
#4147=EDGE_LOOP('',(#4148,#4154,#4155,#4161));
#4148=ORIENTED_EDGE('',*,*,#4149,.F.);
#4149=EDGE_CURVE('',#997,#4150,#4152,.T.);
#4150=VERTEX_POINT('',#4151);
#4151=CARTESIAN_POINT('',(-0.36,-3.5,0.875));
#4152=LINE('',#4153,#220);
#4153=CARTESIAN_POINT('',(-0.36,-3.5,0.662547563604));
#4154=ORIENTED_EDGE('',*,*,#996,.T.);
#4155=ORIENTED_EDGE('',*,*,#4156,.T.);
#4156=EDGE_CURVE('',#993,#4157,#4159,.T.);
#4157=VERTEX_POINT('',#4158);
#4158=CARTESIAN_POINT('',(-0.64,-3.5,0.875));
#4159=LINE('',#4160,#220);
#4160=CARTESIAN_POINT('',(-0.64,-3.5,0.662547563604));
#4161=ORIENTED_EDGE('',*,*,#4162,.F.);
#4162=EDGE_CURVE('',#4150,#4157,#3887,.T.);
#4163=ADVANCED_FACE('',(#4164),#4182,.F.);
#4164=FACE_BOUND('',#4165,.F.);
#4165=EDGE_LOOP('',(#4166,#4172,#4173,#4179));
#4166=ORIENTED_EDGE('',*,*,#4167,.F.);
#4167=EDGE_CURVE('',#993,#4168,#4170,.T.);
#4168=VERTEX_POINT('',#4169);
#4169=CARTESIAN_POINT('',(-0.64,-3.740930461463,0.725));
#4170=LINE('',#4171,#153);
#4171=CARTESIAN_POINT('',(-0.64,-3.35,0.725));
#4172=ORIENTED_EDGE('',*,*,#992,.T.);
#4173=ORIENTED_EDGE('',*,*,#4174,.T.);
#4174=EDGE_CURVE('',#989,#4175,#4177,.T.);
#4175=VERTEX_POINT('',#4176);
#4176=CARTESIAN_POINT('',(-0.86,-3.740930461463,0.725));
#4177=LINE('',#4178,#153);
#4178=CARTESIAN_POINT('',(-0.86,-3.35,0.725));
#4179=ORIENTED_EDGE('',*,*,#4180,.F.);
#4180=EDGE_CURVE('',#4168,#4175,#4181,.T.);
#4181=LINE('',#4169,#167);
#4182=PLANE('',#4183);
#4183=AXIS2_PLACEMENT_3D('',#4171,#13,#154);
#4184=ADVANCED_FACE('',(#4185),#3888,.F.);
#4185=FACE_BOUND('',#4186,.F.);
#4186=EDGE_LOOP('',(#4187,#4193,#4194,#4200));
#4187=ORIENTED_EDGE('',*,*,#4188,.F.);
#4188=EDGE_CURVE('',#989,#4189,#4191,.T.);
#4189=VERTEX_POINT('',#4190);
#4190=CARTESIAN_POINT('',(-0.86,-3.5,0.875));
#4191=LINE('',#4192,#220);
#4192=CARTESIAN_POINT('',(-0.86,-3.5,0.662547563604));
#4193=ORIENTED_EDGE('',*,*,#988,.T.);
#4194=ORIENTED_EDGE('',*,*,#4195,.T.);
#4195=EDGE_CURVE('',#985,#4196,#4198,.T.);
#4196=VERTEX_POINT('',#4197);
#4197=CARTESIAN_POINT('',(-1.14,-3.5,0.875));
#4198=LINE('',#4199,#220);
#4199=CARTESIAN_POINT('',(-1.14,-3.5,0.662547563604));
#4200=ORIENTED_EDGE('',*,*,#4201,.F.);
#4201=EDGE_CURVE('',#4189,#4196,#3887,.T.);
#4202=ADVANCED_FACE('',(#4203),#4221,.F.);
#4203=FACE_BOUND('',#4204,.F.);
#4204=EDGE_LOOP('',(#4205,#4211,#4212,#4218));
#4205=ORIENTED_EDGE('',*,*,#4206,.F.);
#4206=EDGE_CURVE('',#985,#4207,#4209,.T.);
#4207=VERTEX_POINT('',#4208);
#4208=CARTESIAN_POINT('',(-1.14,-3.740930461463,0.725));
#4209=LINE('',#4210,#153);
#4210=CARTESIAN_POINT('',(-1.14,-3.35,0.725));
#4211=ORIENTED_EDGE('',*,*,#984,.T.);
#4212=ORIENTED_EDGE('',*,*,#4213,.T.);
#4213=EDGE_CURVE('',#981,#4214,#4216,.T.);
#4214=VERTEX_POINT('',#4215);
#4215=CARTESIAN_POINT('',(-1.36,-3.740930461463,0.725));
#4216=LINE('',#4217,#153);
#4217=CARTESIAN_POINT('',(-1.36,-3.35,0.725));
#4218=ORIENTED_EDGE('',*,*,#4219,.F.);
#4219=EDGE_CURVE('',#4207,#4214,#4220,.T.);
#4220=LINE('',#4208,#167);
#4221=PLANE('',#4222);
#4222=AXIS2_PLACEMENT_3D('',#4210,#13,#154);
#4223=ADVANCED_FACE('',(#4224),#3888,.F.);
#4224=FACE_BOUND('',#4225,.F.);
#4225=EDGE_LOOP('',(#4226,#4232,#4233,#4239));
#4226=ORIENTED_EDGE('',*,*,#4227,.F.);
#4227=EDGE_CURVE('',#981,#4228,#4230,.T.);
#4228=VERTEX_POINT('',#4229);
#4229=CARTESIAN_POINT('',(-1.36,-3.5,0.875));
#4230=LINE('',#4231,#220);
#4231=CARTESIAN_POINT('',(-1.36,-3.5,0.662547563604));
#4232=ORIENTED_EDGE('',*,*,#980,.T.);
#4233=ORIENTED_EDGE('',*,*,#4234,.T.);
#4234=EDGE_CURVE('',#977,#4235,#4237,.T.);
#4235=VERTEX_POINT('',#4236);
#4236=CARTESIAN_POINT('',(-1.64,-3.5,0.875));
#4237=LINE('',#4238,#220);
#4238=CARTESIAN_POINT('',(-1.64,-3.5,0.662547563604));
#4239=ORIENTED_EDGE('',*,*,#4240,.F.);
#4240=EDGE_CURVE('',#4228,#4235,#3887,.T.);
#4241=ADVANCED_FACE('',(#4242),#4260,.F.);
#4242=FACE_BOUND('',#4243,.F.);
#4243=EDGE_LOOP('',(#4244,#4250,#4251,#4257));
#4244=ORIENTED_EDGE('',*,*,#4245,.F.);
#4245=EDGE_CURVE('',#977,#4246,#4248,.T.);
#4246=VERTEX_POINT('',#4247);
#4247=CARTESIAN_POINT('',(-1.64,-3.740930461463,0.725));
#4248=LINE('',#4249,#153);
#4249=CARTESIAN_POINT('',(-1.64,-3.35,0.725));
#4250=ORIENTED_EDGE('',*,*,#976,.T.);
#4251=ORIENTED_EDGE('',*,*,#4252,.T.);
#4252=EDGE_CURVE('',#973,#4253,#4255,.T.);
#4253=VERTEX_POINT('',#4254);
#4254=CARTESIAN_POINT('',(-1.86,-3.740930461463,0.725));
#4255=LINE('',#4256,#153);
#4256=CARTESIAN_POINT('',(-1.86,-3.35,0.725));
#4257=ORIENTED_EDGE('',*,*,#4258,.F.);
#4258=EDGE_CURVE('',#4246,#4253,#4259,.T.);
#4259=LINE('',#4247,#167);
#4260=PLANE('',#4261);
#4261=AXIS2_PLACEMENT_3D('',#4249,#13,#154);
#4262=ADVANCED_FACE('',(#4263),#3888,.F.);
#4263=FACE_BOUND('',#4264,.F.);
#4264=EDGE_LOOP('',(#4265,#4271,#4272,#4278));
#4265=ORIENTED_EDGE('',*,*,#4266,.F.);
#4266=EDGE_CURVE('',#973,#4267,#4269,.T.);
#4267=VERTEX_POINT('',#4268);
#4268=CARTESIAN_POINT('',(-1.86,-3.5,0.875));
#4269=LINE('',#4270,#220);
#4270=CARTESIAN_POINT('',(-1.86,-3.5,0.662547563604));
#4271=ORIENTED_EDGE('',*,*,#972,.T.);
#4272=ORIENTED_EDGE('',*,*,#4273,.T.);
#4273=EDGE_CURVE('',#969,#4274,#4276,.T.);
#4274=VERTEX_POINT('',#4275);
#4275=CARTESIAN_POINT('',(-2.14,-3.5,0.875));
#4276=LINE('',#4277,#220);
#4277=CARTESIAN_POINT('',(-2.14,-3.5,0.662547563604));
#4278=ORIENTED_EDGE('',*,*,#4279,.F.);
#4279=EDGE_CURVE('',#4267,#4274,#3887,.T.);
#4280=ADVANCED_FACE('',(#4281),#4299,.F.);
#4281=FACE_BOUND('',#4282,.F.);
#4282=EDGE_LOOP('',(#4283,#4289,#4290,#4296));
#4283=ORIENTED_EDGE('',*,*,#4284,.F.);
#4284=EDGE_CURVE('',#969,#4285,#4287,.T.);
#4285=VERTEX_POINT('',#4286);
#4286=CARTESIAN_POINT('',(-2.14,-3.740930461463,0.725));
#4287=LINE('',#4288,#153);
#4288=CARTESIAN_POINT('',(-2.14,-3.35,0.725));
#4289=ORIENTED_EDGE('',*,*,#968,.T.);
#4290=ORIENTED_EDGE('',*,*,#4291,.T.);
#4291=EDGE_CURVE('',#965,#4292,#4294,.T.);
#4292=VERTEX_POINT('',#4293);
#4293=CARTESIAN_POINT('',(-2.36,-3.740930461463,0.725));
#4294=LINE('',#4295,#153);
#4295=CARTESIAN_POINT('',(-2.36,-3.35,0.725));
#4296=ORIENTED_EDGE('',*,*,#4297,.F.);
#4297=EDGE_CURVE('',#4285,#4292,#4298,.T.);
#4298=LINE('',#4286,#167);
#4299=PLANE('',#4300);
#4300=AXIS2_PLACEMENT_3D('',#4288,#13,#154);
#4301=ADVANCED_FACE('',(#4302),#3888,.F.);
#4302=FACE_BOUND('',#4303,.F.);
#4303=EDGE_LOOP('',(#4304,#4310,#4311,#4317));
#4304=ORIENTED_EDGE('',*,*,#4305,.F.);
#4305=EDGE_CURVE('',#965,#4306,#4308,.T.);
#4306=VERTEX_POINT('',#4307);
#4307=CARTESIAN_POINT('',(-2.36,-3.5,0.875));
#4308=LINE('',#4309,#220);
#4309=CARTESIAN_POINT('',(-2.36,-3.5,0.662547563604));
#4310=ORIENTED_EDGE('',*,*,#964,.T.);
#4311=ORIENTED_EDGE('',*,*,#4312,.T.);
#4312=EDGE_CURVE('',#961,#4313,#4315,.T.);
#4313=VERTEX_POINT('',#4314);
#4314=CARTESIAN_POINT('',(-2.64,-3.5,0.875));
#4315=LINE('',#4316,#220);
#4316=CARTESIAN_POINT('',(-2.64,-3.5,0.662547563604));
#4317=ORIENTED_EDGE('',*,*,#4318,.F.);
#4318=EDGE_CURVE('',#4306,#4313,#3887,.T.);
#4319=ADVANCED_FACE('',(#4320),#4338,.F.);
#4320=FACE_BOUND('',#4321,.F.);
#4321=EDGE_LOOP('',(#4322,#4328,#4329,#4335));
#4322=ORIENTED_EDGE('',*,*,#4323,.F.);
#4323=EDGE_CURVE('',#961,#4324,#4326,.T.);
#4324=VERTEX_POINT('',#4325);
#4325=CARTESIAN_POINT('',(-2.64,-3.740930461463,0.725));
#4326=LINE('',#4327,#153);
#4327=CARTESIAN_POINT('',(-2.64,-3.35,0.725));
#4328=ORIENTED_EDGE('',*,*,#960,.T.);
#4329=ORIENTED_EDGE('',*,*,#4330,.T.);
#4330=EDGE_CURVE('',#956,#4331,#4333,.T.);
#4331=VERTEX_POINT('',#4332);
#4332=CARTESIAN_POINT('',(-2.86,-3.740930461463,0.725));
#4333=LINE('',#4334,#153);
#4334=CARTESIAN_POINT('',(-2.86,-3.35,0.725));
#4335=ORIENTED_EDGE('',*,*,#4336,.F.);
#4336=EDGE_CURVE('',#4324,#4331,#4337,.T.);
#4337=LINE('',#4325,#167);
#4338=PLANE('',#4339);
#4339=AXIS2_PLACEMENT_3D('',#4327,#13,#154);
#4340=ADVANCED_FACE('',(#4341),#3888,.F.);
#4341=FACE_BOUND('',#4342,.F.);
#4342=EDGE_LOOP('',(#4343,#4349,#4350,#4351));
#4343=ORIENTED_EDGE('',*,*,#4344,.F.);
#4344=EDGE_CURVE('',#956,#4345,#4347,.T.);
#4345=VERTEX_POINT('',#4346);
#4346=CARTESIAN_POINT('',(-2.86,-3.5,0.875));
#4347=LINE('',#4348,#220);
#4348=CARTESIAN_POINT('',(-2.86,-3.5,0.662547563604));
#4349=ORIENTED_EDGE('',*,*,#955,.T.);
#4350=ORIENTED_EDGE('',*,*,#3855,.T.);
#4351=ORIENTED_EDGE('',*,*,#4352,.F.);
#4352=EDGE_CURVE('',#4345,#3851,#3887,.T.);
#4353=ADVANCED_FACE('',(#4354),#4374,.F.);
#4354=FACE_BOUND('',#4355,.F.);
#4355=EDGE_LOOP('',(#4356,#4361,#4365,#4367,#4368,#4372));
#4356=ORIENTED_EDGE('',*,*,#4357,.F.);
#4357=EDGE_CURVE('',#4358,#3328,#4360,.T.);
#4358=VERTEX_POINT('',#4359);
#4359=CARTESIAN_POINT('',(-3.740930461463,2.64,0.875));
#4360=LINE('',#4359,#27);
#4361=ORIENTED_EDGE('',*,*,#4362,.T.);
#4362=EDGE_CURVE('',#4358,#4363,#4364,.T.);
#4363=VERTEX_POINT('',#1117);
#4364=LINE('',#4359,#181);
#4365=ORIENTED_EDGE('',*,*,#4366,.T.);
#4366=EDGE_CURVE('',#4363,#1114,#1116,.T.);
#4367=ORIENTED_EDGE('',*,*,#1113,.T.);
#4368=ORIENTED_EDGE('',*,*,#4369,.F.);
#4369=EDGE_CURVE('',#4370,#1108,#1110,.T.);
#4370=VERTEX_POINT('',#4371);
#4371=CARTESIAN_POINT('',(-3.425,2.64,0.875));
#4372=ORIENTED_EDGE('',*,*,#4373,.F.);
#4373=EDGE_CURVE('',#3328,#4370,#4360,.T.);
#4374=PLANE('',#4375);
#4375=AXIS2_PLACEMENT_3D('',#4359,#190,#14);
#4376=ADVANCED_FACE('',(#4377),#4485,.F.);
#4377=FACE_BOUND('',#4378,.F.);
#4378=EDGE_LOOP('',(#4379,#4384,#4388,#4392,#4396,#4400,#4404,#4408,#4412,#4416,#4420,#4424,#4428,#4432,#4436,#4440,#4444,#4448,#4452,#4456,#4460,#4464,#4468,#4470,#4471,#4472,#4477,#4482));
#4379=ORIENTED_EDGE('',*,*,#4380,.T.);
#4380=EDGE_CURVE('',#4381,#4382,#1110,.T.);
#4381=VERTEX_POINT('',#1111);
#4382=VERTEX_POINT('',#4383);
#4383=CARTESIAN_POINT('',(-3.425,-2.86,0.875));
#4384=ORIENTED_EDGE('',*,*,#4385,.T.);
#4385=EDGE_CURVE('',#4382,#4386,#1110,.T.);
#4386=VERTEX_POINT('',#4387);
#4387=CARTESIAN_POINT('',(-3.425,-2.64,0.875));
#4388=ORIENTED_EDGE('',*,*,#4389,.T.);
#4389=EDGE_CURVE('',#4386,#4390,#1110,.T.);
#4390=VERTEX_POINT('',#4391);
#4391=CARTESIAN_POINT('',(-3.425,-2.36,0.875));
#4392=ORIENTED_EDGE('',*,*,#4393,.T.);
#4393=EDGE_CURVE('',#4390,#4394,#1110,.T.);
#4394=VERTEX_POINT('',#4395);
#4395=CARTESIAN_POINT('',(-3.425,-2.14,0.875));
#4396=ORIENTED_EDGE('',*,*,#4397,.T.);
#4397=EDGE_CURVE('',#4394,#4398,#1110,.T.);
#4398=VERTEX_POINT('',#4399);
#4399=CARTESIAN_POINT('',(-3.425,-1.86,0.875));
#4400=ORIENTED_EDGE('',*,*,#4401,.T.);
#4401=EDGE_CURVE('',#4398,#4402,#1110,.T.);
#4402=VERTEX_POINT('',#4403);
#4403=CARTESIAN_POINT('',(-3.425,-1.64,0.875));
#4404=ORIENTED_EDGE('',*,*,#4405,.T.);
#4405=EDGE_CURVE('',#4402,#4406,#1110,.T.);
#4406=VERTEX_POINT('',#4407);
#4407=CARTESIAN_POINT('',(-3.425,-1.36,0.875));
#4408=ORIENTED_EDGE('',*,*,#4409,.T.);
#4409=EDGE_CURVE('',#4406,#4410,#1110,.T.);
#4410=VERTEX_POINT('',#4411);
#4411=CARTESIAN_POINT('',(-3.425,-1.14,0.875));
#4412=ORIENTED_EDGE('',*,*,#4413,.T.);
#4413=EDGE_CURVE('',#4410,#4414,#1110,.T.);
#4414=VERTEX_POINT('',#4415);
#4415=CARTESIAN_POINT('',(-3.425,-0.86,0.875));
#4416=ORIENTED_EDGE('',*,*,#4417,.T.);
#4417=EDGE_CURVE('',#4414,#4418,#1110,.T.);
#4418=VERTEX_POINT('',#4419);
#4419=CARTESIAN_POINT('',(-3.425,-0.64,0.875));
#4420=ORIENTED_EDGE('',*,*,#4421,.T.);
#4421=EDGE_CURVE('',#4418,#4422,#1110,.T.);
#4422=VERTEX_POINT('',#4423);
#4423=CARTESIAN_POINT('',(-3.425,-0.36,0.875));
#4424=ORIENTED_EDGE('',*,*,#4425,.T.);
#4425=EDGE_CURVE('',#4422,#4426,#1110,.T.);
#4426=VERTEX_POINT('',#4427);
#4427=CARTESIAN_POINT('',(-3.425,-0.14,0.875));
#4428=ORIENTED_EDGE('',*,*,#4429,.T.);
#4429=EDGE_CURVE('',#4426,#4430,#1110,.T.);
#4430=VERTEX_POINT('',#4431);
#4431=CARTESIAN_POINT('',(-3.425,0.14,0.875));
#4432=ORIENTED_EDGE('',*,*,#4433,.T.);
#4433=EDGE_CURVE('',#4430,#4434,#1110,.T.);
#4434=VERTEX_POINT('',#4435);
#4435=CARTESIAN_POINT('',(-3.425,0.36,0.875));
#4436=ORIENTED_EDGE('',*,*,#4437,.T.);
#4437=EDGE_CURVE('',#4434,#4438,#1110,.T.);
#4438=VERTEX_POINT('',#4439);
#4439=CARTESIAN_POINT('',(-3.425,0.64,0.875));
#4440=ORIENTED_EDGE('',*,*,#4441,.T.);
#4441=EDGE_CURVE('',#4438,#4442,#1110,.T.);
#4442=VERTEX_POINT('',#4443);
#4443=CARTESIAN_POINT('',(-3.425,0.86,0.875));
#4444=ORIENTED_EDGE('',*,*,#4445,.T.);
#4445=EDGE_CURVE('',#4442,#4446,#1110,.T.);
#4446=VERTEX_POINT('',#4447);
#4447=CARTESIAN_POINT('',(-3.425,1.14,0.875));
#4448=ORIENTED_EDGE('',*,*,#4449,.T.);
#4449=EDGE_CURVE('',#4446,#4450,#1110,.T.);
#4450=VERTEX_POINT('',#4451);
#4451=CARTESIAN_POINT('',(-3.425,1.36,0.875));
#4452=ORIENTED_EDGE('',*,*,#4453,.T.);
#4453=EDGE_CURVE('',#4450,#4454,#1110,.T.);
#4454=VERTEX_POINT('',#4455);
#4455=CARTESIAN_POINT('',(-3.425,1.64,0.875));
#4456=ORIENTED_EDGE('',*,*,#4457,.T.);
#4457=EDGE_CURVE('',#4454,#4458,#1110,.T.);
#4458=VERTEX_POINT('',#4459);
#4459=CARTESIAN_POINT('',(-3.425,1.86,0.875));
#4460=ORIENTED_EDGE('',*,*,#4461,.T.);
#4461=EDGE_CURVE('',#4458,#4462,#1110,.T.);
#4462=VERTEX_POINT('',#4463);
#4463=CARTESIAN_POINT('',(-3.425,2.14,0.875));
#4464=ORIENTED_EDGE('',*,*,#4465,.T.);
#4465=EDGE_CURVE('',#4462,#4466,#1110,.T.);
#4466=VERTEX_POINT('',#4467);
#4467=CARTESIAN_POINT('',(-3.425,2.36,0.875));
#4468=ORIENTED_EDGE('',*,*,#4469,.T.);
#4469=EDGE_CURVE('',#4466,#4370,#1110,.T.);
#4470=ORIENTED_EDGE('',*,*,#4369,.T.);
#4471=ORIENTED_EDGE('',*,*,#1107,.T.);
#4472=ORIENTED_EDGE('',*,*,#4473,.T.);
#4473=EDGE_CURVE('',#1103,#4474,#4476,.T.);
#4474=VERTEX_POINT('',#4475);
#4475=CARTESIAN_POINT('',(-3.292152148956,3.221076074478,1.5));
#4476=B_SPLINE_CURVE_WITH_KNOTS('',1,(#1104,#4475),.UNSPECIFIED.,.F.,.F.,(2,2),(0.,1.),.PIECEWISE_BEZIER_KNOTS.);
#4477=ORIENTED_EDGE('',*,*,#4478,.F.);
#4478=EDGE_CURVE('',#4479,#4474,#4481,.T.);
#4479=VERTEX_POINT('',#4480);
#4480=CARTESIAN_POINT('',(-3.292152148956,-3.221076074478,1.5));
#4481=LINE('',#4480,#181);
#4482=ORIENTED_EDGE('',*,*,#4483,.F.);
#4483=EDGE_CURVE('',#4381,#4479,#4484,.T.);
#4484=B_SPLINE_CURVE_WITH_KNOTS('',1,(#1111,#4480),.UNSPECIFIED.,.F.,.F.,(2,2),(0.,1.),.PIECEWISE_BEZIER_KNOTS.);
#4485=B_SPLINE_SURFACE_WITH_KNOTS('',1,1,((#1111,#4480),(#1104,#4475)),.UNSPECIFIED.,.F.,.F.,.F.,(2,2),(2,2),(0.,6.575),(0.,1.),.PIECEWISE_BEZIER_KNOTS.);
#4486=ADVANCED_FACE('',(#4487),#4499,.F.);
#4487=FACE_BOUND('',#4488,.F.);
#4488=EDGE_LOOP('',(#4489,#4490,#4495,#4498));
#4489=ORIENTED_EDGE('',*,*,#1102,.T.);
#4490=ORIENTED_EDGE('',*,*,#4491,.T.);
#4491=EDGE_CURVE('',#1098,#4492,#4494,.T.);
#4492=VERTEX_POINT('',#4493);
#4493=CARTESIAN_POINT('',(-3.221076074478,3.292152148956,1.5));
#4494=B_SPLINE_CURVE_WITH_KNOTS('',1,(#1099,#4493),.UNSPECIFIED.,.F.,.F.,(2,2),(0.,1.),.PIECEWISE_BEZIER_KNOTS.);
#4495=ORIENTED_EDGE('',*,*,#4496,.F.);
#4496=EDGE_CURVE('',#4474,#4492,#4497,.T.);
#4497=LINE('',#4475,#186);
#4498=ORIENTED_EDGE('',*,*,#4473,.F.);
#4499=B_SPLINE_SURFACE_WITH_KNOTS('',1,1,((#1104,#4475),(#1099,#4493)),.UNSPECIFIED.,.F.,.F.,.F.,(2,2),(2,2),(0.,0.194454364826),(0.,1.),.PIECEWISE_BEZIER_KNOTS.);
#4500=ADVANCED_FACE('',(#4501),#4549,.F.);
#4501=FACE_BOUND('',#4502,.F.);
#4502=EDGE_LOOP('',(#4503,#4504,#4506,#4507,#4509,#4510,#4512,#4513,#4515,#4516,#4518,#4519,#4521,#4522,#4524,#4525,#4527,#4528,#4530,#4531,#4533,#4534,#4536,#4537,#4539,#4540,#4545,#4548));
#4503=ORIENTED_EDGE('',*,*,#1097,.T.);
#4504=ORIENTED_EDGE('',*,*,#4505,.T.);
#4505=EDGE_CURVE('',#1092,#1265,#1100,.T.);
#4506=ORIENTED_EDGE('',*,*,#1275,.T.);
#4507=ORIENTED_EDGE('',*,*,#4508,.T.);
#4508=EDGE_CURVE('',#1270,#1410,#1100,.T.);
#4509=ORIENTED_EDGE('',*,*,#1420,.T.);
#4510=ORIENTED_EDGE('',*,*,#4511,.T.);
#4511=EDGE_CURVE('',#1415,#1555,#1100,.T.);
#4512=ORIENTED_EDGE('',*,*,#1565,.T.);
#4513=ORIENTED_EDGE('',*,*,#4514,.T.);
#4514=EDGE_CURVE('',#1560,#1700,#1100,.T.);
#4515=ORIENTED_EDGE('',*,*,#1710,.T.);
#4516=ORIENTED_EDGE('',*,*,#4517,.T.);
#4517=EDGE_CURVE('',#1705,#1845,#1100,.T.);
#4518=ORIENTED_EDGE('',*,*,#1855,.T.);
#4519=ORIENTED_EDGE('',*,*,#4520,.T.);
#4520=EDGE_CURVE('',#1850,#1990,#1100,.T.);
#4521=ORIENTED_EDGE('',*,*,#2000,.T.);
#4522=ORIENTED_EDGE('',*,*,#4523,.T.);
#4523=EDGE_CURVE('',#1995,#2135,#1100,.T.);
#4524=ORIENTED_EDGE('',*,*,#2145,.T.);
#4525=ORIENTED_EDGE('',*,*,#4526,.T.);
#4526=EDGE_CURVE('',#2140,#2280,#1100,.T.);
#4527=ORIENTED_EDGE('',*,*,#2290,.T.);
#4528=ORIENTED_EDGE('',*,*,#4529,.T.);
#4529=EDGE_CURVE('',#2285,#2425,#1100,.T.);
#4530=ORIENTED_EDGE('',*,*,#2435,.T.);
#4531=ORIENTED_EDGE('',*,*,#4532,.T.);
#4532=EDGE_CURVE('',#2430,#2570,#1100,.T.);
#4533=ORIENTED_EDGE('',*,*,#2580,.T.);
#4534=ORIENTED_EDGE('',*,*,#4535,.T.);
#4535=EDGE_CURVE('',#2575,#2715,#1100,.T.);
#4536=ORIENTED_EDGE('',*,*,#2725,.T.);
#4537=ORIENTED_EDGE('',*,*,#4538,.T.);
#4538=EDGE_CURVE('',#2720,#2860,#1100,.T.);
#4539=ORIENTED_EDGE('',*,*,#2886,.T.);
#4540=ORIENTED_EDGE('',*,*,#4541,.T.);
#4541=EDGE_CURVE('',#2882,#4542,#4544,.T.);
#4542=VERTEX_POINT('',#4543);
#4543=CARTESIAN_POINT('',(3.221076074478,3.292152148956,1.5));
#4544=B_SPLINE_CURVE_WITH_KNOTS('',1,(#2883,#4543),.UNSPECIFIED.,.F.,.F.,(2,2),(0.,1.),.PIECEWISE_BEZIER_KNOTS.);
#4545=ORIENTED_EDGE('',*,*,#4546,.F.);
#4546=EDGE_CURVE('',#4492,#4542,#4547,.T.);
#4547=LINE('',#4493,#27);
#4548=ORIENTED_EDGE('',*,*,#4491,.F.);
#4549=B_SPLINE_SURFACE_WITH_KNOTS('',1,1,((#1099,#4493),(#2883,#4543)),.UNSPECIFIED.,.F.,.F.,.F.,(2,2),(2,2),(0.,6.575),(0.,1.),.PIECEWISE_BEZIER_KNOTS.);
#4550=ADVANCED_FACE('',(#4551),#4560,.F.);
#4551=FACE_BOUND('',#4552,.F.);
#4552=EDGE_LOOP('',(#4553,#4554,#1254,#4557,#4558,#4559));
#4553=ORIENTED_EDGE('',*,*,#1187,.F.);
#4554=ORIENTED_EDGE('',*,*,#4555,.T.);
#4555=EDGE_CURVE('',#1182,#1250,#4556,.T.);
#4556=LINE('',#1095,#27);
#4557=ORIENTED_EDGE('',*,*,#1264,.T.);
#4558=ORIENTED_EDGE('',*,*,#4505,.F.);
#4559=ORIENTED_EDGE('',*,*,#1091,.F.);
#4560=PLANE('',#4561);
#4561=AXIS2_PLACEMENT_3D('',#1095,#190,#154);
#4562=ADVANCED_FACE('',(#4563),#4570,.T.);
#4563=FACE_BOUND('',#4564,.F.);
#4564=EDGE_LOOP('',(#4565,#1248,#4568,#4569));
#4565=ORIENTED_EDGE('',*,*,#4566,.T.);
#4566=EDGE_CURVE('',#1175,#1245,#4567,.T.);
#4567=LINE('',#1176,#27);
#4568=ORIENTED_EDGE('',*,*,#4555,.F.);
#4569=ORIENTED_EDGE('',*,*,#1181,.F.);
#4570=CYLINDRICAL_SURFACE('',#4571,0.25);
#4571=AXIS2_PLACEMENT_3D('',#1136,#168,#1185);
#4572=ADVANCED_FACE('',(#4573),#4580,.F.);
#4573=FACE_BOUND('',#4574,.F.);
#4574=EDGE_LOOP('',(#4575,#1243,#4578,#4579));
#4575=ORIENTED_EDGE('',*,*,#4576,.T.);
#4576=EDGE_CURVE('',#1169,#1239,#4577,.T.);
#4577=LINE('',#1170,#27);
#4578=ORIENTED_EDGE('',*,*,#4566,.F.);
#4579=ORIENTED_EDGE('',*,*,#1174,.F.);
#4580=PLANE('',#4581);
#4581=AXIS2_PLACEMENT_3D('',#1170,#4582,#1179);
#4582=DIRECTION('',(0.,-0.987226000081,-0.159326158443));
#4583=ADVANCED_FACE('',(#4584),#4591,.F.);
#4584=FACE_BOUND('',#4585,.F.);
#4585=EDGE_LOOP('',(#4586,#1237,#4589,#4590));
#4586=ORIENTED_EDGE('',*,*,#4587,.T.);
#4587=EDGE_CURVE('',#1164,#1234,#4588,.T.);
#4588=LINE('',#1165,#27);
#4589=ORIENTED_EDGE('',*,*,#4576,.F.);
#4590=ORIENTED_EDGE('',*,*,#1168,.F.);
#4591=CYLINDRICAL_SURFACE('',#1172,0.14);
#4592=ADVANCED_FACE('',(#4593),#4600,.F.);
#4593=FACE_BOUND('',#4594,.F.);
#4594=EDGE_LOOP('',(#4595,#1232,#4598,#4599));
#4595=ORIENTED_EDGE('',*,*,#4596,.T.);
#4596=EDGE_CURVE('',#1159,#1229,#4597,.T.);
#4597=LINE('',#1160,#27);
#4598=ORIENTED_EDGE('',*,*,#4587,.F.);
#4599=ORIENTED_EDGE('',*,*,#1163,.F.);
#4600=PLANE('',#4601);
#4601=AXIS2_PLACEMENT_3D('',#1160,#190,#154);
#4602=ADVANCED_FACE('',(#4603),#4610,.F.);
#4603=FACE_BOUND('',#4604,.F.);
#4604=EDGE_LOOP('',(#4605,#1227,#4608,#4609));
#4605=ORIENTED_EDGE('',*,*,#4606,.T.);
#4606=EDGE_CURVE('',#1154,#1224,#4607,.T.);
#4607=LINE('',#1155,#27);
#4608=ORIENTED_EDGE('',*,*,#4596,.F.);
#4609=ORIENTED_EDGE('',*,*,#1158,.F.);
#4610=PLANE('',#4611);
#4611=AXIS2_PLACEMENT_3D('',#1155,#154,#13);
#4612=ADVANCED_FACE('',(#4613),#4620,.F.);
#4613=FACE_BOUND('',#4614,.F.);
#4614=EDGE_LOOP('',(#4615,#1222,#4618,#4619));
#4615=ORIENTED_EDGE('',*,*,#4616,.T.);
#4616=EDGE_CURVE('',#1146,#1217,#4617,.T.);
#4617=LINE('',#1147,#27);
#4618=ORIENTED_EDGE('',*,*,#4606,.F.);
#4619=ORIENTED_EDGE('',*,*,#1153,.F.);
#4620=PLANE('',#4621);
#4621=AXIS2_PLACEMENT_3D('',#1147,#13,#182);
#4622=ADVANCED_FACE('',(#4623),#4630,.T.);
#4623=FACE_BOUND('',#4624,.F.);
#4624=EDGE_LOOP('',(#4625,#1215,#4628,#4629));
#4625=ORIENTED_EDGE('',*,*,#4626,.T.);
#4626=EDGE_CURVE('',#1139,#1212,#4627,.T.);
#4627=LINE('',#1140,#27);
#4628=ORIENTED_EDGE('',*,*,#4616,.F.);
#4629=ORIENTED_EDGE('',*,*,#1145,.F.);
#4630=CYLINDRICAL_SURFACE('',#4631,0.29);
#4631=AXIS2_PLACEMENT_3D('',#1150,#168,#1151);
#4632=ADVANCED_FACE('',(#4633),#4638,.F.);
#4633=FACE_BOUND('',#4634,.F.);
#4634=EDGE_LOOP('',(#4635,#1210,#4636,#4637));
#4635=ORIENTED_EDGE('',*,*,#1203,.T.);
#4636=ORIENTED_EDGE('',*,*,#4626,.F.);
#4637=ORIENTED_EDGE('',*,*,#1138,.F.);
#4638=PLANE('',#4639);
#4639=AXIS2_PLACEMENT_3D('',#1133,#4640,#1143);
#4640=DIRECTION('',(0.,0.987226000081,0.159326158443));
#4641=ADVANCED_FACE('',(#4642),#4651,.F.);
#4642=FACE_BOUND('',#4643,.F.);
#4643=EDGE_LOOP('',(#4644,#4645,#1399,#4648,#4649,#4650));
#4644=ORIENTED_EDGE('',*,*,#1332,.F.);
#4645=ORIENTED_EDGE('',*,*,#4646,.T.);
#4646=EDGE_CURVE('',#1328,#1395,#4647,.T.);
#4647=LINE('',#1273,#27);
#4648=ORIENTED_EDGE('',*,*,#1409,.T.);
#4649=ORIENTED_EDGE('',*,*,#4508,.F.);
#4650=ORIENTED_EDGE('',*,*,#1269,.F.);
#4651=PLANE('',#4652);
#4652=AXIS2_PLACEMENT_3D('',#1273,#190,#154);
#4653=ADVANCED_FACE('',(#4654),#4661,.T.);
#4654=FACE_BOUND('',#4655,.F.);
#4655=EDGE_LOOP('',(#4656,#1393,#4659,#4660));
#4656=ORIENTED_EDGE('',*,*,#4657,.T.);
#4657=EDGE_CURVE('',#1323,#1390,#4658,.T.);
#4658=LINE('',#1324,#27);
#4659=ORIENTED_EDGE('',*,*,#4646,.F.);
#4660=ORIENTED_EDGE('',*,*,#1327,.F.);
#4661=CYLINDRICAL_SURFACE('',#4662,0.25);
#4662=AXIS2_PLACEMENT_3D('',#1287,#168,#1185);
#4663=ADVANCED_FACE('',(#4664),#4671,.F.);
#4664=FACE_BOUND('',#4665,.F.);
#4665=EDGE_LOOP('',(#4666,#1388,#4669,#4670));
#4666=ORIENTED_EDGE('',*,*,#4667,.T.);
#4667=EDGE_CURVE('',#1317,#1384,#4668,.T.);
#4668=LINE('',#1318,#27);
#4669=ORIENTED_EDGE('',*,*,#4657,.F.);
#4670=ORIENTED_EDGE('',*,*,#1322,.F.);
#4671=PLANE('',#4672);
#4672=AXIS2_PLACEMENT_3D('',#1318,#4582,#1179);
#4673=ADVANCED_FACE('',(#4674),#4681,.F.);
#4674=FACE_BOUND('',#4675,.F.);
#4675=EDGE_LOOP('',(#4676,#1382,#4679,#4680));
#4676=ORIENTED_EDGE('',*,*,#4677,.T.);
#4677=EDGE_CURVE('',#1312,#1379,#4678,.T.);
#4678=LINE('',#1313,#27);
#4679=ORIENTED_EDGE('',*,*,#4667,.F.);
#4680=ORIENTED_EDGE('',*,*,#1316,.F.);
#4681=CYLINDRICAL_SURFACE('',#1320,0.14);
#4682=ADVANCED_FACE('',(#4683),#4690,.F.);
#4683=FACE_BOUND('',#4684,.F.);
#4684=EDGE_LOOP('',(#4685,#1377,#4688,#4689));
#4685=ORIENTED_EDGE('',*,*,#4686,.T.);
#4686=EDGE_CURVE('',#1307,#1374,#4687,.T.);
#4687=LINE('',#1308,#27);
#4688=ORIENTED_EDGE('',*,*,#4677,.F.);
#4689=ORIENTED_EDGE('',*,*,#1311,.F.);
#4690=PLANE('',#4691);
#4691=AXIS2_PLACEMENT_3D('',#1308,#190,#154);
#4692=ADVANCED_FACE('',(#4693),#4700,.F.);
#4693=FACE_BOUND('',#4694,.F.);
#4694=EDGE_LOOP('',(#4695,#1372,#4698,#4699));
#4695=ORIENTED_EDGE('',*,*,#4696,.T.);
#4696=EDGE_CURVE('',#1302,#1369,#4697,.T.);
#4697=LINE('',#1303,#27);
#4698=ORIENTED_EDGE('',*,*,#4686,.F.);
#4699=ORIENTED_EDGE('',*,*,#1306,.F.);
#4700=PLANE('',#4701);
#4701=AXIS2_PLACEMENT_3D('',#1303,#154,#13);
#4702=ADVANCED_FACE('',(#4703),#4710,.F.);
#4703=FACE_BOUND('',#4704,.F.);
#4704=EDGE_LOOP('',(#4705,#1367,#4708,#4709));
#4705=ORIENTED_EDGE('',*,*,#4706,.T.);
#4706=EDGE_CURVE('',#1295,#1362,#4707,.T.);
#4707=LINE('',#1296,#27);
#4708=ORIENTED_EDGE('',*,*,#4696,.F.);
#4709=ORIENTED_EDGE('',*,*,#1301,.F.);
#4710=PLANE('',#4711);
#4711=AXIS2_PLACEMENT_3D('',#1296,#13,#182);
#4712=ADVANCED_FACE('',(#4713),#4720,.T.);
#4713=FACE_BOUND('',#4714,.F.);
#4714=EDGE_LOOP('',(#4715,#1360,#4718,#4719));
#4715=ORIENTED_EDGE('',*,*,#4716,.T.);
#4716=EDGE_CURVE('',#1290,#1357,#4717,.T.);
#4717=LINE('',#1291,#27);
#4718=ORIENTED_EDGE('',*,*,#4706,.F.);
#4719=ORIENTED_EDGE('',*,*,#1294,.F.);
#4720=CYLINDRICAL_SURFACE('',#4721,0.29);
#4721=AXIS2_PLACEMENT_3D('',#1299,#168,#1151);
#4722=ADVANCED_FACE('',(#4723),#4728,.F.);
#4723=FACE_BOUND('',#4724,.F.);
#4724=EDGE_LOOP('',(#4725,#1355,#4726,#4727));
#4725=ORIENTED_EDGE('',*,*,#1348,.T.);
#4726=ORIENTED_EDGE('',*,*,#4716,.F.);
#4727=ORIENTED_EDGE('',*,*,#1289,.F.);
#4728=PLANE('',#4729);
#4729=AXIS2_PLACEMENT_3D('',#1284,#4640,#1143);
#4730=ADVANCED_FACE('',(#4731),#4740,.F.);
#4731=FACE_BOUND('',#4732,.F.);
#4732=EDGE_LOOP('',(#4733,#4734,#1544,#4737,#4738,#4739));
#4733=ORIENTED_EDGE('',*,*,#1477,.F.);
#4734=ORIENTED_EDGE('',*,*,#4735,.T.);
#4735=EDGE_CURVE('',#1473,#1540,#4736,.T.);
#4736=LINE('',#1418,#27);
#4737=ORIENTED_EDGE('',*,*,#1554,.T.);
#4738=ORIENTED_EDGE('',*,*,#4511,.F.);
#4739=ORIENTED_EDGE('',*,*,#1414,.F.);
#4740=PLANE('',#4741);
#4741=AXIS2_PLACEMENT_3D('',#1418,#190,#154);
#4742=ADVANCED_FACE('',(#4743),#4750,.T.);
#4743=FACE_BOUND('',#4744,.F.);
#4744=EDGE_LOOP('',(#4745,#1538,#4748,#4749));
#4745=ORIENTED_EDGE('',*,*,#4746,.T.);
#4746=EDGE_CURVE('',#1468,#1535,#4747,.T.);
#4747=LINE('',#1469,#27);
#4748=ORIENTED_EDGE('',*,*,#4735,.F.);
#4749=ORIENTED_EDGE('',*,*,#1472,.F.);
#4750=CYLINDRICAL_SURFACE('',#4751,0.25);
#4751=AXIS2_PLACEMENT_3D('',#1432,#168,#1185);
#4752=ADVANCED_FACE('',(#4753),#4760,.F.);
#4753=FACE_BOUND('',#4754,.F.);
#4754=EDGE_LOOP('',(#4755,#1533,#4758,#4759));
#4755=ORIENTED_EDGE('',*,*,#4756,.T.);
#4756=EDGE_CURVE('',#1462,#1529,#4757,.T.);
#4757=LINE('',#1463,#27);
#4758=ORIENTED_EDGE('',*,*,#4746,.F.);
#4759=ORIENTED_EDGE('',*,*,#1467,.F.);
#4760=PLANE('',#4761);
#4761=AXIS2_PLACEMENT_3D('',#1463,#4582,#1179);
#4762=ADVANCED_FACE('',(#4763),#4770,.F.);
#4763=FACE_BOUND('',#4764,.F.);
#4764=EDGE_LOOP('',(#4765,#1527,#4768,#4769));
#4765=ORIENTED_EDGE('',*,*,#4766,.T.);
#4766=EDGE_CURVE('',#1457,#1524,#4767,.T.);
#4767=LINE('',#1458,#27);
#4768=ORIENTED_EDGE('',*,*,#4756,.F.);
#4769=ORIENTED_EDGE('',*,*,#1461,.F.);
#4770=CYLINDRICAL_SURFACE('',#1465,0.14);
#4771=ADVANCED_FACE('',(#4772),#4779,.F.);
#4772=FACE_BOUND('',#4773,.F.);
#4773=EDGE_LOOP('',(#4774,#1522,#4777,#4778));
#4774=ORIENTED_EDGE('',*,*,#4775,.T.);
#4775=EDGE_CURVE('',#1452,#1519,#4776,.T.);
#4776=LINE('',#1453,#27);
#4777=ORIENTED_EDGE('',*,*,#4766,.F.);
#4778=ORIENTED_EDGE('',*,*,#1456,.F.);
#4779=PLANE('',#4780);
#4780=AXIS2_PLACEMENT_3D('',#1453,#190,#154);
#4781=ADVANCED_FACE('',(#4782),#4789,.F.);
#4782=FACE_BOUND('',#4783,.F.);
#4783=EDGE_LOOP('',(#4784,#1517,#4787,#4788));
#4784=ORIENTED_EDGE('',*,*,#4785,.T.);
#4785=EDGE_CURVE('',#1447,#1514,#4786,.T.);
#4786=LINE('',#1448,#27);
#4787=ORIENTED_EDGE('',*,*,#4775,.F.);
#4788=ORIENTED_EDGE('',*,*,#1451,.F.);
#4789=PLANE('',#4790);
#4790=AXIS2_PLACEMENT_3D('',#1448,#154,#13);
#4791=ADVANCED_FACE('',(#4792),#4799,.F.);
#4792=FACE_BOUND('',#4793,.F.);
#4793=EDGE_LOOP('',(#4794,#1512,#4797,#4798));
#4794=ORIENTED_EDGE('',*,*,#4795,.T.);
#4795=EDGE_CURVE('',#1440,#1507,#4796,.T.);
#4796=LINE('',#1441,#27);
#4797=ORIENTED_EDGE('',*,*,#4785,.F.);
#4798=ORIENTED_EDGE('',*,*,#1446,.F.);
#4799=PLANE('',#4800);
#4800=AXIS2_PLACEMENT_3D('',#1441,#13,#182);
#4801=ADVANCED_FACE('',(#4802),#4809,.T.);
#4802=FACE_BOUND('',#4803,.F.);
#4803=EDGE_LOOP('',(#4804,#1505,#4807,#4808));
#4804=ORIENTED_EDGE('',*,*,#4805,.T.);
#4805=EDGE_CURVE('',#1435,#1502,#4806,.T.);
#4806=LINE('',#1436,#27);
#4807=ORIENTED_EDGE('',*,*,#4795,.F.);
#4808=ORIENTED_EDGE('',*,*,#1439,.F.);
#4809=CYLINDRICAL_SURFACE('',#4810,0.29);
#4810=AXIS2_PLACEMENT_3D('',#1444,#168,#1151);
#4811=ADVANCED_FACE('',(#4812),#4817,.F.);
#4812=FACE_BOUND('',#4813,.F.);
#4813=EDGE_LOOP('',(#4814,#1500,#4815,#4816));
#4814=ORIENTED_EDGE('',*,*,#1493,.T.);
#4815=ORIENTED_EDGE('',*,*,#4805,.F.);
#4816=ORIENTED_EDGE('',*,*,#1434,.F.);
#4817=PLANE('',#4818);
#4818=AXIS2_PLACEMENT_3D('',#1429,#4640,#1143);
#4819=ADVANCED_FACE('',(#4820),#4829,.F.);
#4820=FACE_BOUND('',#4821,.F.);
#4821=EDGE_LOOP('',(#4822,#4823,#1689,#4826,#4827,#4828));
#4822=ORIENTED_EDGE('',*,*,#1622,.F.);
#4823=ORIENTED_EDGE('',*,*,#4824,.T.);
#4824=EDGE_CURVE('',#1618,#1685,#4825,.T.);
#4825=LINE('',#1563,#27);
#4826=ORIENTED_EDGE('',*,*,#1699,.T.);
#4827=ORIENTED_EDGE('',*,*,#4514,.F.);
#4828=ORIENTED_EDGE('',*,*,#1559,.F.);
#4829=PLANE('',#4830);
#4830=AXIS2_PLACEMENT_3D('',#1563,#190,#154);
#4831=ADVANCED_FACE('',(#4832),#4839,.T.);
#4832=FACE_BOUND('',#4833,.F.);
#4833=EDGE_LOOP('',(#4834,#1683,#4837,#4838));
#4834=ORIENTED_EDGE('',*,*,#4835,.T.);
#4835=EDGE_CURVE('',#1613,#1680,#4836,.T.);
#4836=LINE('',#1614,#27);
#4837=ORIENTED_EDGE('',*,*,#4824,.F.);
#4838=ORIENTED_EDGE('',*,*,#1617,.F.);
#4839=CYLINDRICAL_SURFACE('',#4840,0.25);
#4840=AXIS2_PLACEMENT_3D('',#1577,#168,#1185);
#4841=ADVANCED_FACE('',(#4842),#4849,.F.);
#4842=FACE_BOUND('',#4843,.F.);
#4843=EDGE_LOOP('',(#4844,#1678,#4847,#4848));
#4844=ORIENTED_EDGE('',*,*,#4845,.T.);
#4845=EDGE_CURVE('',#1607,#1674,#4846,.T.);
#4846=LINE('',#1608,#27);
#4847=ORIENTED_EDGE('',*,*,#4835,.F.);
#4848=ORIENTED_EDGE('',*,*,#1612,.F.);
#4849=PLANE('',#4850);
#4850=AXIS2_PLACEMENT_3D('',#1608,#4582,#1179);
#4851=ADVANCED_FACE('',(#4852),#4859,.F.);
#4852=FACE_BOUND('',#4853,.F.);
#4853=EDGE_LOOP('',(#4854,#1672,#4857,#4858));
#4854=ORIENTED_EDGE('',*,*,#4855,.T.);
#4855=EDGE_CURVE('',#1602,#1669,#4856,.T.);
#4856=LINE('',#1603,#27);
#4857=ORIENTED_EDGE('',*,*,#4845,.F.);
#4858=ORIENTED_EDGE('',*,*,#1606,.F.);
#4859=CYLINDRICAL_SURFACE('',#1610,0.14);
#4860=ADVANCED_FACE('',(#4861),#4868,.F.);
#4861=FACE_BOUND('',#4862,.F.);
#4862=EDGE_LOOP('',(#4863,#1667,#4866,#4867));
#4863=ORIENTED_EDGE('',*,*,#4864,.T.);
#4864=EDGE_CURVE('',#1597,#1664,#4865,.T.);
#4865=LINE('',#1598,#27);
#4866=ORIENTED_EDGE('',*,*,#4855,.F.);
#4867=ORIENTED_EDGE('',*,*,#1601,.F.);
#4868=PLANE('',#4869);
#4869=AXIS2_PLACEMENT_3D('',#1598,#190,#154);
#4870=ADVANCED_FACE('',(#4871),#4878,.F.);
#4871=FACE_BOUND('',#4872,.F.);
#4872=EDGE_LOOP('',(#4873,#1662,#4876,#4877));
#4873=ORIENTED_EDGE('',*,*,#4874,.T.);
#4874=EDGE_CURVE('',#1592,#1659,#4875,.T.);
#4875=LINE('',#1593,#27);
#4876=ORIENTED_EDGE('',*,*,#4864,.F.);
#4877=ORIENTED_EDGE('',*,*,#1596,.F.);
#4878=PLANE('',#4879);
#4879=AXIS2_PLACEMENT_3D('',#1593,#154,#13);
#4880=ADVANCED_FACE('',(#4881),#4888,.F.);
#4881=FACE_BOUND('',#4882,.F.);
#4882=EDGE_LOOP('',(#4883,#1657,#4886,#4887));
#4883=ORIENTED_EDGE('',*,*,#4884,.T.);
#4884=EDGE_CURVE('',#1585,#1652,#4885,.T.);
#4885=LINE('',#1586,#27);
#4886=ORIENTED_EDGE('',*,*,#4874,.F.);
#4887=ORIENTED_EDGE('',*,*,#1591,.F.);
#4888=PLANE('',#4889);
#4889=AXIS2_PLACEMENT_3D('',#1586,#13,#182);
#4890=ADVANCED_FACE('',(#4891),#4898,.T.);
#4891=FACE_BOUND('',#4892,.F.);
#4892=EDGE_LOOP('',(#4893,#1650,#4896,#4897));
#4893=ORIENTED_EDGE('',*,*,#4894,.T.);
#4894=EDGE_CURVE('',#1580,#1647,#4895,.T.);
#4895=LINE('',#1581,#27);
#4896=ORIENTED_EDGE('',*,*,#4884,.F.);
#4897=ORIENTED_EDGE('',*,*,#1584,.F.);
#4898=CYLINDRICAL_SURFACE('',#4899,0.29);
#4899=AXIS2_PLACEMENT_3D('',#1589,#168,#1151);
#4900=ADVANCED_FACE('',(#4901),#4906,.F.);
#4901=FACE_BOUND('',#4902,.F.);
#4902=EDGE_LOOP('',(#4903,#1645,#4904,#4905));
#4903=ORIENTED_EDGE('',*,*,#1638,.T.);
#4904=ORIENTED_EDGE('',*,*,#4894,.F.);
#4905=ORIENTED_EDGE('',*,*,#1579,.F.);
#4906=PLANE('',#4907);
#4907=AXIS2_PLACEMENT_3D('',#1574,#4640,#1143);
#4908=ADVANCED_FACE('',(#4909),#4918,.F.);
#4909=FACE_BOUND('',#4910,.F.);
#4910=EDGE_LOOP('',(#4911,#4912,#1834,#4915,#4916,#4917));
#4911=ORIENTED_EDGE('',*,*,#1767,.F.);
#4912=ORIENTED_EDGE('',*,*,#4913,.T.);
#4913=EDGE_CURVE('',#1763,#1830,#4914,.T.);
#4914=LINE('',#1708,#27);
#4915=ORIENTED_EDGE('',*,*,#1844,.T.);
#4916=ORIENTED_EDGE('',*,*,#4517,.F.);
#4917=ORIENTED_EDGE('',*,*,#1704,.F.);
#4918=PLANE('',#4919);
#4919=AXIS2_PLACEMENT_3D('',#1708,#190,#154);
#4920=ADVANCED_FACE('',(#4921),#4928,.T.);
#4921=FACE_BOUND('',#4922,.F.);
#4922=EDGE_LOOP('',(#4923,#1828,#4926,#4927));
#4923=ORIENTED_EDGE('',*,*,#4924,.T.);
#4924=EDGE_CURVE('',#1758,#1825,#4925,.T.);
#4925=LINE('',#1759,#27);
#4926=ORIENTED_EDGE('',*,*,#4913,.F.);
#4927=ORIENTED_EDGE('',*,*,#1762,.F.);
#4928=CYLINDRICAL_SURFACE('',#4929,0.25);
#4929=AXIS2_PLACEMENT_3D('',#1722,#168,#1185);
#4930=ADVANCED_FACE('',(#4931),#4938,.F.);
#4931=FACE_BOUND('',#4932,.F.);
#4932=EDGE_LOOP('',(#4933,#1823,#4936,#4937));
#4933=ORIENTED_EDGE('',*,*,#4934,.T.);
#4934=EDGE_CURVE('',#1752,#1819,#4935,.T.);
#4935=LINE('',#1753,#27);
#4936=ORIENTED_EDGE('',*,*,#4924,.F.);
#4937=ORIENTED_EDGE('',*,*,#1757,.F.);
#4938=PLANE('',#4939);
#4939=AXIS2_PLACEMENT_3D('',#1753,#4582,#1179);
#4940=ADVANCED_FACE('',(#4941),#4948,.F.);
#4941=FACE_BOUND('',#4942,.F.);
#4942=EDGE_LOOP('',(#4943,#1817,#4946,#4947));
#4943=ORIENTED_EDGE('',*,*,#4944,.T.);
#4944=EDGE_CURVE('',#1747,#1814,#4945,.T.);
#4945=LINE('',#1748,#27);
#4946=ORIENTED_EDGE('',*,*,#4934,.F.);
#4947=ORIENTED_EDGE('',*,*,#1751,.F.);
#4948=CYLINDRICAL_SURFACE('',#1755,0.14);
#4949=ADVANCED_FACE('',(#4950),#4957,.F.);
#4950=FACE_BOUND('',#4951,.F.);
#4951=EDGE_LOOP('',(#4952,#1812,#4955,#4956));
#4952=ORIENTED_EDGE('',*,*,#4953,.T.);
#4953=EDGE_CURVE('',#1742,#1809,#4954,.T.);
#4954=LINE('',#1743,#27);
#4955=ORIENTED_EDGE('',*,*,#4944,.F.);
#4956=ORIENTED_EDGE('',*,*,#1746,.F.);
#4957=PLANE('',#4958);
#4958=AXIS2_PLACEMENT_3D('',#1743,#190,#154);
#4959=ADVANCED_FACE('',(#4960),#4967,.F.);
#4960=FACE_BOUND('',#4961,.F.);
#4961=EDGE_LOOP('',(#4962,#1807,#4965,#4966));
#4962=ORIENTED_EDGE('',*,*,#4963,.T.);
#4963=EDGE_CURVE('',#1737,#1804,#4964,.T.);
#4964=LINE('',#1738,#27);
#4965=ORIENTED_EDGE('',*,*,#4953,.F.);
#4966=ORIENTED_EDGE('',*,*,#1741,.F.);
#4967=PLANE('',#4968);
#4968=AXIS2_PLACEMENT_3D('',#1738,#154,#13);
#4969=ADVANCED_FACE('',(#4970),#4977,.F.);
#4970=FACE_BOUND('',#4971,.F.);
#4971=EDGE_LOOP('',(#4972,#1802,#4975,#4976));
#4972=ORIENTED_EDGE('',*,*,#4973,.T.);
#4973=EDGE_CURVE('',#1730,#1797,#4974,.T.);
#4974=LINE('',#1731,#27);
#4975=ORIENTED_EDGE('',*,*,#4963,.F.);
#4976=ORIENTED_EDGE('',*,*,#1736,.F.);
#4977=PLANE('',#4978);
#4978=AXIS2_PLACEMENT_3D('',#1731,#13,#182);
#4979=ADVANCED_FACE('',(#4980),#4987,.T.);
#4980=FACE_BOUND('',#4981,.F.);
#4981=EDGE_LOOP('',(#4982,#1795,#4985,#4986));
#4982=ORIENTED_EDGE('',*,*,#4983,.T.);
#4983=EDGE_CURVE('',#1725,#1792,#4984,.T.);
#4984=LINE('',#1726,#27);
#4985=ORIENTED_EDGE('',*,*,#4973,.F.);
#4986=ORIENTED_EDGE('',*,*,#1729,.F.);
#4987=CYLINDRICAL_SURFACE('',#4988,0.29);
#4988=AXIS2_PLACEMENT_3D('',#1734,#168,#1151);
#4989=ADVANCED_FACE('',(#4990),#4995,.F.);
#4990=FACE_BOUND('',#4991,.F.);
#4991=EDGE_LOOP('',(#4992,#1790,#4993,#4994));
#4992=ORIENTED_EDGE('',*,*,#1783,.T.);
#4993=ORIENTED_EDGE('',*,*,#4983,.F.);
#4994=ORIENTED_EDGE('',*,*,#1724,.F.);
#4995=PLANE('',#4996);
#4996=AXIS2_PLACEMENT_3D('',#1719,#4640,#1143);
#4997=ADVANCED_FACE('',(#4998),#5007,.F.);
#4998=FACE_BOUND('',#4999,.F.);
#4999=EDGE_LOOP('',(#5000,#5001,#1979,#5004,#5005,#5006));
#5000=ORIENTED_EDGE('',*,*,#1912,.F.);
#5001=ORIENTED_EDGE('',*,*,#5002,.T.);
#5002=EDGE_CURVE('',#1908,#1975,#5003,.T.);
#5003=LINE('',#1853,#27);
#5004=ORIENTED_EDGE('',*,*,#1989,.T.);
#5005=ORIENTED_EDGE('',*,*,#4520,.F.);
#5006=ORIENTED_EDGE('',*,*,#1849,.F.);
#5007=PLANE('',#5008);
#5008=AXIS2_PLACEMENT_3D('',#1853,#190,#154);
#5009=ADVANCED_FACE('',(#5010),#5017,.T.);
#5010=FACE_BOUND('',#5011,.F.);
#5011=EDGE_LOOP('',(#5012,#1973,#5015,#5016));
#5012=ORIENTED_EDGE('',*,*,#5013,.T.);
#5013=EDGE_CURVE('',#1903,#1970,#5014,.T.);
#5014=LINE('',#1904,#27);
#5015=ORIENTED_EDGE('',*,*,#5002,.F.);
#5016=ORIENTED_EDGE('',*,*,#1907,.F.);
#5017=CYLINDRICAL_SURFACE('',#5018,0.25);
#5018=AXIS2_PLACEMENT_3D('',#1867,#168,#1185);
#5019=ADVANCED_FACE('',(#5020),#5027,.F.);
#5020=FACE_BOUND('',#5021,.F.);
#5021=EDGE_LOOP('',(#5022,#1968,#5025,#5026));
#5022=ORIENTED_EDGE('',*,*,#5023,.T.);
#5023=EDGE_CURVE('',#1897,#1964,#5024,.T.);
#5024=LINE('',#1898,#27);
#5025=ORIENTED_EDGE('',*,*,#5013,.F.);
#5026=ORIENTED_EDGE('',*,*,#1902,.F.);
#5027=PLANE('',#5028);
#5028=AXIS2_PLACEMENT_3D('',#1898,#4582,#1179);
#5029=ADVANCED_FACE('',(#5030),#5037,.F.);
#5030=FACE_BOUND('',#5031,.F.);
#5031=EDGE_LOOP('',(#5032,#1962,#5035,#5036));
#5032=ORIENTED_EDGE('',*,*,#5033,.T.);
#5033=EDGE_CURVE('',#1892,#1959,#5034,.T.);
#5034=LINE('',#1893,#27);
#5035=ORIENTED_EDGE('',*,*,#5023,.F.);
#5036=ORIENTED_EDGE('',*,*,#1896,.F.);
#5037=CYLINDRICAL_SURFACE('',#1900,0.14);
#5038=ADVANCED_FACE('',(#5039),#5046,.F.);
#5039=FACE_BOUND('',#5040,.F.);
#5040=EDGE_LOOP('',(#5041,#1957,#5044,#5045));
#5041=ORIENTED_EDGE('',*,*,#5042,.T.);
#5042=EDGE_CURVE('',#1887,#1954,#5043,.T.);
#5043=LINE('',#1888,#27);
#5044=ORIENTED_EDGE('',*,*,#5033,.F.);
#5045=ORIENTED_EDGE('',*,*,#1891,.F.);
#5046=PLANE('',#5047);
#5047=AXIS2_PLACEMENT_3D('',#1888,#190,#154);
#5048=ADVANCED_FACE('',(#5049),#5056,.F.);
#5049=FACE_BOUND('',#5050,.F.);
#5050=EDGE_LOOP('',(#5051,#1952,#5054,#5055));
#5051=ORIENTED_EDGE('',*,*,#5052,.T.);
#5052=EDGE_CURVE('',#1882,#1949,#5053,.T.);
#5053=LINE('',#1883,#27);
#5054=ORIENTED_EDGE('',*,*,#5042,.F.);
#5055=ORIENTED_EDGE('',*,*,#1886,.F.);
#5056=PLANE('',#5057);
#5057=AXIS2_PLACEMENT_3D('',#1883,#154,#13);
#5058=ADVANCED_FACE('',(#5059),#5066,.F.);
#5059=FACE_BOUND('',#5060,.F.);
#5060=EDGE_LOOP('',(#5061,#1947,#5064,#5065));
#5061=ORIENTED_EDGE('',*,*,#5062,.T.);
#5062=EDGE_CURVE('',#1875,#1942,#5063,.T.);
#5063=LINE('',#1876,#27);
#5064=ORIENTED_EDGE('',*,*,#5052,.F.);
#5065=ORIENTED_EDGE('',*,*,#1881,.F.);
#5066=PLANE('',#5067);
#5067=AXIS2_PLACEMENT_3D('',#1876,#13,#182);
#5068=ADVANCED_FACE('',(#5069),#5076,.T.);
#5069=FACE_BOUND('',#5070,.F.);
#5070=EDGE_LOOP('',(#5071,#1940,#5074,#5075));
#5071=ORIENTED_EDGE('',*,*,#5072,.T.);
#5072=EDGE_CURVE('',#1870,#1937,#5073,.T.);
#5073=LINE('',#1871,#27);
#5074=ORIENTED_EDGE('',*,*,#5062,.F.);
#5075=ORIENTED_EDGE('',*,*,#1874,.F.);
#5076=CYLINDRICAL_SURFACE('',#5077,0.29);
#5077=AXIS2_PLACEMENT_3D('',#1879,#168,#1151);
#5078=ADVANCED_FACE('',(#5079),#5084,.F.);
#5079=FACE_BOUND('',#5080,.F.);
#5080=EDGE_LOOP('',(#5081,#1935,#5082,#5083));
#5081=ORIENTED_EDGE('',*,*,#1928,.T.);
#5082=ORIENTED_EDGE('',*,*,#5072,.F.);
#5083=ORIENTED_EDGE('',*,*,#1869,.F.);
#5084=PLANE('',#5085);
#5085=AXIS2_PLACEMENT_3D('',#1864,#4640,#1143);
#5086=ADVANCED_FACE('',(#5087),#5096,.F.);
#5087=FACE_BOUND('',#5088,.F.);
#5088=EDGE_LOOP('',(#5089,#5090,#2124,#5093,#5094,#5095));
#5089=ORIENTED_EDGE('',*,*,#2057,.F.);
#5090=ORIENTED_EDGE('',*,*,#5091,.T.);
#5091=EDGE_CURVE('',#2053,#2120,#5092,.T.);
#5092=LINE('',#1998,#27);
#5093=ORIENTED_EDGE('',*,*,#2134,.T.);
#5094=ORIENTED_EDGE('',*,*,#4523,.F.);
#5095=ORIENTED_EDGE('',*,*,#1994,.F.);
#5096=PLANE('',#5097);
#5097=AXIS2_PLACEMENT_3D('',#1998,#190,#154);
#5098=ADVANCED_FACE('',(#5099),#5106,.T.);
#5099=FACE_BOUND('',#5100,.F.);
#5100=EDGE_LOOP('',(#5101,#2118,#5104,#5105));
#5101=ORIENTED_EDGE('',*,*,#5102,.T.);
#5102=EDGE_CURVE('',#2048,#2115,#5103,.T.);
#5103=LINE('',#2049,#27);
#5104=ORIENTED_EDGE('',*,*,#5091,.F.);
#5105=ORIENTED_EDGE('',*,*,#2052,.F.);
#5106=CYLINDRICAL_SURFACE('',#5107,0.25);
#5107=AXIS2_PLACEMENT_3D('',#2012,#168,#1185);
#5108=ADVANCED_FACE('',(#5109),#5116,.F.);
#5109=FACE_BOUND('',#5110,.F.);
#5110=EDGE_LOOP('',(#5111,#2113,#5114,#5115));
#5111=ORIENTED_EDGE('',*,*,#5112,.T.);
#5112=EDGE_CURVE('',#2042,#2109,#5113,.T.);
#5113=LINE('',#2043,#27);
#5114=ORIENTED_EDGE('',*,*,#5102,.F.);
#5115=ORIENTED_EDGE('',*,*,#2047,.F.);
#5116=PLANE('',#5117);
#5117=AXIS2_PLACEMENT_3D('',#2043,#4582,#1179);
#5118=ADVANCED_FACE('',(#5119),#5126,.F.);
#5119=FACE_BOUND('',#5120,.F.);
#5120=EDGE_LOOP('',(#5121,#2107,#5124,#5125));
#5121=ORIENTED_EDGE('',*,*,#5122,.T.);
#5122=EDGE_CURVE('',#2037,#2104,#5123,.T.);
#5123=LINE('',#2038,#27);
#5124=ORIENTED_EDGE('',*,*,#5112,.F.);
#5125=ORIENTED_EDGE('',*,*,#2041,.F.);
#5126=CYLINDRICAL_SURFACE('',#2045,0.14);
#5127=ADVANCED_FACE('',(#5128),#5135,.F.);
#5128=FACE_BOUND('',#5129,.F.);
#5129=EDGE_LOOP('',(#5130,#2102,#5133,#5134));
#5130=ORIENTED_EDGE('',*,*,#5131,.T.);
#5131=EDGE_CURVE('',#2032,#2099,#5132,.T.);
#5132=LINE('',#2033,#27);
#5133=ORIENTED_EDGE('',*,*,#5122,.F.);
#5134=ORIENTED_EDGE('',*,*,#2036,.F.);
#5135=PLANE('',#5136);
#5136=AXIS2_PLACEMENT_3D('',#2033,#190,#154);
#5137=ADVANCED_FACE('',(#5138),#5145,.F.);
#5138=FACE_BOUND('',#5139,.F.);
#5139=EDGE_LOOP('',(#5140,#2097,#5143,#5144));
#5140=ORIENTED_EDGE('',*,*,#5141,.T.);
#5141=EDGE_CURVE('',#2027,#2094,#5142,.T.);
#5142=LINE('',#2028,#27);
#5143=ORIENTED_EDGE('',*,*,#5131,.F.);
#5144=ORIENTED_EDGE('',*,*,#2031,.F.);
#5145=PLANE('',#5146);
#5146=AXIS2_PLACEMENT_3D('',#2028,#154,#13);
#5147=ADVANCED_FACE('',(#5148),#5155,.F.);
#5148=FACE_BOUND('',#5149,.F.);
#5149=EDGE_LOOP('',(#5150,#2092,#5153,#5154));
#5150=ORIENTED_EDGE('',*,*,#5151,.T.);
#5151=EDGE_CURVE('',#2020,#2087,#5152,.T.);
#5152=LINE('',#2021,#27);
#5153=ORIENTED_EDGE('',*,*,#5141,.F.);
#5154=ORIENTED_EDGE('',*,*,#2026,.F.);
#5155=PLANE('',#5156);
#5156=AXIS2_PLACEMENT_3D('',#2021,#13,#182);
#5157=ADVANCED_FACE('',(#5158),#5165,.T.);
#5158=FACE_BOUND('',#5159,.F.);
#5159=EDGE_LOOP('',(#5160,#2085,#5163,#5164));
#5160=ORIENTED_EDGE('',*,*,#5161,.T.);
#5161=EDGE_CURVE('',#2015,#2082,#5162,.T.);
#5162=LINE('',#2016,#27);
#5163=ORIENTED_EDGE('',*,*,#5151,.F.);
#5164=ORIENTED_EDGE('',*,*,#2019,.F.);
#5165=CYLINDRICAL_SURFACE('',#5166,0.29);
#5166=AXIS2_PLACEMENT_3D('',#2024,#168,#1151);
#5167=ADVANCED_FACE('',(#5168),#5173,.F.);
#5168=FACE_BOUND('',#5169,.F.);
#5169=EDGE_LOOP('',(#5170,#2080,#5171,#5172));
#5170=ORIENTED_EDGE('',*,*,#2073,.T.);
#5171=ORIENTED_EDGE('',*,*,#5161,.F.);
#5172=ORIENTED_EDGE('',*,*,#2014,.F.);
#5173=PLANE('',#5174);
#5174=AXIS2_PLACEMENT_3D('',#2009,#4640,#1143);
#5175=ADVANCED_FACE('',(#5176),#5185,.F.);
#5176=FACE_BOUND('',#5177,.F.);
#5177=EDGE_LOOP('',(#5178,#5179,#2269,#5182,#5183,#5184));
#5178=ORIENTED_EDGE('',*,*,#2202,.F.);
#5179=ORIENTED_EDGE('',*,*,#5180,.T.);
#5180=EDGE_CURVE('',#2198,#2265,#5181,.T.);
#5181=LINE('',#2143,#27);
#5182=ORIENTED_EDGE('',*,*,#2279,.T.);
#5183=ORIENTED_EDGE('',*,*,#4526,.F.);
#5184=ORIENTED_EDGE('',*,*,#2139,.F.);
#5185=PLANE('',#5186);
#5186=AXIS2_PLACEMENT_3D('',#2143,#190,#154);
#5187=ADVANCED_FACE('',(#5188),#5195,.T.);
#5188=FACE_BOUND('',#5189,.F.);
#5189=EDGE_LOOP('',(#5190,#2263,#5193,#5194));
#5190=ORIENTED_EDGE('',*,*,#5191,.T.);
#5191=EDGE_CURVE('',#2193,#2260,#5192,.T.);
#5192=LINE('',#2194,#27);
#5193=ORIENTED_EDGE('',*,*,#5180,.F.);
#5194=ORIENTED_EDGE('',*,*,#2197,.F.);
#5195=CYLINDRICAL_SURFACE('',#5196,0.25);
#5196=AXIS2_PLACEMENT_3D('',#2157,#168,#1185);
#5197=ADVANCED_FACE('',(#5198),#5205,.F.);
#5198=FACE_BOUND('',#5199,.F.);
#5199=EDGE_LOOP('',(#5200,#2258,#5203,#5204));
#5200=ORIENTED_EDGE('',*,*,#5201,.T.);
#5201=EDGE_CURVE('',#2187,#2254,#5202,.T.);
#5202=LINE('',#2188,#27);
#5203=ORIENTED_EDGE('',*,*,#5191,.F.);
#5204=ORIENTED_EDGE('',*,*,#2192,.F.);
#5205=PLANE('',#5206);
#5206=AXIS2_PLACEMENT_3D('',#2188,#4582,#1179);
#5207=ADVANCED_FACE('',(#5208),#5215,.F.);
#5208=FACE_BOUND('',#5209,.F.);
#5209=EDGE_LOOP('',(#5210,#2252,#5213,#5214));
#5210=ORIENTED_EDGE('',*,*,#5211,.T.);
#5211=EDGE_CURVE('',#2182,#2249,#5212,.T.);
#5212=LINE('',#2183,#27);
#5213=ORIENTED_EDGE('',*,*,#5201,.F.);
#5214=ORIENTED_EDGE('',*,*,#2186,.F.);
#5215=CYLINDRICAL_SURFACE('',#2190,0.14);
#5216=ADVANCED_FACE('',(#5217),#5224,.F.);
#5217=FACE_BOUND('',#5218,.F.);
#5218=EDGE_LOOP('',(#5219,#2247,#5222,#5223));
#5219=ORIENTED_EDGE('',*,*,#5220,.T.);
#5220=EDGE_CURVE('',#2177,#2244,#5221,.T.);
#5221=LINE('',#2178,#27);
#5222=ORIENTED_EDGE('',*,*,#5211,.F.);
#5223=ORIENTED_EDGE('',*,*,#2181,.F.);
#5224=PLANE('',#5225);
#5225=AXIS2_PLACEMENT_3D('',#2178,#190,#154);
#5226=ADVANCED_FACE('',(#5227),#5234,.F.);
#5227=FACE_BOUND('',#5228,.F.);
#5228=EDGE_LOOP('',(#5229,#2242,#5232,#5233));
#5229=ORIENTED_EDGE('',*,*,#5230,.T.);
#5230=EDGE_CURVE('',#2172,#2239,#5231,.T.);
#5231=LINE('',#2173,#27);
#5232=ORIENTED_EDGE('',*,*,#5220,.F.);
#5233=ORIENTED_EDGE('',*,*,#2176,.F.);
#5234=PLANE('',#5235);
#5235=AXIS2_PLACEMENT_3D('',#2173,#154,#13);
#5236=ADVANCED_FACE('',(#5237),#5244,.F.);
#5237=FACE_BOUND('',#5238,.F.);
#5238=EDGE_LOOP('',(#5239,#2237,#5242,#5243));
#5239=ORIENTED_EDGE('',*,*,#5240,.T.);
#5240=EDGE_CURVE('',#2165,#2232,#5241,.T.);
#5241=LINE('',#2166,#27);
#5242=ORIENTED_EDGE('',*,*,#5230,.F.);
#5243=ORIENTED_EDGE('',*,*,#2171,.F.);
#5244=PLANE('',#5245);
#5245=AXIS2_PLACEMENT_3D('',#2166,#13,#182);
#5246=ADVANCED_FACE('',(#5247),#5254,.T.);
#5247=FACE_BOUND('',#5248,.F.);
#5248=EDGE_LOOP('',(#5249,#2230,#5252,#5253));
#5249=ORIENTED_EDGE('',*,*,#5250,.T.);
#5250=EDGE_CURVE('',#2160,#2227,#5251,.T.);
#5251=LINE('',#2161,#27);
#5252=ORIENTED_EDGE('',*,*,#5240,.F.);
#5253=ORIENTED_EDGE('',*,*,#2164,.F.);
#5254=CYLINDRICAL_SURFACE('',#5255,0.29);
#5255=AXIS2_PLACEMENT_3D('',#2169,#168,#1151);
#5256=ADVANCED_FACE('',(#5257),#5262,.F.);
#5257=FACE_BOUND('',#5258,.F.);
#5258=EDGE_LOOP('',(#5259,#2225,#5260,#5261));
#5259=ORIENTED_EDGE('',*,*,#2218,.T.);
#5260=ORIENTED_EDGE('',*,*,#5250,.F.);
#5261=ORIENTED_EDGE('',*,*,#2159,.F.);
#5262=PLANE('',#5263);
#5263=AXIS2_PLACEMENT_3D('',#2154,#4640,#1143);
#5264=ADVANCED_FACE('',(#5265),#5274,.F.);
#5265=FACE_BOUND('',#5266,.F.);
#5266=EDGE_LOOP('',(#5267,#5268,#2414,#5271,#5272,#5273));
#5267=ORIENTED_EDGE('',*,*,#2347,.F.);
#5268=ORIENTED_EDGE('',*,*,#5269,.T.);
#5269=EDGE_CURVE('',#2343,#2410,#5270,.T.);
#5270=LINE('',#2288,#27);
#5271=ORIENTED_EDGE('',*,*,#2424,.T.);
#5272=ORIENTED_EDGE('',*,*,#4529,.F.);
#5273=ORIENTED_EDGE('',*,*,#2284,.F.);
#5274=PLANE('',#5275);
#5275=AXIS2_PLACEMENT_3D('',#2288,#190,#154);
#5276=ADVANCED_FACE('',(#5277),#5284,.T.);
#5277=FACE_BOUND('',#5278,.F.);
#5278=EDGE_LOOP('',(#5279,#2408,#5282,#5283));
#5279=ORIENTED_EDGE('',*,*,#5280,.T.);
#5280=EDGE_CURVE('',#2338,#2405,#5281,.T.);
#5281=LINE('',#2339,#27);
#5282=ORIENTED_EDGE('',*,*,#5269,.F.);
#5283=ORIENTED_EDGE('',*,*,#2342,.F.);
#5284=CYLINDRICAL_SURFACE('',#5285,0.25);
#5285=AXIS2_PLACEMENT_3D('',#2302,#168,#1185);
#5286=ADVANCED_FACE('',(#5287),#5294,.F.);
#5287=FACE_BOUND('',#5288,.F.);
#5288=EDGE_LOOP('',(#5289,#2403,#5292,#5293));
#5289=ORIENTED_EDGE('',*,*,#5290,.T.);
#5290=EDGE_CURVE('',#2332,#2399,#5291,.T.);
#5291=LINE('',#2333,#27);
#5292=ORIENTED_EDGE('',*,*,#5280,.F.);
#5293=ORIENTED_EDGE('',*,*,#2337,.F.);
#5294=PLANE('',#5295);
#5295=AXIS2_PLACEMENT_3D('',#2333,#4582,#1179);
#5296=ADVANCED_FACE('',(#5297),#5304,.F.);
#5297=FACE_BOUND('',#5298,.F.);
#5298=EDGE_LOOP('',(#5299,#2397,#5302,#5303));
#5299=ORIENTED_EDGE('',*,*,#5300,.T.);
#5300=EDGE_CURVE('',#2327,#2394,#5301,.T.);
#5301=LINE('',#2328,#27);
#5302=ORIENTED_EDGE('',*,*,#5290,.F.);
#5303=ORIENTED_EDGE('',*,*,#2331,.F.);
#5304=CYLINDRICAL_SURFACE('',#2335,0.14);
#5305=ADVANCED_FACE('',(#5306),#5313,.F.);
#5306=FACE_BOUND('',#5307,.F.);
#5307=EDGE_LOOP('',(#5308,#2392,#5311,#5312));
#5308=ORIENTED_EDGE('',*,*,#5309,.T.);
#5309=EDGE_CURVE('',#2322,#2389,#5310,.T.);
#5310=LINE('',#2323,#27);
#5311=ORIENTED_EDGE('',*,*,#5300,.F.);
#5312=ORIENTED_EDGE('',*,*,#2326,.F.);
#5313=PLANE('',#5314);
#5314=AXIS2_PLACEMENT_3D('',#2323,#190,#154);
#5315=ADVANCED_FACE('',(#5316),#5323,.F.);
#5316=FACE_BOUND('',#5317,.F.);
#5317=EDGE_LOOP('',(#5318,#2387,#5321,#5322));
#5318=ORIENTED_EDGE('',*,*,#5319,.T.);
#5319=EDGE_CURVE('',#2317,#2384,#5320,.T.);
#5320=LINE('',#2318,#27);
#5321=ORIENTED_EDGE('',*,*,#5309,.F.);
#5322=ORIENTED_EDGE('',*,*,#2321,.F.);
#5323=PLANE('',#5324);
#5324=AXIS2_PLACEMENT_3D('',#2318,#154,#13);
#5325=ADVANCED_FACE('',(#5326),#5333,.F.);
#5326=FACE_BOUND('',#5327,.F.);
#5327=EDGE_LOOP('',(#5328,#2382,#5331,#5332));
#5328=ORIENTED_EDGE('',*,*,#5329,.T.);
#5329=EDGE_CURVE('',#2310,#2377,#5330,.T.);
#5330=LINE('',#2311,#27);
#5331=ORIENTED_EDGE('',*,*,#5319,.F.);
#5332=ORIENTED_EDGE('',*,*,#2316,.F.);
#5333=PLANE('',#5334);
#5334=AXIS2_PLACEMENT_3D('',#2311,#13,#182);
#5335=ADVANCED_FACE('',(#5336),#5343,.T.);
#5336=FACE_BOUND('',#5337,.F.);
#5337=EDGE_LOOP('',(#5338,#2375,#5341,#5342));
#5338=ORIENTED_EDGE('',*,*,#5339,.T.);
#5339=EDGE_CURVE('',#2305,#2372,#5340,.T.);
#5340=LINE('',#2306,#27);
#5341=ORIENTED_EDGE('',*,*,#5329,.F.);
#5342=ORIENTED_EDGE('',*,*,#2309,.F.);
#5343=CYLINDRICAL_SURFACE('',#5344,0.29);
#5344=AXIS2_PLACEMENT_3D('',#2314,#168,#1151);
#5345=ADVANCED_FACE('',(#5346),#5351,.F.);
#5346=FACE_BOUND('',#5347,.F.);
#5347=EDGE_LOOP('',(#5348,#2370,#5349,#5350));
#5348=ORIENTED_EDGE('',*,*,#2363,.T.);
#5349=ORIENTED_EDGE('',*,*,#5339,.F.);
#5350=ORIENTED_EDGE('',*,*,#2304,.F.);
#5351=PLANE('',#5352);
#5352=AXIS2_PLACEMENT_3D('',#2299,#4640,#1143);
#5353=ADVANCED_FACE('',(#5354),#5363,.F.);
#5354=FACE_BOUND('',#5355,.F.);
#5355=EDGE_LOOP('',(#5356,#5357,#2559,#5360,#5361,#5362));
#5356=ORIENTED_EDGE('',*,*,#2492,.F.);
#5357=ORIENTED_EDGE('',*,*,#5358,.T.);
#5358=EDGE_CURVE('',#2488,#2555,#5359,.T.);
#5359=LINE('',#2433,#27);
#5360=ORIENTED_EDGE('',*,*,#2569,.T.);
#5361=ORIENTED_EDGE('',*,*,#4532,.F.);
#5362=ORIENTED_EDGE('',*,*,#2429,.F.);
#5363=PLANE('',#5364);
#5364=AXIS2_PLACEMENT_3D('',#2433,#190,#154);
#5365=ADVANCED_FACE('',(#5366),#5373,.T.);
#5366=FACE_BOUND('',#5367,.F.);
#5367=EDGE_LOOP('',(#5368,#2553,#5371,#5372));
#5368=ORIENTED_EDGE('',*,*,#5369,.T.);
#5369=EDGE_CURVE('',#2483,#2550,#5370,.T.);
#5370=LINE('',#2484,#27);
#5371=ORIENTED_EDGE('',*,*,#5358,.F.);
#5372=ORIENTED_EDGE('',*,*,#2487,.F.);
#5373=CYLINDRICAL_SURFACE('',#5374,0.25);
#5374=AXIS2_PLACEMENT_3D('',#2447,#168,#1185);
#5375=ADVANCED_FACE('',(#5376),#5383,.F.);
#5376=FACE_BOUND('',#5377,.F.);
#5377=EDGE_LOOP('',(#5378,#2548,#5381,#5382));
#5378=ORIENTED_EDGE('',*,*,#5379,.T.);
#5379=EDGE_CURVE('',#2477,#2544,#5380,.T.);
#5380=LINE('',#2478,#27);
#5381=ORIENTED_EDGE('',*,*,#5369,.F.);
#5382=ORIENTED_EDGE('',*,*,#2482,.F.);
#5383=PLANE('',#5384);
#5384=AXIS2_PLACEMENT_3D('',#2478,#4582,#1179);
#5385=ADVANCED_FACE('',(#5386),#5393,.F.);
#5386=FACE_BOUND('',#5387,.F.);
#5387=EDGE_LOOP('',(#5388,#2542,#5391,#5392));
#5388=ORIENTED_EDGE('',*,*,#5389,.T.);
#5389=EDGE_CURVE('',#2472,#2539,#5390,.T.);
#5390=LINE('',#2473,#27);
#5391=ORIENTED_EDGE('',*,*,#5379,.F.);
#5392=ORIENTED_EDGE('',*,*,#2476,.F.);
#5393=CYLINDRICAL_SURFACE('',#2480,0.14);
#5394=ADVANCED_FACE('',(#5395),#5402,.F.);
#5395=FACE_BOUND('',#5396,.F.);
#5396=EDGE_LOOP('',(#5397,#2537,#5400,#5401));
#5397=ORIENTED_EDGE('',*,*,#5398,.T.);
#5398=EDGE_CURVE('',#2467,#2534,#5399,.T.);
#5399=LINE('',#2468,#27);
#5400=ORIENTED_EDGE('',*,*,#5389,.F.);
#5401=ORIENTED_EDGE('',*,*,#2471,.F.);
#5402=PLANE('',#5403);
#5403=AXIS2_PLACEMENT_3D('',#2468,#190,#154);
#5404=ADVANCED_FACE('',(#5405),#5412,.F.);
#5405=FACE_BOUND('',#5406,.F.);
#5406=EDGE_LOOP('',(#5407,#2532,#5410,#5411));
#5407=ORIENTED_EDGE('',*,*,#5408,.T.);
#5408=EDGE_CURVE('',#2462,#2529,#5409,.T.);
#5409=LINE('',#2463,#27);
#5410=ORIENTED_EDGE('',*,*,#5398,.F.);
#5411=ORIENTED_EDGE('',*,*,#2466,.F.);
#5412=PLANE('',#5413);
#5413=AXIS2_PLACEMENT_3D('',#2463,#154,#13);
#5414=ADVANCED_FACE('',(#5415),#5422,.F.);
#5415=FACE_BOUND('',#5416,.F.);
#5416=EDGE_LOOP('',(#5417,#2527,#5420,#5421));
#5417=ORIENTED_EDGE('',*,*,#5418,.T.);
#5418=EDGE_CURVE('',#2455,#2522,#5419,.T.);
#5419=LINE('',#2456,#27);
#5420=ORIENTED_EDGE('',*,*,#5408,.F.);
#5421=ORIENTED_EDGE('',*,*,#2461,.F.);
#5422=PLANE('',#5423);
#5423=AXIS2_PLACEMENT_3D('',#2456,#13,#182);
#5424=ADVANCED_FACE('',(#5425),#5432,.T.);
#5425=FACE_BOUND('',#5426,.F.);
#5426=EDGE_LOOP('',(#5427,#2520,#5430,#5431));
#5427=ORIENTED_EDGE('',*,*,#5428,.T.);
#5428=EDGE_CURVE('',#2450,#2517,#5429,.T.);
#5429=LINE('',#2451,#27);
#5430=ORIENTED_EDGE('',*,*,#5418,.F.);
#5431=ORIENTED_EDGE('',*,*,#2454,.F.);
#5432=CYLINDRICAL_SURFACE('',#5433,0.29);
#5433=AXIS2_PLACEMENT_3D('',#2459,#168,#1151);
#5434=ADVANCED_FACE('',(#5435),#5440,.F.);
#5435=FACE_BOUND('',#5436,.F.);
#5436=EDGE_LOOP('',(#5437,#2515,#5438,#5439));
#5437=ORIENTED_EDGE('',*,*,#2508,.T.);
#5438=ORIENTED_EDGE('',*,*,#5428,.F.);
#5439=ORIENTED_EDGE('',*,*,#2449,.F.);
#5440=PLANE('',#5441);
#5441=AXIS2_PLACEMENT_3D('',#2444,#4640,#1143);
#5442=ADVANCED_FACE('',(#5443),#5452,.F.);
#5443=FACE_BOUND('',#5444,.F.);
#5444=EDGE_LOOP('',(#5445,#5446,#2704,#5449,#5450,#5451));
#5445=ORIENTED_EDGE('',*,*,#2637,.F.);
#5446=ORIENTED_EDGE('',*,*,#5447,.T.);
#5447=EDGE_CURVE('',#2633,#2700,#5448,.T.);
#5448=LINE('',#2578,#27);
#5449=ORIENTED_EDGE('',*,*,#2714,.T.);
#5450=ORIENTED_EDGE('',*,*,#4535,.F.);
#5451=ORIENTED_EDGE('',*,*,#2574,.F.);
#5452=PLANE('',#5453);
#5453=AXIS2_PLACEMENT_3D('',#2578,#190,#154);
#5454=ADVANCED_FACE('',(#5455),#5462,.T.);
#5455=FACE_BOUND('',#5456,.F.);
#5456=EDGE_LOOP('',(#5457,#2698,#5460,#5461));
#5457=ORIENTED_EDGE('',*,*,#5458,.T.);
#5458=EDGE_CURVE('',#2628,#2695,#5459,.T.);
#5459=LINE('',#2629,#27);
#5460=ORIENTED_EDGE('',*,*,#5447,.F.);
#5461=ORIENTED_EDGE('',*,*,#2632,.F.);
#5462=CYLINDRICAL_SURFACE('',#5463,0.25);
#5463=AXIS2_PLACEMENT_3D('',#2592,#168,#1185);
#5464=ADVANCED_FACE('',(#5465),#5472,.F.);
#5465=FACE_BOUND('',#5466,.F.);
#5466=EDGE_LOOP('',(#5467,#2693,#5470,#5471));
#5467=ORIENTED_EDGE('',*,*,#5468,.T.);
#5468=EDGE_CURVE('',#2622,#2689,#5469,.T.);
#5469=LINE('',#2623,#27);
#5470=ORIENTED_EDGE('',*,*,#5458,.F.);
#5471=ORIENTED_EDGE('',*,*,#2627,.F.);
#5472=PLANE('',#5473);
#5473=AXIS2_PLACEMENT_3D('',#2623,#4582,#1179);
#5474=ADVANCED_FACE('',(#5475),#5482,.F.);
#5475=FACE_BOUND('',#5476,.F.);
#5476=EDGE_LOOP('',(#5477,#2687,#5480,#5481));
#5477=ORIENTED_EDGE('',*,*,#5478,.T.);
#5478=EDGE_CURVE('',#2617,#2684,#5479,.T.);
#5479=LINE('',#2618,#27);
#5480=ORIENTED_EDGE('',*,*,#5468,.F.);
#5481=ORIENTED_EDGE('',*,*,#2621,.F.);
#5482=CYLINDRICAL_SURFACE('',#2625,0.14);
#5483=ADVANCED_FACE('',(#5484),#5491,.F.);
#5484=FACE_BOUND('',#5485,.F.);
#5485=EDGE_LOOP('',(#5486,#2682,#5489,#5490));
#5486=ORIENTED_EDGE('',*,*,#5487,.T.);
#5487=EDGE_CURVE('',#2612,#2679,#5488,.T.);
#5488=LINE('',#2613,#27);
#5489=ORIENTED_EDGE('',*,*,#5478,.F.);
#5490=ORIENTED_EDGE('',*,*,#2616,.F.);
#5491=PLANE('',#5492);
#5492=AXIS2_PLACEMENT_3D('',#2613,#190,#154);
#5493=ADVANCED_FACE('',(#5494),#5501,.F.);
#5494=FACE_BOUND('',#5495,.F.);
#5495=EDGE_LOOP('',(#5496,#2677,#5499,#5500));
#5496=ORIENTED_EDGE('',*,*,#5497,.T.);
#5497=EDGE_CURVE('',#2607,#2674,#5498,.T.);
#5498=LINE('',#2608,#27);
#5499=ORIENTED_EDGE('',*,*,#5487,.F.);
#5500=ORIENTED_EDGE('',*,*,#2611,.F.);
#5501=PLANE('',#5502);
#5502=AXIS2_PLACEMENT_3D('',#2608,#154,#13);
#5503=ADVANCED_FACE('',(#5504),#5511,.F.);
#5504=FACE_BOUND('',#5505,.F.);
#5505=EDGE_LOOP('',(#5506,#2672,#5509,#5510));
#5506=ORIENTED_EDGE('',*,*,#5507,.T.);
#5507=EDGE_CURVE('',#2600,#2667,#5508,.T.);
#5508=LINE('',#2601,#27);
#5509=ORIENTED_EDGE('',*,*,#5497,.F.);
#5510=ORIENTED_EDGE('',*,*,#2606,.F.);
#5511=PLANE('',#5512);
#5512=AXIS2_PLACEMENT_3D('',#2601,#13,#182);
#5513=ADVANCED_FACE('',(#5514),#5521,.T.);
#5514=FACE_BOUND('',#5515,.F.);
#5515=EDGE_LOOP('',(#5516,#2665,#5519,#5520));
#5516=ORIENTED_EDGE('',*,*,#5517,.T.);
#5517=EDGE_CURVE('',#2595,#2662,#5518,.T.);
#5518=LINE('',#2596,#27);
#5519=ORIENTED_EDGE('',*,*,#5507,.F.);
#5520=ORIENTED_EDGE('',*,*,#2599,.F.);
#5521=CYLINDRICAL_SURFACE('',#5522,0.29);
#5522=AXIS2_PLACEMENT_3D('',#2604,#168,#1151);
#5523=ADVANCED_FACE('',(#5524),#5529,.F.);
#5524=FACE_BOUND('',#5525,.F.);
#5525=EDGE_LOOP('',(#5526,#2660,#5527,#5528));
#5526=ORIENTED_EDGE('',*,*,#2653,.T.);
#5527=ORIENTED_EDGE('',*,*,#5517,.F.);
#5528=ORIENTED_EDGE('',*,*,#2594,.F.);
#5529=PLANE('',#5530);
#5530=AXIS2_PLACEMENT_3D('',#2589,#4640,#1143);
#5531=ADVANCED_FACE('',(#5532),#5541,.F.);
#5532=FACE_BOUND('',#5533,.F.);
#5533=EDGE_LOOP('',(#5534,#5535,#2849,#5538,#5539,#5540));
#5534=ORIENTED_EDGE('',*,*,#2782,.F.);
#5535=ORIENTED_EDGE('',*,*,#5536,.T.);
#5536=EDGE_CURVE('',#2778,#2845,#5537,.T.);
#5537=LINE('',#2723,#27);
#5538=ORIENTED_EDGE('',*,*,#2859,.T.);
#5539=ORIENTED_EDGE('',*,*,#4538,.F.);
#5540=ORIENTED_EDGE('',*,*,#2719,.F.);
#5541=PLANE('',#5542);
#5542=AXIS2_PLACEMENT_3D('',#2723,#190,#154);
#5543=ADVANCED_FACE('',(#5544),#5551,.T.);
#5544=FACE_BOUND('',#5545,.F.);
#5545=EDGE_LOOP('',(#5546,#2843,#5549,#5550));
#5546=ORIENTED_EDGE('',*,*,#5547,.T.);
#5547=EDGE_CURVE('',#2773,#2840,#5548,.T.);
#5548=LINE('',#2774,#27);
#5549=ORIENTED_EDGE('',*,*,#5536,.F.);
#5550=ORIENTED_EDGE('',*,*,#2777,.F.);
#5551=CYLINDRICAL_SURFACE('',#5552,0.25);
#5552=AXIS2_PLACEMENT_3D('',#2737,#168,#1185);
#5553=ADVANCED_FACE('',(#5554),#5561,.F.);
#5554=FACE_BOUND('',#5555,.F.);
#5555=EDGE_LOOP('',(#5556,#2838,#5559,#5560));
#5556=ORIENTED_EDGE('',*,*,#5557,.T.);
#5557=EDGE_CURVE('',#2767,#2834,#5558,.T.);
#5558=LINE('',#2768,#27);
#5559=ORIENTED_EDGE('',*,*,#5547,.F.);
#5560=ORIENTED_EDGE('',*,*,#2772,.F.);
#5561=PLANE('',#5562);
#5562=AXIS2_PLACEMENT_3D('',#2768,#4582,#1179);
#5563=ADVANCED_FACE('',(#5564),#5571,.F.);
#5564=FACE_BOUND('',#5565,.F.);
#5565=EDGE_LOOP('',(#5566,#2832,#5569,#5570));
#5566=ORIENTED_EDGE('',*,*,#5567,.T.);
#5567=EDGE_CURVE('',#2762,#2829,#5568,.T.);
#5568=LINE('',#2763,#27);
#5569=ORIENTED_EDGE('',*,*,#5557,.F.);
#5570=ORIENTED_EDGE('',*,*,#2766,.F.);
#5571=CYLINDRICAL_SURFACE('',#2770,0.14);
#5572=ADVANCED_FACE('',(#5573),#5580,.F.);
#5573=FACE_BOUND('',#5574,.F.);
#5574=EDGE_LOOP('',(#5575,#2827,#5578,#5579));
#5575=ORIENTED_EDGE('',*,*,#5576,.T.);
#5576=EDGE_CURVE('',#2757,#2824,#5577,.T.);
#5577=LINE('',#2758,#27);
#5578=ORIENTED_EDGE('',*,*,#5567,.F.);
#5579=ORIENTED_EDGE('',*,*,#2761,.F.);
#5580=PLANE('',#5581);
#5581=AXIS2_PLACEMENT_3D('',#2758,#190,#154);
#5582=ADVANCED_FACE('',(#5583),#5590,.F.);
#5583=FACE_BOUND('',#5584,.F.);
#5584=EDGE_LOOP('',(#5585,#2822,#5588,#5589));
#5585=ORIENTED_EDGE('',*,*,#5586,.T.);
#5586=EDGE_CURVE('',#2752,#2819,#5587,.T.);
#5587=LINE('',#2753,#27);
#5588=ORIENTED_EDGE('',*,*,#5576,.F.);
#5589=ORIENTED_EDGE('',*,*,#2756,.F.);
#5590=PLANE('',#5591);
#5591=AXIS2_PLACEMENT_3D('',#2753,#154,#13);
#5592=ADVANCED_FACE('',(#5593),#5600,.F.);
#5593=FACE_BOUND('',#5594,.F.);
#5594=EDGE_LOOP('',(#5595,#2817,#5598,#5599));
#5595=ORIENTED_EDGE('',*,*,#5596,.T.);
#5596=EDGE_CURVE('',#2745,#2812,#5597,.T.);
#5597=LINE('',#2746,#27);
#5598=ORIENTED_EDGE('',*,*,#5586,.F.);
#5599=ORIENTED_EDGE('',*,*,#2751,.F.);
#5600=PLANE('',#5601);
#5601=AXIS2_PLACEMENT_3D('',#2746,#13,#182);
#5602=ADVANCED_FACE('',(#5603),#5610,.T.);
#5603=FACE_BOUND('',#5604,.F.);
#5604=EDGE_LOOP('',(#5605,#2810,#5608,#5609));
#5605=ORIENTED_EDGE('',*,*,#5606,.T.);
#5606=EDGE_CURVE('',#2740,#2807,#5607,.T.);
#5607=LINE('',#2741,#27);
#5608=ORIENTED_EDGE('',*,*,#5596,.F.);
#5609=ORIENTED_EDGE('',*,*,#2744,.F.);
#5610=CYLINDRICAL_SURFACE('',#5611,0.29);
#5611=AXIS2_PLACEMENT_3D('',#2749,#168,#1151);
#5612=ADVANCED_FACE('',(#5613),#5618,.F.);
#5613=FACE_BOUND('',#5614,.F.);
#5614=EDGE_LOOP('',(#5615,#2805,#5616,#5617));
#5615=ORIENTED_EDGE('',*,*,#2798,.T.);
#5616=ORIENTED_EDGE('',*,*,#5606,.F.);
#5617=ORIENTED_EDGE('',*,*,#2739,.F.);
#5618=PLANE('',#5619);
#5619=AXIS2_PLACEMENT_3D('',#2734,#4640,#1143);
#5620=ADVANCED_FACE('',(#5621),#5633,.F.);
#5621=FACE_BOUND('',#5622,.F.);
#5622=EDGE_LOOP('',(#5623,#5624,#5629,#5632));
#5623=ORIENTED_EDGE('',*,*,#2881,.T.);
#5624=ORIENTED_EDGE('',*,*,#5625,.T.);
#5625=EDGE_CURVE('',#2877,#5626,#5628,.T.);
#5626=VERTEX_POINT('',#5627);
#5627=CARTESIAN_POINT('',(3.292152148956,3.221076074478,1.5));
#5628=B_SPLINE_CURVE_WITH_KNOTS('',1,(#2878,#5627),.UNSPECIFIED.,.F.,.F.,(2,2),(0.,1.),.PIECEWISE_BEZIER_KNOTS.);
#5629=ORIENTED_EDGE('',*,*,#5630,.F.);
#5630=EDGE_CURVE('',#4542,#5626,#5631,.T.);
#5631=LINE('',#4543,#146);
#5632=ORIENTED_EDGE('',*,*,#4541,.F.);
#5633=B_SPLINE_SURFACE_WITH_KNOTS('',1,1,((#2883,#4543),(#2878,#5627)),.UNSPECIFIED.,.F.,.F.,.F.,(2,2),(2,2),(0.,0.194454364826),(0.,1.),.PIECEWISE_BEZIER_KNOTS.);
#5634=ADVANCED_FACE('',(#5635),#5743,.F.);
#5635=FACE_BOUND('',#5636,.F.);
#5636=EDGE_LOOP('',(#5637,#5638,#5642,#5646,#5650,#5654,#5658,#5662,#5666,#5670,#5674,#5678,#5682,#5686,#5690,#5694,#5698,#5702,#5706,#5710,#5714,#5718,#5722,#5726,#5730,#5734,#5739,#5742));
#5637=ORIENTED_EDGE('',*,*,#2876,.T.);
#5638=ORIENTED_EDGE('',*,*,#5639,.T.);
#5639=EDGE_CURVE('',#2871,#5640,#2879,.T.);
#5640=VERTEX_POINT('',#5641);
#5641=CARTESIAN_POINT('',(3.425,2.64,0.875));
#5642=ORIENTED_EDGE('',*,*,#5643,.T.);
#5643=EDGE_CURVE('',#5640,#5644,#2879,.T.);
#5644=VERTEX_POINT('',#5645);
#5645=CARTESIAN_POINT('',(3.425,2.36,0.875));
#5646=ORIENTED_EDGE('',*,*,#5647,.T.);
#5647=EDGE_CURVE('',#5644,#5648,#2879,.T.);
#5648=VERTEX_POINT('',#5649);
#5649=CARTESIAN_POINT('',(3.425,2.14,0.875));
#5650=ORIENTED_EDGE('',*,*,#5651,.T.);
#5651=EDGE_CURVE('',#5648,#5652,#2879,.T.);
#5652=VERTEX_POINT('',#5653);
#5653=CARTESIAN_POINT('',(3.425,1.86,0.875));
#5654=ORIENTED_EDGE('',*,*,#5655,.T.);
#5655=EDGE_CURVE('',#5652,#5656,#2879,.T.);
#5656=VERTEX_POINT('',#5657);
#5657=CARTESIAN_POINT('',(3.425,1.64,0.875));
#5658=ORIENTED_EDGE('',*,*,#5659,.T.);
#5659=EDGE_CURVE('',#5656,#5660,#2879,.T.);
#5660=VERTEX_POINT('',#5661);
#5661=CARTESIAN_POINT('',(3.425,1.36,0.875));
#5662=ORIENTED_EDGE('',*,*,#5663,.T.);
#5663=EDGE_CURVE('',#5660,#5664,#2879,.T.);
#5664=VERTEX_POINT('',#5665);
#5665=CARTESIAN_POINT('',(3.425,1.14,0.875));
#5666=ORIENTED_EDGE('',*,*,#5667,.T.);
#5667=EDGE_CURVE('',#5664,#5668,#2879,.T.);
#5668=VERTEX_POINT('',#5669);
#5669=CARTESIAN_POINT('',(3.425,0.86,0.875));
#5670=ORIENTED_EDGE('',*,*,#5671,.T.);
#5671=EDGE_CURVE('',#5668,#5672,#2879,.T.);
#5672=VERTEX_POINT('',#5673);
#5673=CARTESIAN_POINT('',(3.425,0.64,0.875));
#5674=ORIENTED_EDGE('',*,*,#5675,.T.);
#5675=EDGE_CURVE('',#5672,#5676,#2879,.T.);
#5676=VERTEX_POINT('',#5677);
#5677=CARTESIAN_POINT('',(3.425,0.36,0.875));
#5678=ORIENTED_EDGE('',*,*,#5679,.T.);
#5679=EDGE_CURVE('',#5676,#5680,#2879,.T.);
#5680=VERTEX_POINT('',#5681);
#5681=CARTESIAN_POINT('',(3.425,0.14,0.875));
#5682=ORIENTED_EDGE('',*,*,#5683,.T.);
#5683=EDGE_CURVE('',#5680,#5684,#2879,.T.);
#5684=VERTEX_POINT('',#5685);
#5685=CARTESIAN_POINT('',(3.425,-0.14,0.875));
#5686=ORIENTED_EDGE('',*,*,#5687,.T.);
#5687=EDGE_CURVE('',#5684,#5688,#2879,.T.);
#5688=VERTEX_POINT('',#5689);
#5689=CARTESIAN_POINT('',(3.425,-0.36,0.875));
#5690=ORIENTED_EDGE('',*,*,#5691,.T.);
#5691=EDGE_CURVE('',#5688,#5692,#2879,.T.);
#5692=VERTEX_POINT('',#5693);
#5693=CARTESIAN_POINT('',(3.425,-0.64,0.875));
#5694=ORIENTED_EDGE('',*,*,#5695,.T.);
#5695=EDGE_CURVE('',#5692,#5696,#2879,.T.);
#5696=VERTEX_POINT('',#5697);
#5697=CARTESIAN_POINT('',(3.425,-0.86,0.875));
#5698=ORIENTED_EDGE('',*,*,#5699,.T.);
#5699=EDGE_CURVE('',#5696,#5700,#2879,.T.);
#5700=VERTEX_POINT('',#5701);
#5701=CARTESIAN_POINT('',(3.425,-1.14,0.875));
#5702=ORIENTED_EDGE('',*,*,#5703,.T.);
#5703=EDGE_CURVE('',#5700,#5704,#2879,.T.);
#5704=VERTEX_POINT('',#5705);
#5705=CARTESIAN_POINT('',(3.425,-1.36,0.875));
#5706=ORIENTED_EDGE('',*,*,#5707,.T.);
#5707=EDGE_CURVE('',#5704,#5708,#2879,.T.);
#5708=VERTEX_POINT('',#5709);
#5709=CARTESIAN_POINT('',(3.425,-1.64,0.875));
#5710=ORIENTED_EDGE('',*,*,#5711,.T.);
#5711=EDGE_CURVE('',#5708,#5712,#2879,.T.);
#5712=VERTEX_POINT('',#5713);
#5713=CARTESIAN_POINT('',(3.425,-1.86,0.875));
#5714=ORIENTED_EDGE('',*,*,#5715,.T.);
#5715=EDGE_CURVE('',#5712,#5716,#2879,.T.);
#5716=VERTEX_POINT('',#5717);
#5717=CARTESIAN_POINT('',(3.425,-2.14,0.875));
#5718=ORIENTED_EDGE('',*,*,#5719,.T.);
#5719=EDGE_CURVE('',#5716,#5720,#2879,.T.);
#5720=VERTEX_POINT('',#5721);
#5721=CARTESIAN_POINT('',(3.425,-2.36,0.875));
#5722=ORIENTED_EDGE('',*,*,#5723,.T.);
#5723=EDGE_CURVE('',#5720,#5724,#2879,.T.);
#5724=VERTEX_POINT('',#5725);
#5725=CARTESIAN_POINT('',(3.425,-2.64,0.875));
#5726=ORIENTED_EDGE('',*,*,#5727,.T.);
#5727=EDGE_CURVE('',#5724,#5728,#2879,.T.);
#5728=VERTEX_POINT('',#5729);
#5729=CARTESIAN_POINT('',(3.425,-2.86,0.875));
#5730=ORIENTED_EDGE('',*,*,#5731,.T.);
#5731=EDGE_CURVE('',#5728,#5732,#2879,.T.);
#5732=VERTEX_POINT('',#5733);
#5733=CARTESIAN_POINT('',(3.425,-3.2875,0.875));
#5734=ORIENTED_EDGE('',*,*,#5735,.T.);
#5735=EDGE_CURVE('',#5732,#5736,#5738,.T.);
#5736=VERTEX_POINT('',#5737);
#5737=CARTESIAN_POINT('',(3.292152148956,-3.221076074478,1.5));
#5738=B_SPLINE_CURVE_WITH_KNOTS('',1,(#5733,#5737),.UNSPECIFIED.,.F.,.F.,(2,2),(0.,1.),.PIECEWISE_BEZIER_KNOTS.);
#5739=ORIENTED_EDGE('',*,*,#5740,.F.);
#5740=EDGE_CURVE('',#5626,#5736,#5741,.T.);
#5741=LINE('',#5627,#153);
#5742=ORIENTED_EDGE('',*,*,#5625,.F.);
#5743=B_SPLINE_SURFACE_WITH_KNOTS('',1,1,((#2878,#5627),(#5733,#5737)),.UNSPECIFIED.,.F.,.F.,.F.,(2,2),(2,2),(0.,6.575),(0.,1.),.PIECEWISE_BEZIER_KNOTS.);
#5744=ADVANCED_FACE('',(#5745),#5762,.F.);
#5745=FACE_BOUND('',#5746,.F.);
#5746=EDGE_LOOP('',(#5747,#5750,#5755,#5758,#5760,#5761));
#5747=ORIENTED_EDGE('',*,*,#5748,.F.);
#5748=EDGE_CURVE('',#5749,#2866,#2873,.T.);
#5749=VERTEX_POINT('',#2874);
#5750=ORIENTED_EDGE('',*,*,#5751,.T.);
#5751=EDGE_CURVE('',#5749,#5752,#5754,.T.);
#5752=VERTEX_POINT('',#5753);
#5753=CARTESIAN_POINT('',(3.740930461463,2.64,0.875));
#5754=LINE('',#2874,#153);
#5755=ORIENTED_EDGE('',*,*,#5756,.T.);
#5756=EDGE_CURVE('',#5752,#3403,#5757,.T.);
#5757=LINE('',#5753,#167);
#5758=ORIENTED_EDGE('',*,*,#5759,.T.);
#5759=EDGE_CURVE('',#3403,#5640,#5757,.T.);
#5760=ORIENTED_EDGE('',*,*,#5639,.F.);
#5761=ORIENTED_EDGE('',*,*,#2870,.F.);
#5762=PLANE('',#5763);
#5763=AXIS2_PLACEMENT_3D('',#2874,#190,#168);
#5764=ADVANCED_FACE('',(#5765),#1122,.F.);
#5765=FACE_BOUND('',#5766,.F.);
#5766=EDGE_LOOP('',(#5767,#5768,#5772,#5773,#5778,#5784,#5788,#5789));
#5767=ORIENTED_EDGE('',*,*,#2902,.T.);
#5768=ORIENTED_EDGE('',*,*,#5769,.T.);
#5769=EDGE_CURVE('',#2897,#4382,#5770,.T.);
#5770=LINE('',#5771,#27);
#5771=CARTESIAN_POINT('',(-3.740930461463,-2.86,0.875));
#5772=ORIENTED_EDGE('',*,*,#4380,.F.);
#5773=ORIENTED_EDGE('',*,*,#5774,.F.);
#5774=EDGE_CURVE('',#5775,#4381,#5777,.T.);
#5775=VERTEX_POINT('',#5776);
#5776=CARTESIAN_POINT('',(-3.2875,-3.425,0.875));
#5777=LINE('',#5776,#174);
#5778=ORIENTED_EDGE('',*,*,#5779,.F.);
#5779=EDGE_CURVE('',#5780,#5775,#5782,.T.);
#5780=VERTEX_POINT('',#5781);
#5781=CARTESIAN_POINT('',(-2.86,-3.425,0.875));
#5782=LINE('',#5783,#167);
#5783=CARTESIAN_POINT('',(3.2875,-3.425,0.875));
#5784=ORIENTED_EDGE('',*,*,#5785,.F.);
#5785=EDGE_CURVE('',#4345,#5780,#5786,.T.);
#5786=LINE('',#5787,#181);
#5787=CARTESIAN_POINT('',(-2.86,-3.740930461463,0.875));
#5788=ORIENTED_EDGE('',*,*,#4352,.T.);
#5789=ORIENTED_EDGE('',*,*,#3850,.T.);
#5790=ADVANCED_FACE('',(#5791),#5853,.F.);
#5791=FACE_BOUND('',#5792,.F.);
#5792=EDGE_LOOP('',(#5793,#5794,#5795,#5802,#5809,#5817,#5822,#5827,#5832,#5838,#5845,#5851));
#5793=ORIENTED_EDGE('',*,*,#2896,.F.);
#5794=ORIENTED_EDGE('',*,*,#2909,.T.);
#5795=ORIENTED_EDGE('',*,*,#5796,.T.);
#5796=EDGE_CURVE('',#2910,#5797,#5799,.T.);
#5797=VERTEX_POINT('',#5798);
#5798=CARTESIAN_POINT('',(-3.839411236764,-2.86,0.642364817767));
#5799=CIRCLE('',#5800,1.E-01);
#5800=AXIS2_PLACEMENT_3D('',#5801,#154,#13);
#5801=CARTESIAN_POINT('',(-3.740930461463,-2.86,0.625));
#5802=ORIENTED_EDGE('',*,*,#5803,.T.);
#5803=EDGE_CURVE('',#5797,#5804,#5806,.T.);
#5804=VERTEX_POINT('',#5805);
#5805=CARTESIAN_POINT('',(-3.904405751626,-2.86,0.239642028477));
#5806=LINE('',#5798,#5807);
#5807=VECTOR('',#5808,1.);
#5808=DIRECTION('',(-0.159326158443,1.823070042915E-18,-0.987226000081));
#5809=ORIENTED_EDGE('',*,*,#5810,.T.);
#5810=EDGE_CURVE('',#5804,#5811,#5813,.T.);
#5811=VERTEX_POINT('',#5812);
#5812=CARTESIAN_POINT('',(-4.19,-2.86,-2.22044604925E-16));
#5813=CIRCLE('',#5814,0.29);
#5814=AXIS2_PLACEMENT_3D('',#5815,#182,#5816);
#5815=CARTESIAN_POINT('',(-4.19,-2.86,0.29));
#5816=DIRECTION('',(0.984807753012,-1.126854202784E-17,-0.173648177667));
#5817=ORIENTED_EDGE('',*,*,#5818,.T.);
#5818=EDGE_CURVE('',#5811,#5819,#5821,.T.);
#5819=VERTEX_POINT('',#5820);
#5820=CARTESIAN_POINT('',(-4.5,-2.86,-2.22044604925E-16));
#5821=LINE('',#5812,#167);
#5822=ORIENTED_EDGE('',*,*,#5823,.T.);
#5823=EDGE_CURVE('',#5819,#5824,#5826,.T.);
#5824=VERTEX_POINT('',#5825);
#5825=CARTESIAN_POINT('',(-4.5,-2.86,0.15));
#5826=LINE('',#5820,#220);
#5827=ORIENTED_EDGE('',*,*,#5828,.T.);
#5828=EDGE_CURVE('',#5824,#5829,#5831,.T.);
#5829=VERTEX_POINT('',#5830);
#5830=CARTESIAN_POINT('',(-4.19,-2.86,0.15));
#5831=LINE('',#5825,#27);
#5832=ORIENTED_EDGE('',*,*,#5833,.T.);
#5833=EDGE_CURVE('',#5829,#5834,#5836,.T.);
#5834=VERTEX_POINT('',#5835);
#5835=CARTESIAN_POINT('',(-4.052126914578,-2.86,0.265689255127));
#5836=CIRCLE('',#5837,0.14);
#5837=AXIS2_PLACEMENT_3D('',#5815,#154,#190);
#5838=ORIENTED_EDGE('',*,*,#5839,.T.);
#5839=EDGE_CURVE('',#5834,#5840,#5842,.T.);
#5840=VERTEX_POINT('',#5841);
#5841=CARTESIAN_POINT('',(-3.987132399716,-2.86,0.668412044417));
#5842=LINE('',#5835,#5843);
#5843=VECTOR('',#5844,1.);
#5844=DIRECTION('',(0.159326158443,-1.823070042915E-18,0.987226000081));
#5845=ORIENTED_EDGE('',*,*,#5846,.T.);
#5846=EDGE_CURVE('',#5840,#5847,#5848,.T.);
#5847=VERTEX_POINT('',#5771);
#5848=CIRCLE('',#5849,0.25);
#5849=AXIS2_PLACEMENT_3D('',#5801,#182,#5850);
#5850=DIRECTION('',(-0.984807753012,1.126854202784E-17,0.173648177667));
#5851=ORIENTED_EDGE('',*,*,#5852,.T.);
#5852=EDGE_CURVE('',#5847,#2897,#5770,.T.);
#5853=PLANE('',#5854);
#5854=AXIS2_PLACEMENT_3D('',#5855,#182,#13);
#5855=CARTESIAN_POINT('',(-3.931684054297,-2.86,0.450095127207));
#5856=ADVANCED_FACE('',(#5857),#5871,.F.);
#5857=FACE_BOUND('',#5858,.F.);
#5858=EDGE_LOOP('',(#5859,#5860,#5867,#5870));
#5859=ORIENTED_EDGE('',*,*,#2922,.T.);
#5860=ORIENTED_EDGE('',*,*,#5861,.T.);
#5861=EDGE_CURVE('',#2917,#5862,#5864,.T.);
#5862=VERTEX_POINT('',#5863);
#5863=CARTESIAN_POINT('',(-3.839411236764,-2.64,0.642364817767));
#5864=CIRCLE('',#5865,1.E-01);
#5865=AXIS2_PLACEMENT_3D('',#5866,#154,#13);
#5866=CARTESIAN_POINT('',(-3.740930461463,-2.64,0.625));
#5867=ORIENTED_EDGE('',*,*,#5868,.F.);
#5868=EDGE_CURVE('',#5797,#5862,#5869,.T.);
#5869=LINE('',#5798,#181);
#5870=ORIENTED_EDGE('',*,*,#5796,.F.);
#5871=CYLINDRICAL_SURFACE('',#5800,1.E-01);
#5872=ADVANCED_FACE('',(#5873),#5922,.T.);
#5873=FACE_BOUND('',#5874,.T.);
#5874=EDGE_LOOP('',(#2929,#2915,#5860,#5875,#5880,#5887,#5892,#5897,#5902,#5908,#5913,#5919));
#5875=ORIENTED_EDGE('',*,*,#5876,.T.);
#5876=EDGE_CURVE('',#5862,#5877,#5879,.T.);
#5877=VERTEX_POINT('',#5878);
#5878=CARTESIAN_POINT('',(-3.904405751626,-2.64,0.239642028477));
#5879=LINE('',#5863,#5807);
#5880=ORIENTED_EDGE('',*,*,#5881,.T.);
#5881=EDGE_CURVE('',#5877,#5882,#5884,.T.);
#5882=VERTEX_POINT('',#5883);
#5883=CARTESIAN_POINT('',(-4.19,-2.64,-2.22044604925E-16));
#5884=CIRCLE('',#5885,0.29);
#5885=AXIS2_PLACEMENT_3D('',#5886,#182,#5816);
#5886=CARTESIAN_POINT('',(-4.19,-2.64,0.29));
#5887=ORIENTED_EDGE('',*,*,#5888,.T.);
#5888=EDGE_CURVE('',#5882,#5889,#5891,.T.);
#5889=VERTEX_POINT('',#5890);
#5890=CARTESIAN_POINT('',(-4.5,-2.64,-2.22044604925E-16));
#5891=LINE('',#5883,#167);
#5892=ORIENTED_EDGE('',*,*,#5893,.T.);
#5893=EDGE_CURVE('',#5889,#5894,#5896,.T.);
#5894=VERTEX_POINT('',#5895);
#5895=CARTESIAN_POINT('',(-4.5,-2.64,0.15));
#5896=LINE('',#5890,#220);
#5897=ORIENTED_EDGE('',*,*,#5898,.T.);
#5898=EDGE_CURVE('',#5894,#5899,#5901,.T.);
#5899=VERTEX_POINT('',#5900);
#5900=CARTESIAN_POINT('',(-4.19,-2.64,0.15));
#5901=LINE('',#5895,#27);
#5902=ORIENTED_EDGE('',*,*,#5903,.T.);
#5903=EDGE_CURVE('',#5899,#5904,#5906,.T.);
#5904=VERTEX_POINT('',#5905);
#5905=CARTESIAN_POINT('',(-4.052126914578,-2.64,0.265689255127));
#5906=CIRCLE('',#5907,0.14);
#5907=AXIS2_PLACEMENT_3D('',#5886,#154,#190);
#5908=ORIENTED_EDGE('',*,*,#5909,.T.);
#5909=EDGE_CURVE('',#5904,#5910,#5912,.T.);
#5910=VERTEX_POINT('',#5911);
#5911=CARTESIAN_POINT('',(-3.987132399716,-2.64,0.668412044417));
#5912=LINE('',#5905,#5843);
#5913=ORIENTED_EDGE('',*,*,#5914,.T.);
#5914=EDGE_CURVE('',#5910,#5915,#5917,.T.);
#5915=VERTEX_POINT('',#5916);
#5916=CARTESIAN_POINT('',(-3.740930461463,-2.64,0.875));
#5917=CIRCLE('',#5918,0.25);
#5918=AXIS2_PLACEMENT_3D('',#5866,#182,#5850);
#5919=ORIENTED_EDGE('',*,*,#5920,.T.);
#5920=EDGE_CURVE('',#5915,#2931,#5921,.T.);
#5921=LINE('',#5916,#27);
#5922=PLANE('',#5923);
#5923=AXIS2_PLACEMENT_3D('',#5924,#182,#13);
#5924=CARTESIAN_POINT('',(-3.931684054297,-2.64,0.450095127207));
#5925=ADVANCED_FACE('',(#5926),#1122,.F.);
#5926=FACE_BOUND('',#5927,.F.);
#5927=EDGE_LOOP('',(#5928,#5929,#5933,#5934));
#5928=ORIENTED_EDGE('',*,*,#2943,.T.);
#5929=ORIENTED_EDGE('',*,*,#5930,.T.);
#5930=EDGE_CURVE('',#2938,#4390,#5931,.T.);
#5931=LINE('',#5932,#27);
#5932=CARTESIAN_POINT('',(-3.740930461463,-2.36,0.875));
#5933=ORIENTED_EDGE('',*,*,#4389,.F.);
#5934=ORIENTED_EDGE('',*,*,#5935,.F.);
#5935=EDGE_CURVE('',#2931,#4386,#5921,.T.);
#5936=ADVANCED_FACE('',(#5937),#5993,.F.);
#5937=FACE_BOUND('',#5938,.F.);
#5938=EDGE_LOOP('',(#5939,#5940,#5941,#5948,#5953,#5960,#5965,#5970,#5975,#5981,#5986,#5991));
#5939=ORIENTED_EDGE('',*,*,#2937,.F.);
#5940=ORIENTED_EDGE('',*,*,#2948,.T.);
#5941=ORIENTED_EDGE('',*,*,#5942,.T.);
#5942=EDGE_CURVE('',#2949,#5943,#5945,.T.);
#5943=VERTEX_POINT('',#5944);
#5944=CARTESIAN_POINT('',(-3.839411236764,-2.36,0.642364817767));
#5945=CIRCLE('',#5946,1.E-01);
#5946=AXIS2_PLACEMENT_3D('',#5947,#154,#13);
#5947=CARTESIAN_POINT('',(-3.740930461463,-2.36,0.625));
#5948=ORIENTED_EDGE('',*,*,#5949,.T.);
#5949=EDGE_CURVE('',#5943,#5950,#5952,.T.);
#5950=VERTEX_POINT('',#5951);
#5951=CARTESIAN_POINT('',(-3.904405751626,-2.36,0.239642028477));
#5952=LINE('',#5944,#5807);
#5953=ORIENTED_EDGE('',*,*,#5954,.T.);
#5954=EDGE_CURVE('',#5950,#5955,#5957,.T.);
#5955=VERTEX_POINT('',#5956);
#5956=CARTESIAN_POINT('',(-4.19,-2.36,-2.22044604925E-16));
#5957=CIRCLE('',#5958,0.29);
#5958=AXIS2_PLACEMENT_3D('',#5959,#182,#5816);
#5959=CARTESIAN_POINT('',(-4.19,-2.36,0.29));
#5960=ORIENTED_EDGE('',*,*,#5961,.T.);
#5961=EDGE_CURVE('',#5955,#5962,#5964,.T.);
#5962=VERTEX_POINT('',#5963);
#5963=CARTESIAN_POINT('',(-4.5,-2.36,-2.22044604925E-16));
#5964=LINE('',#5956,#167);
#5965=ORIENTED_EDGE('',*,*,#5966,.T.);
#5966=EDGE_CURVE('',#5962,#5967,#5969,.T.);
#5967=VERTEX_POINT('',#5968);
#5968=CARTESIAN_POINT('',(-4.5,-2.36,0.15));
#5969=LINE('',#5963,#220);
#5970=ORIENTED_EDGE('',*,*,#5971,.T.);
#5971=EDGE_CURVE('',#5967,#5972,#5974,.T.);
#5972=VERTEX_POINT('',#5973);
#5973=CARTESIAN_POINT('',(-4.19,-2.36,0.15));
#5974=LINE('',#5968,#27);
#5975=ORIENTED_EDGE('',*,*,#5976,.T.);
#5976=EDGE_CURVE('',#5972,#5977,#5979,.T.);
#5977=VERTEX_POINT('',#5978);
#5978=CARTESIAN_POINT('',(-4.052126914578,-2.36,0.265689255127));
#5979=CIRCLE('',#5980,0.14);
#5980=AXIS2_PLACEMENT_3D('',#5959,#154,#190);
#5981=ORIENTED_EDGE('',*,*,#5982,.T.);
#5982=EDGE_CURVE('',#5977,#5983,#5985,.T.);
#5983=VERTEX_POINT('',#5984);
#5984=CARTESIAN_POINT('',(-3.987132399716,-2.36,0.668412044417));
#5985=LINE('',#5978,#5843);
#5986=ORIENTED_EDGE('',*,*,#5987,.T.);
#5987=EDGE_CURVE('',#5983,#5988,#5989,.T.);
#5988=VERTEX_POINT('',#5932);
#5989=CIRCLE('',#5990,0.25);
#5990=AXIS2_PLACEMENT_3D('',#5947,#182,#5850);
#5991=ORIENTED_EDGE('',*,*,#5992,.T.);
#5992=EDGE_CURVE('',#5988,#2938,#5931,.T.);
#5993=PLANE('',#5994);
#5994=AXIS2_PLACEMENT_3D('',#5995,#182,#13);
#5995=CARTESIAN_POINT('',(-3.931684054297,-2.36,0.450095127207));
#5996=ADVANCED_FACE('',(#5997),#6011,.F.);
#5997=FACE_BOUND('',#5998,.F.);
#5998=EDGE_LOOP('',(#5999,#6000,#6007,#6010));
#5999=ORIENTED_EDGE('',*,*,#2961,.T.);
#6000=ORIENTED_EDGE('',*,*,#6001,.T.);
#6001=EDGE_CURVE('',#2956,#6002,#6004,.T.);
#6002=VERTEX_POINT('',#6003);
#6003=CARTESIAN_POINT('',(-3.839411236764,-2.14,0.642364817767));
#6004=CIRCLE('',#6005,1.E-01);
#6005=AXIS2_PLACEMENT_3D('',#6006,#154,#13);
#6006=CARTESIAN_POINT('',(-3.740930461463,-2.14,0.625));
#6007=ORIENTED_EDGE('',*,*,#6008,.F.);
#6008=EDGE_CURVE('',#5943,#6002,#6009,.T.);
#6009=LINE('',#5944,#181);
#6010=ORIENTED_EDGE('',*,*,#5942,.F.);
#6011=CYLINDRICAL_SURFACE('',#5946,1.E-01);
#6012=ADVANCED_FACE('',(#6013),#6062,.T.);
#6013=FACE_BOUND('',#6014,.T.);
#6014=EDGE_LOOP('',(#2968,#2954,#6000,#6015,#6020,#6027,#6032,#6037,#6042,#6048,#6053,#6059));
#6015=ORIENTED_EDGE('',*,*,#6016,.T.);
#6016=EDGE_CURVE('',#6002,#6017,#6019,.T.);
#6017=VERTEX_POINT('',#6018);
#6018=CARTESIAN_POINT('',(-3.904405751626,-2.14,0.239642028477));
#6019=LINE('',#6003,#5807);
#6020=ORIENTED_EDGE('',*,*,#6021,.T.);
#6021=EDGE_CURVE('',#6017,#6022,#6024,.T.);
#6022=VERTEX_POINT('',#6023);
#6023=CARTESIAN_POINT('',(-4.19,-2.14,-2.22044604925E-16));
#6024=CIRCLE('',#6025,0.29);
#6025=AXIS2_PLACEMENT_3D('',#6026,#182,#5816);
#6026=CARTESIAN_POINT('',(-4.19,-2.14,0.29));
#6027=ORIENTED_EDGE('',*,*,#6028,.T.);
#6028=EDGE_CURVE('',#6022,#6029,#6031,.T.);
#6029=VERTEX_POINT('',#6030);
#6030=CARTESIAN_POINT('',(-4.5,-2.14,-2.22044604925E-16));
#6031=LINE('',#6023,#167);
#6032=ORIENTED_EDGE('',*,*,#6033,.T.);
#6033=EDGE_CURVE('',#6029,#6034,#6036,.T.);
#6034=VERTEX_POINT('',#6035);
#6035=CARTESIAN_POINT('',(-4.5,-2.14,0.15));
#6036=LINE('',#6030,#220);
#6037=ORIENTED_EDGE('',*,*,#6038,.T.);
#6038=EDGE_CURVE('',#6034,#6039,#6041,.T.);
#6039=VERTEX_POINT('',#6040);
#6040=CARTESIAN_POINT('',(-4.19,-2.14,0.15));
#6041=LINE('',#6035,#27);
#6042=ORIENTED_EDGE('',*,*,#6043,.T.);
#6043=EDGE_CURVE('',#6039,#6044,#6046,.T.);
#6044=VERTEX_POINT('',#6045);
#6045=CARTESIAN_POINT('',(-4.052126914578,-2.14,0.265689255127));
#6046=CIRCLE('',#6047,0.14);
#6047=AXIS2_PLACEMENT_3D('',#6026,#154,#190);
#6048=ORIENTED_EDGE('',*,*,#6049,.T.);
#6049=EDGE_CURVE('',#6044,#6050,#6052,.T.);
#6050=VERTEX_POINT('',#6051);
#6051=CARTESIAN_POINT('',(-3.987132399716,-2.14,0.668412044417));
#6052=LINE('',#6045,#5843);
#6053=ORIENTED_EDGE('',*,*,#6054,.T.);
#6054=EDGE_CURVE('',#6050,#6055,#6057,.T.);
#6055=VERTEX_POINT('',#6056);
#6056=CARTESIAN_POINT('',(-3.740930461463,-2.14,0.875));
#6057=CIRCLE('',#6058,0.25);
#6058=AXIS2_PLACEMENT_3D('',#6006,#182,#5850);
#6059=ORIENTED_EDGE('',*,*,#6060,.T.);
#6060=EDGE_CURVE('',#6055,#2970,#6061,.T.);
#6061=LINE('',#6056,#27);
#6062=PLANE('',#6063);
#6063=AXIS2_PLACEMENT_3D('',#6064,#182,#13);
#6064=CARTESIAN_POINT('',(-3.931684054297,-2.14,0.450095127207));
#6065=ADVANCED_FACE('',(#6066),#1122,.F.);
#6066=FACE_BOUND('',#6067,.F.);
#6067=EDGE_LOOP('',(#6068,#6069,#6073,#6074));
#6068=ORIENTED_EDGE('',*,*,#2982,.T.);
#6069=ORIENTED_EDGE('',*,*,#6070,.T.);
#6070=EDGE_CURVE('',#2977,#4398,#6071,.T.);
#6071=LINE('',#6072,#27);
#6072=CARTESIAN_POINT('',(-3.740930461463,-1.86,0.875));
#6073=ORIENTED_EDGE('',*,*,#4397,.F.);
#6074=ORIENTED_EDGE('',*,*,#6075,.F.);
#6075=EDGE_CURVE('',#2970,#4394,#6061,.T.);
#6076=ADVANCED_FACE('',(#6077),#6133,.F.);
#6077=FACE_BOUND('',#6078,.F.);
#6078=EDGE_LOOP('',(#6079,#6080,#6081,#6088,#6093,#6100,#6105,#6110,#6115,#6121,#6126,#6131));
#6079=ORIENTED_EDGE('',*,*,#2976,.F.);
#6080=ORIENTED_EDGE('',*,*,#2987,.T.);
#6081=ORIENTED_EDGE('',*,*,#6082,.T.);
#6082=EDGE_CURVE('',#2988,#6083,#6085,.T.);
#6083=VERTEX_POINT('',#6084);
#6084=CARTESIAN_POINT('',(-3.839411236764,-1.86,0.642364817767));
#6085=CIRCLE('',#6086,1.E-01);
#6086=AXIS2_PLACEMENT_3D('',#6087,#154,#13);
#6087=CARTESIAN_POINT('',(-3.740930461463,-1.86,0.625));
#6088=ORIENTED_EDGE('',*,*,#6089,.T.);
#6089=EDGE_CURVE('',#6083,#6090,#6092,.T.);
#6090=VERTEX_POINT('',#6091);
#6091=CARTESIAN_POINT('',(-3.904405751626,-1.86,0.239642028477));
#6092=LINE('',#6084,#5807);
#6093=ORIENTED_EDGE('',*,*,#6094,.T.);
#6094=EDGE_CURVE('',#6090,#6095,#6097,.T.);
#6095=VERTEX_POINT('',#6096);
#6096=CARTESIAN_POINT('',(-4.19,-1.86,-2.22044604925E-16));
#6097=CIRCLE('',#6098,0.29);
#6098=AXIS2_PLACEMENT_3D('',#6099,#182,#5816);
#6099=CARTESIAN_POINT('',(-4.19,-1.86,0.29));
#6100=ORIENTED_EDGE('',*,*,#6101,.T.);
#6101=EDGE_CURVE('',#6095,#6102,#6104,.T.);
#6102=VERTEX_POINT('',#6103);
#6103=CARTESIAN_POINT('',(-4.5,-1.86,-2.22044604925E-16));
#6104=LINE('',#6096,#167);
#6105=ORIENTED_EDGE('',*,*,#6106,.T.);
#6106=EDGE_CURVE('',#6102,#6107,#6109,.T.);
#6107=VERTEX_POINT('',#6108);
#6108=CARTESIAN_POINT('',(-4.5,-1.86,0.15));
#6109=LINE('',#6103,#220);
#6110=ORIENTED_EDGE('',*,*,#6111,.T.);
#6111=EDGE_CURVE('',#6107,#6112,#6114,.T.);
#6112=VERTEX_POINT('',#6113);
#6113=CARTESIAN_POINT('',(-4.19,-1.86,0.15));
#6114=LINE('',#6108,#27);
#6115=ORIENTED_EDGE('',*,*,#6116,.T.);
#6116=EDGE_CURVE('',#6112,#6117,#6119,.T.);
#6117=VERTEX_POINT('',#6118);
#6118=CARTESIAN_POINT('',(-4.052126914578,-1.86,0.265689255127));
#6119=CIRCLE('',#6120,0.14);
#6120=AXIS2_PLACEMENT_3D('',#6099,#154,#190);
#6121=ORIENTED_EDGE('',*,*,#6122,.T.);
#6122=EDGE_CURVE('',#6117,#6123,#6125,.T.);
#6123=VERTEX_POINT('',#6124);
#6124=CARTESIAN_POINT('',(-3.987132399716,-1.86,0.668412044417));
#6125=LINE('',#6118,#5843);
#6126=ORIENTED_EDGE('',*,*,#6127,.T.);
#6127=EDGE_CURVE('',#6123,#6128,#6129,.T.);
#6128=VERTEX_POINT('',#6072);
#6129=CIRCLE('',#6130,0.25);
#6130=AXIS2_PLACEMENT_3D('',#6087,#182,#5850);
#6131=ORIENTED_EDGE('',*,*,#6132,.T.);
#6132=EDGE_CURVE('',#6128,#2977,#6071,.T.);
#6133=PLANE('',#6134);
#6134=AXIS2_PLACEMENT_3D('',#6135,#182,#13);
#6135=CARTESIAN_POINT('',(-3.931684054297,-1.86,0.450095127207));
#6136=ADVANCED_FACE('',(#6137),#6151,.F.);
#6137=FACE_BOUND('',#6138,.F.);
#6138=EDGE_LOOP('',(#6139,#6140,#6147,#6150));
#6139=ORIENTED_EDGE('',*,*,#3000,.T.);
#6140=ORIENTED_EDGE('',*,*,#6141,.T.);
#6141=EDGE_CURVE('',#2995,#6142,#6144,.T.);
#6142=VERTEX_POINT('',#6143);
#6143=CARTESIAN_POINT('',(-3.839411236764,-1.64,0.642364817767));
#6144=CIRCLE('',#6145,1.E-01);
#6145=AXIS2_PLACEMENT_3D('',#6146,#154,#13);
#6146=CARTESIAN_POINT('',(-3.740930461463,-1.64,0.625));
#6147=ORIENTED_EDGE('',*,*,#6148,.F.);
#6148=EDGE_CURVE('',#6083,#6142,#6149,.T.);
#6149=LINE('',#6084,#181);
#6150=ORIENTED_EDGE('',*,*,#6082,.F.);
#6151=CYLINDRICAL_SURFACE('',#6086,1.E-01);
#6152=ADVANCED_FACE('',(#6153),#6202,.T.);
#6153=FACE_BOUND('',#6154,.T.);
#6154=EDGE_LOOP('',(#3007,#2993,#6140,#6155,#6160,#6167,#6172,#6177,#6182,#6188,#6193,#6199));
#6155=ORIENTED_EDGE('',*,*,#6156,.T.);
#6156=EDGE_CURVE('',#6142,#6157,#6159,.T.);
#6157=VERTEX_POINT('',#6158);
#6158=CARTESIAN_POINT('',(-3.904405751626,-1.64,0.239642028477));
#6159=LINE('',#6143,#5807);
#6160=ORIENTED_EDGE('',*,*,#6161,.T.);
#6161=EDGE_CURVE('',#6157,#6162,#6164,.T.);
#6162=VERTEX_POINT('',#6163);
#6163=CARTESIAN_POINT('',(-4.19,-1.64,-2.22044604925E-16));
#6164=CIRCLE('',#6165,0.29);
#6165=AXIS2_PLACEMENT_3D('',#6166,#182,#5816);
#6166=CARTESIAN_POINT('',(-4.19,-1.64,0.29));
#6167=ORIENTED_EDGE('',*,*,#6168,.T.);
#6168=EDGE_CURVE('',#6162,#6169,#6171,.T.);
#6169=VERTEX_POINT('',#6170);
#6170=CARTESIAN_POINT('',(-4.5,-1.64,-2.22044604925E-16));
#6171=LINE('',#6163,#167);
#6172=ORIENTED_EDGE('',*,*,#6173,.T.);
#6173=EDGE_CURVE('',#6169,#6174,#6176,.T.);
#6174=VERTEX_POINT('',#6175);
#6175=CARTESIAN_POINT('',(-4.5,-1.64,0.15));
#6176=LINE('',#6170,#220);
#6177=ORIENTED_EDGE('',*,*,#6178,.T.);
#6178=EDGE_CURVE('',#6174,#6179,#6181,.T.);
#6179=VERTEX_POINT('',#6180);
#6180=CARTESIAN_POINT('',(-4.19,-1.64,0.15));
#6181=LINE('',#6175,#27);
#6182=ORIENTED_EDGE('',*,*,#6183,.T.);
#6183=EDGE_CURVE('',#6179,#6184,#6186,.T.);
#6184=VERTEX_POINT('',#6185);
#6185=CARTESIAN_POINT('',(-4.052126914578,-1.64,0.265689255127));
#6186=CIRCLE('',#6187,0.14);
#6187=AXIS2_PLACEMENT_3D('',#6166,#154,#190);
#6188=ORIENTED_EDGE('',*,*,#6189,.T.);
#6189=EDGE_CURVE('',#6184,#6190,#6192,.T.);
#6190=VERTEX_POINT('',#6191);
#6191=CARTESIAN_POINT('',(-3.987132399716,-1.64,0.668412044417));
#6192=LINE('',#6185,#5843);
#6193=ORIENTED_EDGE('',*,*,#6194,.T.);
#6194=EDGE_CURVE('',#6190,#6195,#6197,.T.);
#6195=VERTEX_POINT('',#6196);
#6196=CARTESIAN_POINT('',(-3.740930461463,-1.64,0.875));
#6197=CIRCLE('',#6198,0.25);
#6198=AXIS2_PLACEMENT_3D('',#6146,#182,#5850);
#6199=ORIENTED_EDGE('',*,*,#6200,.T.);
#6200=EDGE_CURVE('',#6195,#3009,#6201,.T.);
#6201=LINE('',#6196,#27);
#6202=PLANE('',#6203);
#6203=AXIS2_PLACEMENT_3D('',#6204,#182,#13);
#6204=CARTESIAN_POINT('',(-3.931684054297,-1.64,0.450095127207));
#6205=ADVANCED_FACE('',(#6206),#1122,.F.);
#6206=FACE_BOUND('',#6207,.F.);
#6207=EDGE_LOOP('',(#6208,#6209,#6213,#6214));
#6208=ORIENTED_EDGE('',*,*,#3021,.T.);
#6209=ORIENTED_EDGE('',*,*,#6210,.T.);
#6210=EDGE_CURVE('',#3016,#4406,#6211,.T.);
#6211=LINE('',#6212,#27);
#6212=CARTESIAN_POINT('',(-3.740930461463,-1.36,0.875));
#6213=ORIENTED_EDGE('',*,*,#4405,.F.);
#6214=ORIENTED_EDGE('',*,*,#6215,.F.);
#6215=EDGE_CURVE('',#3009,#4402,#6201,.T.);
#6216=ADVANCED_FACE('',(#6217),#6273,.F.);
#6217=FACE_BOUND('',#6218,.F.);
#6218=EDGE_LOOP('',(#6219,#6220,#6221,#6228,#6233,#6240,#6245,#6250,#6255,#6261,#6266,#6271));
#6219=ORIENTED_EDGE('',*,*,#3015,.F.);
#6220=ORIENTED_EDGE('',*,*,#3026,.T.);
#6221=ORIENTED_EDGE('',*,*,#6222,.T.);
#6222=EDGE_CURVE('',#3027,#6223,#6225,.T.);
#6223=VERTEX_POINT('',#6224);
#6224=CARTESIAN_POINT('',(-3.839411236764,-1.36,0.642364817767));
#6225=CIRCLE('',#6226,1.E-01);
#6226=AXIS2_PLACEMENT_3D('',#6227,#154,#13);
#6227=CARTESIAN_POINT('',(-3.740930461463,-1.36,0.625));
#6228=ORIENTED_EDGE('',*,*,#6229,.T.);
#6229=EDGE_CURVE('',#6223,#6230,#6232,.T.);
#6230=VERTEX_POINT('',#6231);
#6231=CARTESIAN_POINT('',(-3.904405751626,-1.36,0.239642028477));
#6232=LINE('',#6224,#5807);
#6233=ORIENTED_EDGE('',*,*,#6234,.T.);
#6234=EDGE_CURVE('',#6230,#6235,#6237,.T.);
#6235=VERTEX_POINT('',#6236);
#6236=CARTESIAN_POINT('',(-4.19,-1.36,-2.22044604925E-16));
#6237=CIRCLE('',#6238,0.29);
#6238=AXIS2_PLACEMENT_3D('',#6239,#182,#5816);
#6239=CARTESIAN_POINT('',(-4.19,-1.36,0.29));
#6240=ORIENTED_EDGE('',*,*,#6241,.T.);
#6241=EDGE_CURVE('',#6235,#6242,#6244,.T.);
#6242=VERTEX_POINT('',#6243);
#6243=CARTESIAN_POINT('',(-4.5,-1.36,-2.22044604925E-16));
#6244=LINE('',#6236,#167);
#6245=ORIENTED_EDGE('',*,*,#6246,.T.);
#6246=EDGE_CURVE('',#6242,#6247,#6249,.T.);
#6247=VERTEX_POINT('',#6248);
#6248=CARTESIAN_POINT('',(-4.5,-1.36,0.15));
#6249=LINE('',#6243,#220);
#6250=ORIENTED_EDGE('',*,*,#6251,.T.);
#6251=EDGE_CURVE('',#6247,#6252,#6254,.T.);
#6252=VERTEX_POINT('',#6253);
#6253=CARTESIAN_POINT('',(-4.19,-1.36,0.15));
#6254=LINE('',#6248,#27);
#6255=ORIENTED_EDGE('',*,*,#6256,.T.);
#6256=EDGE_CURVE('',#6252,#6257,#6259,.T.);
#6257=VERTEX_POINT('',#6258);
#6258=CARTESIAN_POINT('',(-4.052126914578,-1.36,0.265689255127));
#6259=CIRCLE('',#6260,0.14);
#6260=AXIS2_PLACEMENT_3D('',#6239,#154,#190);
#6261=ORIENTED_EDGE('',*,*,#6262,.T.);
#6262=EDGE_CURVE('',#6257,#6263,#6265,.T.);
#6263=VERTEX_POINT('',#6264);
#6264=CARTESIAN_POINT('',(-3.987132399716,-1.36,0.668412044417));
#6265=LINE('',#6258,#5843);
#6266=ORIENTED_EDGE('',*,*,#6267,.T.);
#6267=EDGE_CURVE('',#6263,#6268,#6269,.T.);
#6268=VERTEX_POINT('',#6212);
#6269=CIRCLE('',#6270,0.25);
#6270=AXIS2_PLACEMENT_3D('',#6227,#182,#5850);
#6271=ORIENTED_EDGE('',*,*,#6272,.T.);
#6272=EDGE_CURVE('',#6268,#3016,#6211,.T.);
#6273=PLANE('',#6274);
#6274=AXIS2_PLACEMENT_3D('',#6275,#182,#13);
#6275=CARTESIAN_POINT('',(-3.931684054297,-1.36,0.450095127207));
#6276=ADVANCED_FACE('',(#6277),#6291,.F.);
#6277=FACE_BOUND('',#6278,.F.);
#6278=EDGE_LOOP('',(#6279,#6280,#6287,#6290));
#6279=ORIENTED_EDGE('',*,*,#3039,.T.);
#6280=ORIENTED_EDGE('',*,*,#6281,.T.);
#6281=EDGE_CURVE('',#3034,#6282,#6284,.T.);
#6282=VERTEX_POINT('',#6283);
#6283=CARTESIAN_POINT('',(-3.839411236764,-1.14,0.642364817767));
#6284=CIRCLE('',#6285,1.E-01);
#6285=AXIS2_PLACEMENT_3D('',#6286,#154,#13);
#6286=CARTESIAN_POINT('',(-3.740930461463,-1.14,0.625));
#6287=ORIENTED_EDGE('',*,*,#6288,.F.);
#6288=EDGE_CURVE('',#6223,#6282,#6289,.T.);
#6289=LINE('',#6224,#181);
#6290=ORIENTED_EDGE('',*,*,#6222,.F.);
#6291=CYLINDRICAL_SURFACE('',#6226,1.E-01);
#6292=ADVANCED_FACE('',(#6293),#6342,.T.);
#6293=FACE_BOUND('',#6294,.T.);
#6294=EDGE_LOOP('',(#3046,#3032,#6280,#6295,#6300,#6307,#6312,#6317,#6322,#6328,#6333,#6339));
#6295=ORIENTED_EDGE('',*,*,#6296,.T.);
#6296=EDGE_CURVE('',#6282,#6297,#6299,.T.);
#6297=VERTEX_POINT('',#6298);
#6298=CARTESIAN_POINT('',(-3.904405751626,-1.14,0.239642028477));
#6299=LINE('',#6283,#5807);
#6300=ORIENTED_EDGE('',*,*,#6301,.T.);
#6301=EDGE_CURVE('',#6297,#6302,#6304,.T.);
#6302=VERTEX_POINT('',#6303);
#6303=CARTESIAN_POINT('',(-4.19,-1.14,-2.22044604925E-16));
#6304=CIRCLE('',#6305,0.29);
#6305=AXIS2_PLACEMENT_3D('',#6306,#182,#5816);
#6306=CARTESIAN_POINT('',(-4.19,-1.14,0.29));
#6307=ORIENTED_EDGE('',*,*,#6308,.T.);
#6308=EDGE_CURVE('',#6302,#6309,#6311,.T.);
#6309=VERTEX_POINT('',#6310);
#6310=CARTESIAN_POINT('',(-4.5,-1.14,-2.22044604925E-16));
#6311=LINE('',#6303,#167);
#6312=ORIENTED_EDGE('',*,*,#6313,.T.);
#6313=EDGE_CURVE('',#6309,#6314,#6316,.T.);
#6314=VERTEX_POINT('',#6315);
#6315=CARTESIAN_POINT('',(-4.5,-1.14,0.15));
#6316=LINE('',#6310,#220);
#6317=ORIENTED_EDGE('',*,*,#6318,.T.);
#6318=EDGE_CURVE('',#6314,#6319,#6321,.T.);
#6319=VERTEX_POINT('',#6320);
#6320=CARTESIAN_POINT('',(-4.19,-1.14,0.15));
#6321=LINE('',#6315,#27);
#6322=ORIENTED_EDGE('',*,*,#6323,.T.);
#6323=EDGE_CURVE('',#6319,#6324,#6326,.T.);
#6324=VERTEX_POINT('',#6325);
#6325=CARTESIAN_POINT('',(-4.052126914578,-1.14,0.265689255127));
#6326=CIRCLE('',#6327,0.14);
#6327=AXIS2_PLACEMENT_3D('',#6306,#154,#190);
#6328=ORIENTED_EDGE('',*,*,#6329,.T.);
#6329=EDGE_CURVE('',#6324,#6330,#6332,.T.);
#6330=VERTEX_POINT('',#6331);
#6331=CARTESIAN_POINT('',(-3.987132399716,-1.14,0.668412044417));
#6332=LINE('',#6325,#5843);
#6333=ORIENTED_EDGE('',*,*,#6334,.T.);
#6334=EDGE_CURVE('',#6330,#6335,#6337,.T.);
#6335=VERTEX_POINT('',#6336);
#6336=CARTESIAN_POINT('',(-3.740930461463,-1.14,0.875));
#6337=CIRCLE('',#6338,0.25);
#6338=AXIS2_PLACEMENT_3D('',#6286,#182,#5850);
#6339=ORIENTED_EDGE('',*,*,#6340,.T.);
#6340=EDGE_CURVE('',#6335,#3048,#6341,.T.);
#6341=LINE('',#6336,#27);
#6342=PLANE('',#6343);
#6343=AXIS2_PLACEMENT_3D('',#6344,#182,#13);
#6344=CARTESIAN_POINT('',(-3.931684054297,-1.14,0.450095127207));
#6345=ADVANCED_FACE('',(#6346),#1122,.F.);
#6346=FACE_BOUND('',#6347,.F.);
#6347=EDGE_LOOP('',(#6348,#6349,#6353,#6354));
#6348=ORIENTED_EDGE('',*,*,#3060,.T.);
#6349=ORIENTED_EDGE('',*,*,#6350,.T.);
#6350=EDGE_CURVE('',#3055,#4414,#6351,.T.);
#6351=LINE('',#6352,#27);
#6352=CARTESIAN_POINT('',(-3.740930461463,-0.86,0.875));
#6353=ORIENTED_EDGE('',*,*,#4413,.F.);
#6354=ORIENTED_EDGE('',*,*,#6355,.F.);
#6355=EDGE_CURVE('',#3048,#4410,#6341,.T.);
#6356=ADVANCED_FACE('',(#6357),#6413,.F.);
#6357=FACE_BOUND('',#6358,.F.);
#6358=EDGE_LOOP('',(#6359,#6360,#6361,#6368,#6373,#6380,#6385,#6390,#6395,#6401,#6406,#6411));
#6359=ORIENTED_EDGE('',*,*,#3054,.F.);
#6360=ORIENTED_EDGE('',*,*,#3065,.T.);
#6361=ORIENTED_EDGE('',*,*,#6362,.T.);
#6362=EDGE_CURVE('',#3066,#6363,#6365,.T.);
#6363=VERTEX_POINT('',#6364);
#6364=CARTESIAN_POINT('',(-3.839411236764,-0.86,0.642364817767));
#6365=CIRCLE('',#6366,1.E-01);
#6366=AXIS2_PLACEMENT_3D('',#6367,#154,#13);
#6367=CARTESIAN_POINT('',(-3.740930461463,-0.86,0.625));
#6368=ORIENTED_EDGE('',*,*,#6369,.T.);
#6369=EDGE_CURVE('',#6363,#6370,#6372,.T.);
#6370=VERTEX_POINT('',#6371);
#6371=CARTESIAN_POINT('',(-3.904405751626,-0.86,0.239642028477));
#6372=LINE('',#6364,#5807);
#6373=ORIENTED_EDGE('',*,*,#6374,.T.);
#6374=EDGE_CURVE('',#6370,#6375,#6377,.T.);
#6375=VERTEX_POINT('',#6376);
#6376=CARTESIAN_POINT('',(-4.19,-0.86,-2.22044604925E-16));
#6377=CIRCLE('',#6378,0.29);
#6378=AXIS2_PLACEMENT_3D('',#6379,#182,#5816);
#6379=CARTESIAN_POINT('',(-4.19,-0.86,0.29));
#6380=ORIENTED_EDGE('',*,*,#6381,.T.);
#6381=EDGE_CURVE('',#6375,#6382,#6384,.T.);
#6382=VERTEX_POINT('',#6383);
#6383=CARTESIAN_POINT('',(-4.5,-0.86,-2.22044604925E-16));
#6384=LINE('',#6376,#167);
#6385=ORIENTED_EDGE('',*,*,#6386,.T.);
#6386=EDGE_CURVE('',#6382,#6387,#6389,.T.);
#6387=VERTEX_POINT('',#6388);
#6388=CARTESIAN_POINT('',(-4.5,-0.86,0.15));
#6389=LINE('',#6383,#220);
#6390=ORIENTED_EDGE('',*,*,#6391,.T.);
#6391=EDGE_CURVE('',#6387,#6392,#6394,.T.);
#6392=VERTEX_POINT('',#6393);
#6393=CARTESIAN_POINT('',(-4.19,-0.86,0.15));
#6394=LINE('',#6388,#27);
#6395=ORIENTED_EDGE('',*,*,#6396,.T.);
#6396=EDGE_CURVE('',#6392,#6397,#6399,.T.);
#6397=VERTEX_POINT('',#6398);
#6398=CARTESIAN_POINT('',(-4.052126914578,-0.86,0.265689255127));
#6399=CIRCLE('',#6400,0.14);
#6400=AXIS2_PLACEMENT_3D('',#6379,#154,#190);
#6401=ORIENTED_EDGE('',*,*,#6402,.T.);
#6402=EDGE_CURVE('',#6397,#6403,#6405,.T.);
#6403=VERTEX_POINT('',#6404);
#6404=CARTESIAN_POINT('',(-3.987132399716,-0.86,0.668412044417));
#6405=LINE('',#6398,#5843);
#6406=ORIENTED_EDGE('',*,*,#6407,.T.);
#6407=EDGE_CURVE('',#6403,#6408,#6409,.T.);
#6408=VERTEX_POINT('',#6352);
#6409=CIRCLE('',#6410,0.25);
#6410=AXIS2_PLACEMENT_3D('',#6367,#182,#5850);
#6411=ORIENTED_EDGE('',*,*,#6412,.T.);
#6412=EDGE_CURVE('',#6408,#3055,#6351,.T.);
#6413=PLANE('',#6414);
#6414=AXIS2_PLACEMENT_3D('',#6415,#182,#13);
#6415=CARTESIAN_POINT('',(-3.931684054297,-0.86,0.450095127207));
#6416=ADVANCED_FACE('',(#6417),#6431,.F.);
#6417=FACE_BOUND('',#6418,.F.);
#6418=EDGE_LOOP('',(#6419,#6420,#6427,#6430));
#6419=ORIENTED_EDGE('',*,*,#3078,.T.);
#6420=ORIENTED_EDGE('',*,*,#6421,.T.);
#6421=EDGE_CURVE('',#3073,#6422,#6424,.T.);
#6422=VERTEX_POINT('',#6423);
#6423=CARTESIAN_POINT('',(-3.839411236764,-0.64,0.642364817767));
#6424=CIRCLE('',#6425,1.E-01);
#6425=AXIS2_PLACEMENT_3D('',#6426,#154,#13);
#6426=CARTESIAN_POINT('',(-3.740930461463,-0.64,0.625));
#6427=ORIENTED_EDGE('',*,*,#6428,.F.);
#6428=EDGE_CURVE('',#6363,#6422,#6429,.T.);
#6429=LINE('',#6364,#181);
#6430=ORIENTED_EDGE('',*,*,#6362,.F.);
#6431=CYLINDRICAL_SURFACE('',#6366,1.E-01);
#6432=ADVANCED_FACE('',(#6433),#6482,.T.);
#6433=FACE_BOUND('',#6434,.T.);
#6434=EDGE_LOOP('',(#3085,#3071,#6420,#6435,#6440,#6447,#6452,#6457,#6462,#6468,#6473,#6479));
#6435=ORIENTED_EDGE('',*,*,#6436,.T.);
#6436=EDGE_CURVE('',#6422,#6437,#6439,.T.);
#6437=VERTEX_POINT('',#6438);
#6438=CARTESIAN_POINT('',(-3.904405751626,-0.64,0.239642028477));
#6439=LINE('',#6423,#5807);
#6440=ORIENTED_EDGE('',*,*,#6441,.T.);
#6441=EDGE_CURVE('',#6437,#6442,#6444,.T.);
#6442=VERTEX_POINT('',#6443);
#6443=CARTESIAN_POINT('',(-4.19,-0.64,-2.22044604925E-16));
#6444=CIRCLE('',#6445,0.29);
#6445=AXIS2_PLACEMENT_3D('',#6446,#182,#5816);
#6446=CARTESIAN_POINT('',(-4.19,-0.64,0.29));
#6447=ORIENTED_EDGE('',*,*,#6448,.T.);
#6448=EDGE_CURVE('',#6442,#6449,#6451,.T.);
#6449=VERTEX_POINT('',#6450);
#6450=CARTESIAN_POINT('',(-4.5,-0.64,-2.22044604925E-16));
#6451=LINE('',#6443,#167);
#6452=ORIENTED_EDGE('',*,*,#6453,.T.);
#6453=EDGE_CURVE('',#6449,#6454,#6456,.T.);
#6454=VERTEX_POINT('',#6455);
#6455=CARTESIAN_POINT('',(-4.5,-0.64,0.15));
#6456=LINE('',#6450,#220);
#6457=ORIENTED_EDGE('',*,*,#6458,.T.);
#6458=EDGE_CURVE('',#6454,#6459,#6461,.T.);
#6459=VERTEX_POINT('',#6460);
#6460=CARTESIAN_POINT('',(-4.19,-0.64,0.15));
#6461=LINE('',#6455,#27);
#6462=ORIENTED_EDGE('',*,*,#6463,.T.);
#6463=EDGE_CURVE('',#6459,#6464,#6466,.T.);
#6464=VERTEX_POINT('',#6465);
#6465=CARTESIAN_POINT('',(-4.052126914578,-0.64,0.265689255127));
#6466=CIRCLE('',#6467,0.14);
#6467=AXIS2_PLACEMENT_3D('',#6446,#154,#190);
#6468=ORIENTED_EDGE('',*,*,#6469,.T.);
#6469=EDGE_CURVE('',#6464,#6470,#6472,.T.);
#6470=VERTEX_POINT('',#6471);
#6471=CARTESIAN_POINT('',(-3.987132399716,-0.64,0.668412044417));
#6472=LINE('',#6465,#5843);
#6473=ORIENTED_EDGE('',*,*,#6474,.T.);
#6474=EDGE_CURVE('',#6470,#6475,#6477,.T.);
#6475=VERTEX_POINT('',#6476);
#6476=CARTESIAN_POINT('',(-3.740930461463,-0.64,0.875));
#6477=CIRCLE('',#6478,0.25);
#6478=AXIS2_PLACEMENT_3D('',#6426,#182,#5850);
#6479=ORIENTED_EDGE('',*,*,#6480,.T.);
#6480=EDGE_CURVE('',#6475,#3087,#6481,.T.);
#6481=LINE('',#6476,#27);
#6482=PLANE('',#6483);
#6483=AXIS2_PLACEMENT_3D('',#6484,#182,#13);
#6484=CARTESIAN_POINT('',(-3.931684054297,-0.64,0.450095127207));
#6485=ADVANCED_FACE('',(#6486),#1122,.F.);
#6486=FACE_BOUND('',#6487,.F.);
#6487=EDGE_LOOP('',(#6488,#6489,#6493,#6494));
#6488=ORIENTED_EDGE('',*,*,#3099,.T.);
#6489=ORIENTED_EDGE('',*,*,#6490,.T.);
#6490=EDGE_CURVE('',#3094,#4422,#6491,.T.);
#6491=LINE('',#6492,#27);
#6492=CARTESIAN_POINT('',(-3.740930461463,-0.36,0.875));
#6493=ORIENTED_EDGE('',*,*,#4421,.F.);
#6494=ORIENTED_EDGE('',*,*,#6495,.F.);
#6495=EDGE_CURVE('',#3087,#4418,#6481,.T.);
#6496=ADVANCED_FACE('',(#6497),#6553,.F.);
#6497=FACE_BOUND('',#6498,.F.);
#6498=EDGE_LOOP('',(#6499,#6500,#6501,#6508,#6513,#6520,#6525,#6530,#6535,#6541,#6546,#6551));
#6499=ORIENTED_EDGE('',*,*,#3093,.F.);
#6500=ORIENTED_EDGE('',*,*,#3104,.T.);
#6501=ORIENTED_EDGE('',*,*,#6502,.T.);
#6502=EDGE_CURVE('',#3105,#6503,#6505,.T.);
#6503=VERTEX_POINT('',#6504);
#6504=CARTESIAN_POINT('',(-3.839411236764,-0.36,0.642364817767));
#6505=CIRCLE('',#6506,1.E-01);
#6506=AXIS2_PLACEMENT_3D('',#6507,#154,#13);
#6507=CARTESIAN_POINT('',(-3.740930461463,-0.36,0.625));
#6508=ORIENTED_EDGE('',*,*,#6509,.T.);
#6509=EDGE_CURVE('',#6503,#6510,#6512,.T.);
#6510=VERTEX_POINT('',#6511);
#6511=CARTESIAN_POINT('',(-3.904405751626,-0.36,0.239642028477));
#6512=LINE('',#6504,#5807);
#6513=ORIENTED_EDGE('',*,*,#6514,.T.);
#6514=EDGE_CURVE('',#6510,#6515,#6517,.T.);
#6515=VERTEX_POINT('',#6516);
#6516=CARTESIAN_POINT('',(-4.19,-0.36,-2.22044604925E-16));
#6517=CIRCLE('',#6518,0.29);
#6518=AXIS2_PLACEMENT_3D('',#6519,#182,#5816);
#6519=CARTESIAN_POINT('',(-4.19,-0.36,0.29));
#6520=ORIENTED_EDGE('',*,*,#6521,.T.);
#6521=EDGE_CURVE('',#6515,#6522,#6524,.T.);
#6522=VERTEX_POINT('',#6523);
#6523=CARTESIAN_POINT('',(-4.5,-0.36,-2.22044604925E-16));
#6524=LINE('',#6516,#167);
#6525=ORIENTED_EDGE('',*,*,#6526,.T.);
#6526=EDGE_CURVE('',#6522,#6527,#6529,.T.);
#6527=VERTEX_POINT('',#6528);
#6528=CARTESIAN_POINT('',(-4.5,-0.36,0.15));
#6529=LINE('',#6523,#220);
#6530=ORIENTED_EDGE('',*,*,#6531,.T.);
#6531=EDGE_CURVE('',#6527,#6532,#6534,.T.);
#6532=VERTEX_POINT('',#6533);
#6533=CARTESIAN_POINT('',(-4.19,-0.36,0.15));
#6534=LINE('',#6528,#27);
#6535=ORIENTED_EDGE('',*,*,#6536,.T.);
#6536=EDGE_CURVE('',#6532,#6537,#6539,.T.);
#6537=VERTEX_POINT('',#6538);
#6538=CARTESIAN_POINT('',(-4.052126914578,-0.36,0.265689255127));
#6539=CIRCLE('',#6540,0.14);
#6540=AXIS2_PLACEMENT_3D('',#6519,#154,#190);
#6541=ORIENTED_EDGE('',*,*,#6542,.T.);
#6542=EDGE_CURVE('',#6537,#6543,#6545,.T.);
#6543=VERTEX_POINT('',#6544);
#6544=CARTESIAN_POINT('',(-3.987132399716,-0.36,0.668412044417));
#6545=LINE('',#6538,#5843);
#6546=ORIENTED_EDGE('',*,*,#6547,.T.);
#6547=EDGE_CURVE('',#6543,#6548,#6549,.T.);
#6548=VERTEX_POINT('',#6492);
#6549=CIRCLE('',#6550,0.25);
#6550=AXIS2_PLACEMENT_3D('',#6507,#182,#5850);
#6551=ORIENTED_EDGE('',*,*,#6552,.T.);
#6552=EDGE_CURVE('',#6548,#3094,#6491,.T.);
#6553=PLANE('',#6554);
#6554=AXIS2_PLACEMENT_3D('',#6555,#182,#13);
#6555=CARTESIAN_POINT('',(-3.931684054297,-0.36,0.450095127207));
#6556=ADVANCED_FACE('',(#6557),#6571,.F.);
#6557=FACE_BOUND('',#6558,.F.);
#6558=EDGE_LOOP('',(#6559,#6560,#6567,#6570));
#6559=ORIENTED_EDGE('',*,*,#3117,.T.);
#6560=ORIENTED_EDGE('',*,*,#6561,.T.);
#6561=EDGE_CURVE('',#3112,#6562,#6564,.T.);
#6562=VERTEX_POINT('',#6563);
#6563=CARTESIAN_POINT('',(-3.839411236764,-0.14,0.642364817767));
#6564=CIRCLE('',#6565,1.E-01);
#6565=AXIS2_PLACEMENT_3D('',#6566,#154,#13);
#6566=CARTESIAN_POINT('',(-3.740930461463,-0.14,0.625));
#6567=ORIENTED_EDGE('',*,*,#6568,.F.);
#6568=EDGE_CURVE('',#6503,#6562,#6569,.T.);
#6569=LINE('',#6504,#181);
#6570=ORIENTED_EDGE('',*,*,#6502,.F.);
#6571=CYLINDRICAL_SURFACE('',#6506,1.E-01);
#6572=ADVANCED_FACE('',(#6573),#6622,.T.);
#6573=FACE_BOUND('',#6574,.T.);
#6574=EDGE_LOOP('',(#3124,#3110,#6560,#6575,#6580,#6587,#6592,#6597,#6602,#6608,#6613,#6619));
#6575=ORIENTED_EDGE('',*,*,#6576,.T.);
#6576=EDGE_CURVE('',#6562,#6577,#6579,.T.);
#6577=VERTEX_POINT('',#6578);
#6578=CARTESIAN_POINT('',(-3.904405751626,-0.14,0.239642028477));
#6579=LINE('',#6563,#5807);
#6580=ORIENTED_EDGE('',*,*,#6581,.T.);
#6581=EDGE_CURVE('',#6577,#6582,#6584,.T.);
#6582=VERTEX_POINT('',#6583);
#6583=CARTESIAN_POINT('',(-4.19,-0.14,-2.22044604925E-16));
#6584=CIRCLE('',#6585,0.29);
#6585=AXIS2_PLACEMENT_3D('',#6586,#182,#5816);
#6586=CARTESIAN_POINT('',(-4.19,-0.14,0.29));
#6587=ORIENTED_EDGE('',*,*,#6588,.T.);
#6588=EDGE_CURVE('',#6582,#6589,#6591,.T.);
#6589=VERTEX_POINT('',#6590);
#6590=CARTESIAN_POINT('',(-4.5,-0.14,-2.22044604925E-16));
#6591=LINE('',#6583,#167);
#6592=ORIENTED_EDGE('',*,*,#6593,.T.);
#6593=EDGE_CURVE('',#6589,#6594,#6596,.T.);
#6594=VERTEX_POINT('',#6595);
#6595=CARTESIAN_POINT('',(-4.5,-0.14,0.15));
#6596=LINE('',#6590,#220);
#6597=ORIENTED_EDGE('',*,*,#6598,.T.);
#6598=EDGE_CURVE('',#6594,#6599,#6601,.T.);
#6599=VERTEX_POINT('',#6600);
#6600=CARTESIAN_POINT('',(-4.19,-0.14,0.15));
#6601=LINE('',#6595,#27);
#6602=ORIENTED_EDGE('',*,*,#6603,.T.);
#6603=EDGE_CURVE('',#6599,#6604,#6606,.T.);
#6604=VERTEX_POINT('',#6605);
#6605=CARTESIAN_POINT('',(-4.052126914578,-0.14,0.265689255127));
#6606=CIRCLE('',#6607,0.14);
#6607=AXIS2_PLACEMENT_3D('',#6586,#154,#190);
#6608=ORIENTED_EDGE('',*,*,#6609,.T.);
#6609=EDGE_CURVE('',#6604,#6610,#6612,.T.);
#6610=VERTEX_POINT('',#6611);
#6611=CARTESIAN_POINT('',(-3.987132399716,-0.14,0.668412044417));
#6612=LINE('',#6605,#5843);
#6613=ORIENTED_EDGE('',*,*,#6614,.T.);
#6614=EDGE_CURVE('',#6610,#6615,#6617,.T.);
#6615=VERTEX_POINT('',#6616);
#6616=CARTESIAN_POINT('',(-3.740930461463,-0.14,0.875));
#6617=CIRCLE('',#6618,0.25);
#6618=AXIS2_PLACEMENT_3D('',#6566,#182,#5850);
#6619=ORIENTED_EDGE('',*,*,#6620,.T.);
#6620=EDGE_CURVE('',#6615,#3126,#6621,.T.);
#6621=LINE('',#6616,#27);
#6622=PLANE('',#6623);
#6623=AXIS2_PLACEMENT_3D('',#6624,#182,#13);
#6624=CARTESIAN_POINT('',(-3.931684054297,-0.14,0.450095127207));
#6625=ADVANCED_FACE('',(#6626),#1122,.F.);
#6626=FACE_BOUND('',#6627,.F.);
#6627=EDGE_LOOP('',(#6628,#6629,#6633,#6634));
#6628=ORIENTED_EDGE('',*,*,#3138,.T.);
#6629=ORIENTED_EDGE('',*,*,#6630,.T.);
#6630=EDGE_CURVE('',#3133,#4430,#6631,.T.);
#6631=LINE('',#6632,#27);
#6632=CARTESIAN_POINT('',(-3.740930461463,0.14,0.875));
#6633=ORIENTED_EDGE('',*,*,#4429,.F.);
#6634=ORIENTED_EDGE('',*,*,#6635,.F.);
#6635=EDGE_CURVE('',#3126,#4426,#6621,.T.);
#6636=ADVANCED_FACE('',(#6637),#6693,.F.);
#6637=FACE_BOUND('',#6638,.F.);
#6638=EDGE_LOOP('',(#6639,#6640,#6641,#6648,#6653,#6660,#6665,#6670,#6675,#6681,#6686,#6691));
#6639=ORIENTED_EDGE('',*,*,#3132,.F.);
#6640=ORIENTED_EDGE('',*,*,#3143,.T.);
#6641=ORIENTED_EDGE('',*,*,#6642,.T.);
#6642=EDGE_CURVE('',#3144,#6643,#6645,.T.);
#6643=VERTEX_POINT('',#6644);
#6644=CARTESIAN_POINT('',(-3.839411236764,0.14,0.642364817767));
#6645=CIRCLE('',#6646,1.E-01);
#6646=AXIS2_PLACEMENT_3D('',#6647,#154,#13);
#6647=CARTESIAN_POINT('',(-3.740930461463,0.14,0.625));
#6648=ORIENTED_EDGE('',*,*,#6649,.T.);
#6649=EDGE_CURVE('',#6643,#6650,#6652,.T.);
#6650=VERTEX_POINT('',#6651);
#6651=CARTESIAN_POINT('',(-3.904405751626,0.14,0.239642028477));
#6652=LINE('',#6644,#5807);
#6653=ORIENTED_EDGE('',*,*,#6654,.T.);
#6654=EDGE_CURVE('',#6650,#6655,#6657,.T.);
#6655=VERTEX_POINT('',#6656);
#6656=CARTESIAN_POINT('',(-4.19,0.14,-2.22044604925E-16));
#6657=CIRCLE('',#6658,0.29);
#6658=AXIS2_PLACEMENT_3D('',#6659,#182,#5816);
#6659=CARTESIAN_POINT('',(-4.19,0.14,0.29));
#6660=ORIENTED_EDGE('',*,*,#6661,.T.);
#6661=EDGE_CURVE('',#6655,#6662,#6664,.T.);
#6662=VERTEX_POINT('',#6663);
#6663=CARTESIAN_POINT('',(-4.5,0.14,-2.22044604925E-16));
#6664=LINE('',#6656,#167);
#6665=ORIENTED_EDGE('',*,*,#6666,.T.);
#6666=EDGE_CURVE('',#6662,#6667,#6669,.T.);
#6667=VERTEX_POINT('',#6668);
#6668=CARTESIAN_POINT('',(-4.5,0.14,0.15));
#6669=LINE('',#6663,#220);
#6670=ORIENTED_EDGE('',*,*,#6671,.T.);
#6671=EDGE_CURVE('',#6667,#6672,#6674,.T.);
#6672=VERTEX_POINT('',#6673);
#6673=CARTESIAN_POINT('',(-4.19,0.14,0.15));
#6674=LINE('',#6668,#27);
#6675=ORIENTED_EDGE('',*,*,#6676,.T.);
#6676=EDGE_CURVE('',#6672,#6677,#6679,.T.);
#6677=VERTEX_POINT('',#6678);
#6678=CARTESIAN_POINT('',(-4.052126914578,0.14,0.265689255127));
#6679=CIRCLE('',#6680,0.14);
#6680=AXIS2_PLACEMENT_3D('',#6659,#154,#190);
#6681=ORIENTED_EDGE('',*,*,#6682,.T.);
#6682=EDGE_CURVE('',#6677,#6683,#6685,.T.);
#6683=VERTEX_POINT('',#6684);
#6684=CARTESIAN_POINT('',(-3.987132399716,0.14,0.668412044417));
#6685=LINE('',#6678,#5843);
#6686=ORIENTED_EDGE('',*,*,#6687,.T.);
#6687=EDGE_CURVE('',#6683,#6688,#6689,.T.);
#6688=VERTEX_POINT('',#6632);
#6689=CIRCLE('',#6690,0.25);
#6690=AXIS2_PLACEMENT_3D('',#6647,#182,#5850);
#6691=ORIENTED_EDGE('',*,*,#6692,.T.);
#6692=EDGE_CURVE('',#6688,#3133,#6631,.T.);
#6693=PLANE('',#6694);
#6694=AXIS2_PLACEMENT_3D('',#6695,#182,#13);
#6695=CARTESIAN_POINT('',(-3.931684054297,0.14,0.450095127207));
#6696=ADVANCED_FACE('',(#6697),#6711,.F.);
#6697=FACE_BOUND('',#6698,.F.);
#6698=EDGE_LOOP('',(#6699,#6700,#6707,#6710));
#6699=ORIENTED_EDGE('',*,*,#3156,.T.);
#6700=ORIENTED_EDGE('',*,*,#6701,.T.);
#6701=EDGE_CURVE('',#3151,#6702,#6704,.T.);
#6702=VERTEX_POINT('',#6703);
#6703=CARTESIAN_POINT('',(-3.839411236764,0.36,0.642364817767));
#6704=CIRCLE('',#6705,1.E-01);
#6705=AXIS2_PLACEMENT_3D('',#6706,#154,#13);
#6706=CARTESIAN_POINT('',(-3.740930461463,0.36,0.625));
#6707=ORIENTED_EDGE('',*,*,#6708,.F.);
#6708=EDGE_CURVE('',#6643,#6702,#6709,.T.);
#6709=LINE('',#6644,#181);
#6710=ORIENTED_EDGE('',*,*,#6642,.F.);
#6711=CYLINDRICAL_SURFACE('',#6646,1.E-01);
#6712=ADVANCED_FACE('',(#6713),#6762,.T.);
#6713=FACE_BOUND('',#6714,.T.);
#6714=EDGE_LOOP('',(#3163,#3149,#6700,#6715,#6720,#6727,#6732,#6737,#6742,#6748,#6753,#6759));
#6715=ORIENTED_EDGE('',*,*,#6716,.T.);
#6716=EDGE_CURVE('',#6702,#6717,#6719,.T.);
#6717=VERTEX_POINT('',#6718);
#6718=CARTESIAN_POINT('',(-3.904405751626,0.36,0.239642028477));
#6719=LINE('',#6703,#5807);
#6720=ORIENTED_EDGE('',*,*,#6721,.T.);
#6721=EDGE_CURVE('',#6717,#6722,#6724,.T.);
#6722=VERTEX_POINT('',#6723);
#6723=CARTESIAN_POINT('',(-4.19,0.36,-2.22044604925E-16));
#6724=CIRCLE('',#6725,0.29);
#6725=AXIS2_PLACEMENT_3D('',#6726,#182,#5816);
#6726=CARTESIAN_POINT('',(-4.19,0.36,0.29));
#6727=ORIENTED_EDGE('',*,*,#6728,.T.);
#6728=EDGE_CURVE('',#6722,#6729,#6731,.T.);
#6729=VERTEX_POINT('',#6730);
#6730=CARTESIAN_POINT('',(-4.5,0.36,-2.22044604925E-16));
#6731=LINE('',#6723,#167);
#6732=ORIENTED_EDGE('',*,*,#6733,.T.);
#6733=EDGE_CURVE('',#6729,#6734,#6736,.T.);
#6734=VERTEX_POINT('',#6735);
#6735=CARTESIAN_POINT('',(-4.5,0.36,0.15));
#6736=LINE('',#6730,#220);
#6737=ORIENTED_EDGE('',*,*,#6738,.T.);
#6738=EDGE_CURVE('',#6734,#6739,#6741,.T.);
#6739=VERTEX_POINT('',#6740);
#6740=CARTESIAN_POINT('',(-4.19,0.36,0.15));
#6741=LINE('',#6735,#27);
#6742=ORIENTED_EDGE('',*,*,#6743,.T.);
#6743=EDGE_CURVE('',#6739,#6744,#6746,.T.);
#6744=VERTEX_POINT('',#6745);
#6745=CARTESIAN_POINT('',(-4.052126914578,0.36,0.265689255127));
#6746=CIRCLE('',#6747,0.14);
#6747=AXIS2_PLACEMENT_3D('',#6726,#154,#190);
#6748=ORIENTED_EDGE('',*,*,#6749,.T.);
#6749=EDGE_CURVE('',#6744,#6750,#6752,.T.);
#6750=VERTEX_POINT('',#6751);
#6751=CARTESIAN_POINT('',(-3.987132399716,0.36,0.668412044417));
#6752=LINE('',#6745,#5843);
#6753=ORIENTED_EDGE('',*,*,#6754,.T.);
#6754=EDGE_CURVE('',#6750,#6755,#6757,.T.);
#6755=VERTEX_POINT('',#6756);
#6756=CARTESIAN_POINT('',(-3.740930461463,0.36,0.875));
#6757=CIRCLE('',#6758,0.25);
#6758=AXIS2_PLACEMENT_3D('',#6706,#182,#5850);
#6759=ORIENTED_EDGE('',*,*,#6760,.T.);
#6760=EDGE_CURVE('',#6755,#3165,#6761,.T.);
#6761=LINE('',#6756,#27);
#6762=PLANE('',#6763);
#6763=AXIS2_PLACEMENT_3D('',#6764,#182,#13);
#6764=CARTESIAN_POINT('',(-3.931684054297,0.36,0.450095127207));
#6765=ADVANCED_FACE('',(#6766),#1122,.F.);
#6766=FACE_BOUND('',#6767,.F.);
#6767=EDGE_LOOP('',(#6768,#6769,#6773,#6774));
#6768=ORIENTED_EDGE('',*,*,#3177,.T.);
#6769=ORIENTED_EDGE('',*,*,#6770,.T.);
#6770=EDGE_CURVE('',#3172,#4438,#6771,.T.);
#6771=LINE('',#6772,#27);
#6772=CARTESIAN_POINT('',(-3.740930461463,0.64,0.875));
#6773=ORIENTED_EDGE('',*,*,#4437,.F.);
#6774=ORIENTED_EDGE('',*,*,#6775,.F.);
#6775=EDGE_CURVE('',#3165,#4434,#6761,.T.);
#6776=ADVANCED_FACE('',(#6777),#6833,.F.);
#6777=FACE_BOUND('',#6778,.F.);
#6778=EDGE_LOOP('',(#6779,#6780,#6781,#6788,#6793,#6800,#6805,#6810,#6815,#6821,#6826,#6831));
#6779=ORIENTED_EDGE('',*,*,#3171,.F.);
#6780=ORIENTED_EDGE('',*,*,#3182,.T.);
#6781=ORIENTED_EDGE('',*,*,#6782,.T.);
#6782=EDGE_CURVE('',#3183,#6783,#6785,.T.);
#6783=VERTEX_POINT('',#6784);
#6784=CARTESIAN_POINT('',(-3.839411236764,0.64,0.642364817767));
#6785=CIRCLE('',#6786,1.E-01);
#6786=AXIS2_PLACEMENT_3D('',#6787,#154,#13);
#6787=CARTESIAN_POINT('',(-3.740930461463,0.64,0.625));
#6788=ORIENTED_EDGE('',*,*,#6789,.T.);
#6789=EDGE_CURVE('',#6783,#6790,#6792,.T.);
#6790=VERTEX_POINT('',#6791);
#6791=CARTESIAN_POINT('',(-3.904405751626,0.64,0.239642028477));
#6792=LINE('',#6784,#5807);
#6793=ORIENTED_EDGE('',*,*,#6794,.T.);
#6794=EDGE_CURVE('',#6790,#6795,#6797,.T.);
#6795=VERTEX_POINT('',#6796);
#6796=CARTESIAN_POINT('',(-4.19,0.64,-2.22044604925E-16));
#6797=CIRCLE('',#6798,0.29);
#6798=AXIS2_PLACEMENT_3D('',#6799,#182,#5816);
#6799=CARTESIAN_POINT('',(-4.19,0.64,0.29));
#6800=ORIENTED_EDGE('',*,*,#6801,.T.);
#6801=EDGE_CURVE('',#6795,#6802,#6804,.T.);
#6802=VERTEX_POINT('',#6803);
#6803=CARTESIAN_POINT('',(-4.5,0.64,-2.22044604925E-16));
#6804=LINE('',#6796,#167);
#6805=ORIENTED_EDGE('',*,*,#6806,.T.);
#6806=EDGE_CURVE('',#6802,#6807,#6809,.T.);
#6807=VERTEX_POINT('',#6808);
#6808=CARTESIAN_POINT('',(-4.5,0.64,0.15));
#6809=LINE('',#6803,#220);
#6810=ORIENTED_EDGE('',*,*,#6811,.T.);
#6811=EDGE_CURVE('',#6807,#6812,#6814,.T.);
#6812=VERTEX_POINT('',#6813);
#6813=CARTESIAN_POINT('',(-4.19,0.64,0.15));
#6814=LINE('',#6808,#27);
#6815=ORIENTED_EDGE('',*,*,#6816,.T.);
#6816=EDGE_CURVE('',#6812,#6817,#6819,.T.);
#6817=VERTEX_POINT('',#6818);
#6818=CARTESIAN_POINT('',(-4.052126914578,0.64,0.265689255127));
#6819=CIRCLE('',#6820,0.14);
#6820=AXIS2_PLACEMENT_3D('',#6799,#154,#190);
#6821=ORIENTED_EDGE('',*,*,#6822,.T.);
#6822=EDGE_CURVE('',#6817,#6823,#6825,.T.);
#6823=VERTEX_POINT('',#6824);
#6824=CARTESIAN_POINT('',(-3.987132399716,0.64,0.668412044417));
#6825=LINE('',#6818,#5843);
#6826=ORIENTED_EDGE('',*,*,#6827,.T.);
#6827=EDGE_CURVE('',#6823,#6828,#6829,.T.);
#6828=VERTEX_POINT('',#6772);
#6829=CIRCLE('',#6830,0.25);
#6830=AXIS2_PLACEMENT_3D('',#6787,#182,#5850);
#6831=ORIENTED_EDGE('',*,*,#6832,.T.);
#6832=EDGE_CURVE('',#6828,#3172,#6771,.T.);
#6833=PLANE('',#6834);
#6834=AXIS2_PLACEMENT_3D('',#6835,#182,#13);
#6835=CARTESIAN_POINT('',(-3.931684054297,0.64,0.450095127207));
#6836=ADVANCED_FACE('',(#6837),#6851,.F.);
#6837=FACE_BOUND('',#6838,.F.);
#6838=EDGE_LOOP('',(#6839,#6840,#6847,#6850));
#6839=ORIENTED_EDGE('',*,*,#3195,.T.);
#6840=ORIENTED_EDGE('',*,*,#6841,.T.);
#6841=EDGE_CURVE('',#3190,#6842,#6844,.T.);
#6842=VERTEX_POINT('',#6843);
#6843=CARTESIAN_POINT('',(-3.839411236764,0.86,0.642364817767));
#6844=CIRCLE('',#6845,1.E-01);
#6845=AXIS2_PLACEMENT_3D('',#6846,#154,#13);
#6846=CARTESIAN_POINT('',(-3.740930461463,0.86,0.625));
#6847=ORIENTED_EDGE('',*,*,#6848,.F.);
#6848=EDGE_CURVE('',#6783,#6842,#6849,.T.);
#6849=LINE('',#6784,#181);
#6850=ORIENTED_EDGE('',*,*,#6782,.F.);
#6851=CYLINDRICAL_SURFACE('',#6786,1.E-01);
#6852=ADVANCED_FACE('',(#6853),#6902,.T.);
#6853=FACE_BOUND('',#6854,.T.);
#6854=EDGE_LOOP('',(#3202,#3188,#6840,#6855,#6860,#6867,#6872,#6877,#6882,#6888,#6893,#6899));
#6855=ORIENTED_EDGE('',*,*,#6856,.T.);
#6856=EDGE_CURVE('',#6842,#6857,#6859,.T.);
#6857=VERTEX_POINT('',#6858);
#6858=CARTESIAN_POINT('',(-3.904405751626,0.86,0.239642028477));
#6859=LINE('',#6843,#5807);
#6860=ORIENTED_EDGE('',*,*,#6861,.T.);
#6861=EDGE_CURVE('',#6857,#6862,#6864,.T.);
#6862=VERTEX_POINT('',#6863);
#6863=CARTESIAN_POINT('',(-4.19,0.86,-2.22044604925E-16));
#6864=CIRCLE('',#6865,0.29);
#6865=AXIS2_PLACEMENT_3D('',#6866,#182,#5816);
#6866=CARTESIAN_POINT('',(-4.19,0.86,0.29));
#6867=ORIENTED_EDGE('',*,*,#6868,.T.);
#6868=EDGE_CURVE('',#6862,#6869,#6871,.T.);
#6869=VERTEX_POINT('',#6870);
#6870=CARTESIAN_POINT('',(-4.5,0.86,-2.22044604925E-16));
#6871=LINE('',#6863,#167);
#6872=ORIENTED_EDGE('',*,*,#6873,.T.);
#6873=EDGE_CURVE('',#6869,#6874,#6876,.T.);
#6874=VERTEX_POINT('',#6875);
#6875=CARTESIAN_POINT('',(-4.5,0.86,0.15));
#6876=LINE('',#6870,#220);
#6877=ORIENTED_EDGE('',*,*,#6878,.T.);
#6878=EDGE_CURVE('',#6874,#6879,#6881,.T.);
#6879=VERTEX_POINT('',#6880);
#6880=CARTESIAN_POINT('',(-4.19,0.86,0.15));
#6881=LINE('',#6875,#27);
#6882=ORIENTED_EDGE('',*,*,#6883,.T.);
#6883=EDGE_CURVE('',#6879,#6884,#6886,.T.);
#6884=VERTEX_POINT('',#6885);
#6885=CARTESIAN_POINT('',(-4.052126914578,0.86,0.265689255127));
#6886=CIRCLE('',#6887,0.14);
#6887=AXIS2_PLACEMENT_3D('',#6866,#154,#190);
#6888=ORIENTED_EDGE('',*,*,#6889,.T.);
#6889=EDGE_CURVE('',#6884,#6890,#6892,.T.);
#6890=VERTEX_POINT('',#6891);
#6891=CARTESIAN_POINT('',(-3.987132399716,0.86,0.668412044417));
#6892=LINE('',#6885,#5843);
#6893=ORIENTED_EDGE('',*,*,#6894,.T.);
#6894=EDGE_CURVE('',#6890,#6895,#6897,.T.);
#6895=VERTEX_POINT('',#6896);
#6896=CARTESIAN_POINT('',(-3.740930461463,0.86,0.875));
#6897=CIRCLE('',#6898,0.25);
#6898=AXIS2_PLACEMENT_3D('',#6846,#182,#5850);
#6899=ORIENTED_EDGE('',*,*,#6900,.T.);
#6900=EDGE_CURVE('',#6895,#3204,#6901,.T.);
#6901=LINE('',#6896,#27);
#6902=PLANE('',#6903);
#6903=AXIS2_PLACEMENT_3D('',#6904,#182,#13);
#6904=CARTESIAN_POINT('',(-3.931684054297,0.86,0.450095127207));
#6905=ADVANCED_FACE('',(#6906),#1122,.F.);
#6906=FACE_BOUND('',#6907,.F.);
#6907=EDGE_LOOP('',(#6908,#6909,#6913,#6914));
#6908=ORIENTED_EDGE('',*,*,#3216,.T.);
#6909=ORIENTED_EDGE('',*,*,#6910,.T.);
#6910=EDGE_CURVE('',#3211,#4446,#6911,.T.);
#6911=LINE('',#6912,#27);
#6912=CARTESIAN_POINT('',(-3.740930461463,1.14,0.875));
#6913=ORIENTED_EDGE('',*,*,#4445,.F.);
#6914=ORIENTED_EDGE('',*,*,#6915,.F.);
#6915=EDGE_CURVE('',#3204,#4442,#6901,.T.);
#6916=ADVANCED_FACE('',(#6917),#6973,.F.);
#6917=FACE_BOUND('',#6918,.F.);
#6918=EDGE_LOOP('',(#6919,#6920,#6921,#6928,#6933,#6940,#6945,#6950,#6955,#6961,#6966,#6971));
#6919=ORIENTED_EDGE('',*,*,#3210,.F.);
#6920=ORIENTED_EDGE('',*,*,#3221,.T.);
#6921=ORIENTED_EDGE('',*,*,#6922,.T.);
#6922=EDGE_CURVE('',#3222,#6923,#6925,.T.);
#6923=VERTEX_POINT('',#6924);
#6924=CARTESIAN_POINT('',(-3.839411236764,1.14,0.642364817767));
#6925=CIRCLE('',#6926,1.E-01);
#6926=AXIS2_PLACEMENT_3D('',#6927,#154,#13);
#6927=CARTESIAN_POINT('',(-3.740930461463,1.14,0.625));
#6928=ORIENTED_EDGE('',*,*,#6929,.T.);
#6929=EDGE_CURVE('',#6923,#6930,#6932,.T.);
#6930=VERTEX_POINT('',#6931);
#6931=CARTESIAN_POINT('',(-3.904405751626,1.14,0.239642028477));
#6932=LINE('',#6924,#5807);
#6933=ORIENTED_EDGE('',*,*,#6934,.T.);
#6934=EDGE_CURVE('',#6930,#6935,#6937,.T.);
#6935=VERTEX_POINT('',#6936);
#6936=CARTESIAN_POINT('',(-4.19,1.14,-2.22044604925E-16));
#6937=CIRCLE('',#6938,0.29);
#6938=AXIS2_PLACEMENT_3D('',#6939,#182,#5816);
#6939=CARTESIAN_POINT('',(-4.19,1.14,0.29));
#6940=ORIENTED_EDGE('',*,*,#6941,.T.);
#6941=EDGE_CURVE('',#6935,#6942,#6944,.T.);
#6942=VERTEX_POINT('',#6943);
#6943=CARTESIAN_POINT('',(-4.5,1.14,-2.22044604925E-16));
#6944=LINE('',#6936,#167);
#6945=ORIENTED_EDGE('',*,*,#6946,.T.);
#6946=EDGE_CURVE('',#6942,#6947,#6949,.T.);
#6947=VERTEX_POINT('',#6948);
#6948=CARTESIAN_POINT('',(-4.5,1.14,0.15));
#6949=LINE('',#6943,#220);
#6950=ORIENTED_EDGE('',*,*,#6951,.T.);
#6951=EDGE_CURVE('',#6947,#6952,#6954,.T.);
#6952=VERTEX_POINT('',#6953);
#6953=CARTESIAN_POINT('',(-4.19,1.14,0.15));
#6954=LINE('',#6948,#27);
#6955=ORIENTED_EDGE('',*,*,#6956,.T.);
#6956=EDGE_CURVE('',#6952,#6957,#6959,.T.);
#6957=VERTEX_POINT('',#6958);
#6958=CARTESIAN_POINT('',(-4.052126914578,1.14,0.265689255127));
#6959=CIRCLE('',#6960,0.14);
#6960=AXIS2_PLACEMENT_3D('',#6939,#154,#190);
#6961=ORIENTED_EDGE('',*,*,#6962,.T.);
#6962=EDGE_CURVE('',#6957,#6963,#6965,.T.);
#6963=VERTEX_POINT('',#6964);
#6964=CARTESIAN_POINT('',(-3.987132399716,1.14,0.668412044417));
#6965=LINE('',#6958,#5843);
#6966=ORIENTED_EDGE('',*,*,#6967,.T.);
#6967=EDGE_CURVE('',#6963,#6968,#6969,.T.);
#6968=VERTEX_POINT('',#6912);
#6969=CIRCLE('',#6970,0.25);
#6970=AXIS2_PLACEMENT_3D('',#6927,#182,#5850);
#6971=ORIENTED_EDGE('',*,*,#6972,.T.);
#6972=EDGE_CURVE('',#6968,#3211,#6911,.T.);
#6973=PLANE('',#6974);
#6974=AXIS2_PLACEMENT_3D('',#6975,#182,#13);
#6975=CARTESIAN_POINT('',(-3.931684054297,1.14,0.450095127207));
#6976=ADVANCED_FACE('',(#6977),#6991,.F.);
#6977=FACE_BOUND('',#6978,.F.);
#6978=EDGE_LOOP('',(#6979,#6980,#6987,#6990));
#6979=ORIENTED_EDGE('',*,*,#3234,.T.);
#6980=ORIENTED_EDGE('',*,*,#6981,.T.);
#6981=EDGE_CURVE('',#3229,#6982,#6984,.T.);
#6982=VERTEX_POINT('',#6983);
#6983=CARTESIAN_POINT('',(-3.839411236764,1.36,0.642364817767));
#6984=CIRCLE('',#6985,1.E-01);
#6985=AXIS2_PLACEMENT_3D('',#6986,#154,#13);
#6986=CARTESIAN_POINT('',(-3.740930461463,1.36,0.625));
#6987=ORIENTED_EDGE('',*,*,#6988,.F.);
#6988=EDGE_CURVE('',#6923,#6982,#6989,.T.);
#6989=LINE('',#6924,#181);
#6990=ORIENTED_EDGE('',*,*,#6922,.F.);
#6991=CYLINDRICAL_SURFACE('',#6926,1.E-01);
#6992=ADVANCED_FACE('',(#6993),#7042,.T.);
#6993=FACE_BOUND('',#6994,.T.);
#6994=EDGE_LOOP('',(#3241,#3227,#6980,#6995,#7000,#7007,#7012,#7017,#7022,#7028,#7033,#7039));
#6995=ORIENTED_EDGE('',*,*,#6996,.T.);
#6996=EDGE_CURVE('',#6982,#6997,#6999,.T.);
#6997=VERTEX_POINT('',#6998);
#6998=CARTESIAN_POINT('',(-3.904405751626,1.36,0.239642028477));
#6999=LINE('',#6983,#5807);
#7000=ORIENTED_EDGE('',*,*,#7001,.T.);
#7001=EDGE_CURVE('',#6997,#7002,#7004,.T.);
#7002=VERTEX_POINT('',#7003);
#7003=CARTESIAN_POINT('',(-4.19,1.36,-2.22044604925E-16));
#7004=CIRCLE('',#7005,0.29);
#7005=AXIS2_PLACEMENT_3D('',#7006,#182,#5816);
#7006=CARTESIAN_POINT('',(-4.19,1.36,0.29));
#7007=ORIENTED_EDGE('',*,*,#7008,.T.);
#7008=EDGE_CURVE('',#7002,#7009,#7011,.T.);
#7009=VERTEX_POINT('',#7010);
#7010=CARTESIAN_POINT('',(-4.5,1.36,-2.22044604925E-16));
#7011=LINE('',#7003,#167);
#7012=ORIENTED_EDGE('',*,*,#7013,.T.);
#7013=EDGE_CURVE('',#7009,#7014,#7016,.T.);
#7014=VERTEX_POINT('',#7015);
#7015=CARTESIAN_POINT('',(-4.5,1.36,0.15));
#7016=LINE('',#7010,#220);
#7017=ORIENTED_EDGE('',*,*,#7018,.T.);
#7018=EDGE_CURVE('',#7014,#7019,#7021,.T.);
#7019=VERTEX_POINT('',#7020);
#7020=CARTESIAN_POINT('',(-4.19,1.36,0.15));
#7021=LINE('',#7015,#27);
#7022=ORIENTED_EDGE('',*,*,#7023,.T.);
#7023=EDGE_CURVE('',#7019,#7024,#7026,.T.);
#7024=VERTEX_POINT('',#7025);
#7025=CARTESIAN_POINT('',(-4.052126914578,1.36,0.265689255127));
#7026=CIRCLE('',#7027,0.14);
#7027=AXIS2_PLACEMENT_3D('',#7006,#154,#190);
#7028=ORIENTED_EDGE('',*,*,#7029,.T.);
#7029=EDGE_CURVE('',#7024,#7030,#7032,.T.);
#7030=VERTEX_POINT('',#7031);
#7031=CARTESIAN_POINT('',(-3.987132399716,1.36,0.668412044417));
#7032=LINE('',#7025,#5843);
#7033=ORIENTED_EDGE('',*,*,#7034,.T.);
#7034=EDGE_CURVE('',#7030,#7035,#7037,.T.);
#7035=VERTEX_POINT('',#7036);
#7036=CARTESIAN_POINT('',(-3.740930461463,1.36,0.875));
#7037=CIRCLE('',#7038,0.25);
#7038=AXIS2_PLACEMENT_3D('',#6986,#182,#5850);
#7039=ORIENTED_EDGE('',*,*,#7040,.T.);
#7040=EDGE_CURVE('',#7035,#3243,#7041,.T.);
#7041=LINE('',#7036,#27);
#7042=PLANE('',#7043);
#7043=AXIS2_PLACEMENT_3D('',#7044,#182,#13);
#7044=CARTESIAN_POINT('',(-3.931684054297,1.36,0.450095127207));
#7045=ADVANCED_FACE('',(#7046),#1122,.F.);
#7046=FACE_BOUND('',#7047,.F.);
#7047=EDGE_LOOP('',(#7048,#7049,#7053,#7054));
#7048=ORIENTED_EDGE('',*,*,#3255,.T.);
#7049=ORIENTED_EDGE('',*,*,#7050,.T.);
#7050=EDGE_CURVE('',#3250,#4454,#7051,.T.);
#7051=LINE('',#7052,#27);
#7052=CARTESIAN_POINT('',(-3.740930461463,1.64,0.875));
#7053=ORIENTED_EDGE('',*,*,#4453,.F.);
#7054=ORIENTED_EDGE('',*,*,#7055,.F.);
#7055=EDGE_CURVE('',#3243,#4450,#7041,.T.);
#7056=ADVANCED_FACE('',(#7057),#7113,.F.);
#7057=FACE_BOUND('',#7058,.F.);
#7058=EDGE_LOOP('',(#7059,#7060,#7061,#7068,#7073,#7080,#7085,#7090,#7095,#7101,#7106,#7111));
#7059=ORIENTED_EDGE('',*,*,#3249,.F.);
#7060=ORIENTED_EDGE('',*,*,#3260,.T.);
#7061=ORIENTED_EDGE('',*,*,#7062,.T.);
#7062=EDGE_CURVE('',#3261,#7063,#7065,.T.);
#7063=VERTEX_POINT('',#7064);
#7064=CARTESIAN_POINT('',(-3.839411236764,1.64,0.642364817767));
#7065=CIRCLE('',#7066,1.E-01);
#7066=AXIS2_PLACEMENT_3D('',#7067,#154,#13);
#7067=CARTESIAN_POINT('',(-3.740930461463,1.64,0.625));
#7068=ORIENTED_EDGE('',*,*,#7069,.T.);
#7069=EDGE_CURVE('',#7063,#7070,#7072,.T.);
#7070=VERTEX_POINT('',#7071);
#7071=CARTESIAN_POINT('',(-3.904405751626,1.64,0.239642028477));
#7072=LINE('',#7064,#5807);
#7073=ORIENTED_EDGE('',*,*,#7074,.T.);
#7074=EDGE_CURVE('',#7070,#7075,#7077,.T.);
#7075=VERTEX_POINT('',#7076);
#7076=CARTESIAN_POINT('',(-4.19,1.64,-2.22044604925E-16));
#7077=CIRCLE('',#7078,0.29);
#7078=AXIS2_PLACEMENT_3D('',#7079,#182,#5816);
#7079=CARTESIAN_POINT('',(-4.19,1.64,0.29));
#7080=ORIENTED_EDGE('',*,*,#7081,.T.);
#7081=EDGE_CURVE('',#7075,#7082,#7084,.T.);
#7082=VERTEX_POINT('',#7083);
#7083=CARTESIAN_POINT('',(-4.5,1.64,-2.22044604925E-16));
#7084=LINE('',#7076,#167);
#7085=ORIENTED_EDGE('',*,*,#7086,.T.);
#7086=EDGE_CURVE('',#7082,#7087,#7089,.T.);
#7087=VERTEX_POINT('',#7088);
#7088=CARTESIAN_POINT('',(-4.5,1.64,0.15));
#7089=LINE('',#7083,#220);
#7090=ORIENTED_EDGE('',*,*,#7091,.T.);
#7091=EDGE_CURVE('',#7087,#7092,#7094,.T.);
#7092=VERTEX_POINT('',#7093);
#7093=CARTESIAN_POINT('',(-4.19,1.64,0.15));
#7094=LINE('',#7088,#27);
#7095=ORIENTED_EDGE('',*,*,#7096,.T.);
#7096=EDGE_CURVE('',#7092,#7097,#7099,.T.);
#7097=VERTEX_POINT('',#7098);
#7098=CARTESIAN_POINT('',(-4.052126914578,1.64,0.265689255127));
#7099=CIRCLE('',#7100,0.14);
#7100=AXIS2_PLACEMENT_3D('',#7079,#154,#190);
#7101=ORIENTED_EDGE('',*,*,#7102,.T.);
#7102=EDGE_CURVE('',#7097,#7103,#7105,.T.);
#7103=VERTEX_POINT('',#7104);
#7104=CARTESIAN_POINT('',(-3.987132399716,1.64,0.668412044417));
#7105=LINE('',#7098,#5843);
#7106=ORIENTED_EDGE('',*,*,#7107,.T.);
#7107=EDGE_CURVE('',#7103,#7108,#7109,.T.);
#7108=VERTEX_POINT('',#7052);
#7109=CIRCLE('',#7110,0.25);
#7110=AXIS2_PLACEMENT_3D('',#7067,#182,#5850);
#7111=ORIENTED_EDGE('',*,*,#7112,.T.);
#7112=EDGE_CURVE('',#7108,#3250,#7051,.T.);
#7113=PLANE('',#7114);
#7114=AXIS2_PLACEMENT_3D('',#7115,#182,#13);
#7115=CARTESIAN_POINT('',(-3.931684054297,1.64,0.450095127207));
#7116=ADVANCED_FACE('',(#7117),#7131,.F.);
#7117=FACE_BOUND('',#7118,.F.);
#7118=EDGE_LOOP('',(#7119,#7120,#7127,#7130));
#7119=ORIENTED_EDGE('',*,*,#3273,.T.);
#7120=ORIENTED_EDGE('',*,*,#7121,.T.);
#7121=EDGE_CURVE('',#3268,#7122,#7124,.T.);
#7122=VERTEX_POINT('',#7123);
#7123=CARTESIAN_POINT('',(-3.839411236764,1.86,0.642364817767));
#7124=CIRCLE('',#7125,1.E-01);
#7125=AXIS2_PLACEMENT_3D('',#7126,#154,#13);
#7126=CARTESIAN_POINT('',(-3.740930461463,1.86,0.625));
#7127=ORIENTED_EDGE('',*,*,#7128,.F.);
#7128=EDGE_CURVE('',#7063,#7122,#7129,.T.);
#7129=LINE('',#7064,#181);
#7130=ORIENTED_EDGE('',*,*,#7062,.F.);
#7131=CYLINDRICAL_SURFACE('',#7066,1.E-01);
#7132=ADVANCED_FACE('',(#7133),#7182,.T.);
#7133=FACE_BOUND('',#7134,.T.);
#7134=EDGE_LOOP('',(#3280,#3266,#7120,#7135,#7140,#7147,#7152,#7157,#7162,#7168,#7173,#7179));
#7135=ORIENTED_EDGE('',*,*,#7136,.T.);
#7136=EDGE_CURVE('',#7122,#7137,#7139,.T.);
#7137=VERTEX_POINT('',#7138);
#7138=CARTESIAN_POINT('',(-3.904405751626,1.86,0.239642028477));
#7139=LINE('',#7123,#5807);
#7140=ORIENTED_EDGE('',*,*,#7141,.T.);
#7141=EDGE_CURVE('',#7137,#7142,#7144,.T.);
#7142=VERTEX_POINT('',#7143);
#7143=CARTESIAN_POINT('',(-4.19,1.86,-2.22044604925E-16));
#7144=CIRCLE('',#7145,0.29);
#7145=AXIS2_PLACEMENT_3D('',#7146,#182,#5816);
#7146=CARTESIAN_POINT('',(-4.19,1.86,0.29));
#7147=ORIENTED_EDGE('',*,*,#7148,.T.);
#7148=EDGE_CURVE('',#7142,#7149,#7151,.T.);
#7149=VERTEX_POINT('',#7150);
#7150=CARTESIAN_POINT('',(-4.5,1.86,-2.22044604925E-16));
#7151=LINE('',#7143,#167);
#7152=ORIENTED_EDGE('',*,*,#7153,.T.);
#7153=EDGE_CURVE('',#7149,#7154,#7156,.T.);
#7154=VERTEX_POINT('',#7155);
#7155=CARTESIAN_POINT('',(-4.5,1.86,0.15));
#7156=LINE('',#7150,#220);
#7157=ORIENTED_EDGE('',*,*,#7158,.T.);
#7158=EDGE_CURVE('',#7154,#7159,#7161,.T.);
#7159=VERTEX_POINT('',#7160);
#7160=CARTESIAN_POINT('',(-4.19,1.86,0.15));
#7161=LINE('',#7155,#27);
#7162=ORIENTED_EDGE('',*,*,#7163,.T.);
#7163=EDGE_CURVE('',#7159,#7164,#7166,.T.);
#7164=VERTEX_POINT('',#7165);
#7165=CARTESIAN_POINT('',(-4.052126914578,1.86,0.265689255127));
#7166=CIRCLE('',#7167,0.14);
#7167=AXIS2_PLACEMENT_3D('',#7146,#154,#190);
#7168=ORIENTED_EDGE('',*,*,#7169,.T.);
#7169=EDGE_CURVE('',#7164,#7170,#7172,.T.);
#7170=VERTEX_POINT('',#7171);
#7171=CARTESIAN_POINT('',(-3.987132399716,1.86,0.668412044417));
#7172=LINE('',#7165,#5843);
#7173=ORIENTED_EDGE('',*,*,#7174,.T.);
#7174=EDGE_CURVE('',#7170,#7175,#7177,.T.);
#7175=VERTEX_POINT('',#7176);
#7176=CARTESIAN_POINT('',(-3.740930461463,1.86,0.875));
#7177=CIRCLE('',#7178,0.25);
#7178=AXIS2_PLACEMENT_3D('',#7126,#182,#5850);
#7179=ORIENTED_EDGE('',*,*,#7180,.T.);
#7180=EDGE_CURVE('',#7175,#3282,#7181,.T.);
#7181=LINE('',#7176,#27);
#7182=PLANE('',#7183);
#7183=AXIS2_PLACEMENT_3D('',#7184,#182,#13);
#7184=CARTESIAN_POINT('',(-3.931684054297,1.86,0.450095127207));
#7185=ADVANCED_FACE('',(#7186),#1122,.F.);
#7186=FACE_BOUND('',#7187,.F.);
#7187=EDGE_LOOP('',(#7188,#7189,#7193,#7194));
#7188=ORIENTED_EDGE('',*,*,#3294,.T.);
#7189=ORIENTED_EDGE('',*,*,#7190,.T.);
#7190=EDGE_CURVE('',#3289,#4462,#7191,.T.);
#7191=LINE('',#7192,#27);
#7192=CARTESIAN_POINT('',(-3.740930461463,2.14,0.875));
#7193=ORIENTED_EDGE('',*,*,#4461,.F.);
#7194=ORIENTED_EDGE('',*,*,#7195,.F.);
#7195=EDGE_CURVE('',#3282,#4458,#7181,.T.);
#7196=ADVANCED_FACE('',(#7197),#7253,.F.);
#7197=FACE_BOUND('',#7198,.F.);
#7198=EDGE_LOOP('',(#7199,#7200,#7201,#7208,#7213,#7220,#7225,#7230,#7235,#7241,#7246,#7251));
#7199=ORIENTED_EDGE('',*,*,#3288,.F.);
#7200=ORIENTED_EDGE('',*,*,#3299,.T.);
#7201=ORIENTED_EDGE('',*,*,#7202,.T.);
#7202=EDGE_CURVE('',#3300,#7203,#7205,.T.);
#7203=VERTEX_POINT('',#7204);
#7204=CARTESIAN_POINT('',(-3.839411236764,2.14,0.642364817767));
#7205=CIRCLE('',#7206,1.E-01);
#7206=AXIS2_PLACEMENT_3D('',#7207,#154,#13);
#7207=CARTESIAN_POINT('',(-3.740930461463,2.14,0.625));
#7208=ORIENTED_EDGE('',*,*,#7209,.T.);
#7209=EDGE_CURVE('',#7203,#7210,#7212,.T.);
#7210=VERTEX_POINT('',#7211);
#7211=CARTESIAN_POINT('',(-3.904405751626,2.14,0.239642028477));
#7212=LINE('',#7204,#5807);
#7213=ORIENTED_EDGE('',*,*,#7214,.T.);
#7214=EDGE_CURVE('',#7210,#7215,#7217,.T.);
#7215=VERTEX_POINT('',#7216);
#7216=CARTESIAN_POINT('',(-4.19,2.14,-2.22044604925E-16));
#7217=CIRCLE('',#7218,0.29);
#7218=AXIS2_PLACEMENT_3D('',#7219,#182,#5816);
#7219=CARTESIAN_POINT('',(-4.19,2.14,0.29));
#7220=ORIENTED_EDGE('',*,*,#7221,.T.);
#7221=EDGE_CURVE('',#7215,#7222,#7224,.T.);
#7222=VERTEX_POINT('',#7223);
#7223=CARTESIAN_POINT('',(-4.5,2.14,-2.22044604925E-16));
#7224=LINE('',#7216,#167);
#7225=ORIENTED_EDGE('',*,*,#7226,.T.);
#7226=EDGE_CURVE('',#7222,#7227,#7229,.T.);
#7227=VERTEX_POINT('',#7228);
#7228=CARTESIAN_POINT('',(-4.5,2.14,0.15));
#7229=LINE('',#7223,#220);
#7230=ORIENTED_EDGE('',*,*,#7231,.T.);
#7231=EDGE_CURVE('',#7227,#7232,#7234,.T.);
#7232=VERTEX_POINT('',#7233);
#7233=CARTESIAN_POINT('',(-4.19,2.14,0.15));
#7234=LINE('',#7228,#27);
#7235=ORIENTED_EDGE('',*,*,#7236,.T.);
#7236=EDGE_CURVE('',#7232,#7237,#7239,.T.);
#7237=VERTEX_POINT('',#7238);
#7238=CARTESIAN_POINT('',(-4.052126914578,2.14,0.265689255127));
#7239=CIRCLE('',#7240,0.14);
#7240=AXIS2_PLACEMENT_3D('',#7219,#154,#190);
#7241=ORIENTED_EDGE('',*,*,#7242,.T.);
#7242=EDGE_CURVE('',#7237,#7243,#7245,.T.);
#7243=VERTEX_POINT('',#7244);
#7244=CARTESIAN_POINT('',(-3.987132399716,2.14,0.668412044417));
#7245=LINE('',#7238,#5843);
#7246=ORIENTED_EDGE('',*,*,#7247,.T.);
#7247=EDGE_CURVE('',#7243,#7248,#7249,.T.);
#7248=VERTEX_POINT('',#7192);
#7249=CIRCLE('',#7250,0.25);
#7250=AXIS2_PLACEMENT_3D('',#7207,#182,#5850);
#7251=ORIENTED_EDGE('',*,*,#7252,.T.);
#7252=EDGE_CURVE('',#7248,#3289,#7191,.T.);
#7253=PLANE('',#7254);
#7254=AXIS2_PLACEMENT_3D('',#7255,#182,#13);
#7255=CARTESIAN_POINT('',(-3.931684054297,2.14,0.450095127207));
#7256=ADVANCED_FACE('',(#7257),#7271,.F.);
#7257=FACE_BOUND('',#7258,.F.);
#7258=EDGE_LOOP('',(#7259,#7260,#7267,#7270));
#7259=ORIENTED_EDGE('',*,*,#3312,.T.);
#7260=ORIENTED_EDGE('',*,*,#7261,.T.);
#7261=EDGE_CURVE('',#3307,#7262,#7264,.T.);
#7262=VERTEX_POINT('',#7263);
#7263=CARTESIAN_POINT('',(-3.839411236764,2.36,0.642364817767));
#7264=CIRCLE('',#7265,1.E-01);
#7265=AXIS2_PLACEMENT_3D('',#7266,#154,#13);
#7266=CARTESIAN_POINT('',(-3.740930461463,2.36,0.625));
#7267=ORIENTED_EDGE('',*,*,#7268,.F.);
#7268=EDGE_CURVE('',#7203,#7262,#7269,.T.);
#7269=LINE('',#7204,#181);
#7270=ORIENTED_EDGE('',*,*,#7202,.F.);
#7271=CYLINDRICAL_SURFACE('',#7206,1.E-01);
#7272=ADVANCED_FACE('',(#7273),#7322,.T.);
#7273=FACE_BOUND('',#7274,.T.);
#7274=EDGE_LOOP('',(#3319,#3305,#7260,#7275,#7280,#7287,#7292,#7297,#7302,#7308,#7313,#7319));
#7275=ORIENTED_EDGE('',*,*,#7276,.T.);
#7276=EDGE_CURVE('',#7262,#7277,#7279,.T.);
#7277=VERTEX_POINT('',#7278);
#7278=CARTESIAN_POINT('',(-3.904405751626,2.36,0.239642028477));
#7279=LINE('',#7263,#5807);
#7280=ORIENTED_EDGE('',*,*,#7281,.T.);
#7281=EDGE_CURVE('',#7277,#7282,#7284,.T.);
#7282=VERTEX_POINT('',#7283);
#7283=CARTESIAN_POINT('',(-4.19,2.36,-2.22044604925E-16));
#7284=CIRCLE('',#7285,0.29);
#7285=AXIS2_PLACEMENT_3D('',#7286,#182,#5816);
#7286=CARTESIAN_POINT('',(-4.19,2.36,0.29));
#7287=ORIENTED_EDGE('',*,*,#7288,.T.);
#7288=EDGE_CURVE('',#7282,#7289,#7291,.T.);
#7289=VERTEX_POINT('',#7290);
#7290=CARTESIAN_POINT('',(-4.5,2.36,-2.22044604925E-16));
#7291=LINE('',#7283,#167);
#7292=ORIENTED_EDGE('',*,*,#7293,.T.);
#7293=EDGE_CURVE('',#7289,#7294,#7296,.T.);
#7294=VERTEX_POINT('',#7295);
#7295=CARTESIAN_POINT('',(-4.5,2.36,0.15));
#7296=LINE('',#7290,#220);
#7297=ORIENTED_EDGE('',*,*,#7298,.T.);
#7298=EDGE_CURVE('',#7294,#7299,#7301,.T.);
#7299=VERTEX_POINT('',#7300);
#7300=CARTESIAN_POINT('',(-4.19,2.36,0.15));
#7301=LINE('',#7295,#27);
#7302=ORIENTED_EDGE('',*,*,#7303,.T.);
#7303=EDGE_CURVE('',#7299,#7304,#7306,.T.);
#7304=VERTEX_POINT('',#7305);
#7305=CARTESIAN_POINT('',(-4.052126914578,2.36,0.265689255127));
#7306=CIRCLE('',#7307,0.14);
#7307=AXIS2_PLACEMENT_3D('',#7286,#154,#190);
#7308=ORIENTED_EDGE('',*,*,#7309,.T.);
#7309=EDGE_CURVE('',#7304,#7310,#7312,.T.);
#7310=VERTEX_POINT('',#7311);
#7311=CARTESIAN_POINT('',(-3.987132399716,2.36,0.668412044417));
#7312=LINE('',#7305,#5843);
#7313=ORIENTED_EDGE('',*,*,#7314,.T.);
#7314=EDGE_CURVE('',#7310,#7315,#7317,.T.);
#7315=VERTEX_POINT('',#7316);
#7316=CARTESIAN_POINT('',(-3.740930461463,2.36,0.875));
#7317=CIRCLE('',#7318,0.25);
#7318=AXIS2_PLACEMENT_3D('',#7266,#182,#5850);
#7319=ORIENTED_EDGE('',*,*,#7320,.T.);
#7320=EDGE_CURVE('',#7315,#3321,#7321,.T.);
#7321=LINE('',#7316,#27);
#7322=PLANE('',#7323);
#7323=AXIS2_PLACEMENT_3D('',#7324,#182,#13);
#7324=CARTESIAN_POINT('',(-3.931684054297,2.36,0.450095127207));
#7325=ADVANCED_FACE('',(#7326),#1122,.F.);
#7326=FACE_BOUND('',#7327,.F.);
#7327=EDGE_LOOP('',(#7328,#7329,#7330,#7331));
#7328=ORIENTED_EDGE('',*,*,#3333,.T.);
#7329=ORIENTED_EDGE('',*,*,#4373,.T.);
#7330=ORIENTED_EDGE('',*,*,#4469,.F.);
#7331=ORIENTED_EDGE('',*,*,#7332,.F.);
#7332=EDGE_CURVE('',#3321,#4466,#7321,.T.);
#7333=ADVANCED_FACE('',(#7334),#7388,.F.);
#7334=FACE_BOUND('',#7335,.F.);
#7335=EDGE_LOOP('',(#7336,#7337,#7338,#7345,#7350,#7357,#7362,#7367,#7372,#7378,#7383,#7387));
#7336=ORIENTED_EDGE('',*,*,#3327,.F.);
#7337=ORIENTED_EDGE('',*,*,#3338,.T.);
#7338=ORIENTED_EDGE('',*,*,#7339,.T.);
#7339=EDGE_CURVE('',#3339,#7340,#7342,.T.);
#7340=VERTEX_POINT('',#7341);
#7341=CARTESIAN_POINT('',(-3.839411236764,2.64,0.642364817767));
#7342=CIRCLE('',#7343,1.E-01);
#7343=AXIS2_PLACEMENT_3D('',#7344,#154,#13);
#7344=CARTESIAN_POINT('',(-3.740930461463,2.64,0.625));
#7345=ORIENTED_EDGE('',*,*,#7346,.T.);
#7346=EDGE_CURVE('',#7340,#7347,#7349,.T.);
#7347=VERTEX_POINT('',#7348);
#7348=CARTESIAN_POINT('',(-3.904405751626,2.64,0.239642028477));
#7349=LINE('',#7341,#5807);
#7350=ORIENTED_EDGE('',*,*,#7351,.T.);
#7351=EDGE_CURVE('',#7347,#7352,#7354,.T.);
#7352=VERTEX_POINT('',#7353);
#7353=CARTESIAN_POINT('',(-4.19,2.64,-2.22044604925E-16));
#7354=CIRCLE('',#7355,0.29);
#7355=AXIS2_PLACEMENT_3D('',#7356,#182,#5816);
#7356=CARTESIAN_POINT('',(-4.19,2.64,0.29));
#7357=ORIENTED_EDGE('',*,*,#7358,.T.);
#7358=EDGE_CURVE('',#7352,#7359,#7361,.T.);
#7359=VERTEX_POINT('',#7360);
#7360=CARTESIAN_POINT('',(-4.5,2.64,-2.22044604925E-16));
#7361=LINE('',#7353,#167);
#7362=ORIENTED_EDGE('',*,*,#7363,.T.);
#7363=EDGE_CURVE('',#7359,#7364,#7366,.T.);
#7364=VERTEX_POINT('',#7365);
#7365=CARTESIAN_POINT('',(-4.5,2.64,0.15));
#7366=LINE('',#7360,#220);
#7367=ORIENTED_EDGE('',*,*,#7368,.T.);
#7368=EDGE_CURVE('',#7364,#7369,#7371,.T.);
#7369=VERTEX_POINT('',#7370);
#7370=CARTESIAN_POINT('',(-4.19,2.64,0.15));
#7371=LINE('',#7365,#27);
#7372=ORIENTED_EDGE('',*,*,#7373,.T.);
#7373=EDGE_CURVE('',#7369,#7374,#7376,.T.);
#7374=VERTEX_POINT('',#7375);
#7375=CARTESIAN_POINT('',(-4.052126914578,2.64,0.265689255127));
#7376=CIRCLE('',#7377,0.14);
#7377=AXIS2_PLACEMENT_3D('',#7356,#154,#190);
#7378=ORIENTED_EDGE('',*,*,#7379,.T.);
#7379=EDGE_CURVE('',#7374,#7380,#7382,.T.);
#7380=VERTEX_POINT('',#7381);
#7381=CARTESIAN_POINT('',(-3.987132399716,2.64,0.668412044417));
#7382=LINE('',#7375,#5843);
#7383=ORIENTED_EDGE('',*,*,#7384,.T.);
#7384=EDGE_CURVE('',#7380,#4358,#7385,.T.);
#7385=CIRCLE('',#7386,0.25);
#7386=AXIS2_PLACEMENT_3D('',#7344,#182,#5850);
#7387=ORIENTED_EDGE('',*,*,#4357,.T.);
#7388=PLANE('',#7389);
#7389=AXIS2_PLACEMENT_3D('',#7390,#182,#13);
#7390=CARTESIAN_POINT('',(-3.931684054297,2.64,0.450095127207));
#7391=ADVANCED_FACE('',(#7392),#7406,.F.);
#7392=FACE_BOUND('',#7393,.F.);
#7393=EDGE_LOOP('',(#7394,#7395,#7402,#7405));
#7394=ORIENTED_EDGE('',*,*,#3351,.T.);
#7395=ORIENTED_EDGE('',*,*,#7396,.T.);
#7396=EDGE_CURVE('',#3346,#7397,#7399,.T.);
#7397=VERTEX_POINT('',#7398);
#7398=CARTESIAN_POINT('',(-3.839411236764,2.86,0.642364817767));
#7399=CIRCLE('',#7400,1.E-01);
#7400=AXIS2_PLACEMENT_3D('',#7401,#154,#13);
#7401=CARTESIAN_POINT('',(-3.740930461463,2.86,0.625));
#7402=ORIENTED_EDGE('',*,*,#7403,.F.);
#7403=EDGE_CURVE('',#7340,#7397,#7404,.T.);
#7404=LINE('',#7341,#181);
#7405=ORIENTED_EDGE('',*,*,#7339,.F.);
#7406=CYLINDRICAL_SURFACE('',#7343,1.E-01);
#7407=ADVANCED_FACE('',(#7408),#7452,.T.);
#7408=FACE_BOUND('',#7409,.T.);
#7409=EDGE_LOOP('',(#3358,#3344,#7395,#7410,#7415,#7422,#7427,#7432,#7437,#7443,#7448,#4365));
#7410=ORIENTED_EDGE('',*,*,#7411,.T.);
#7411=EDGE_CURVE('',#7397,#7412,#7414,.T.);
#7412=VERTEX_POINT('',#7413);
#7413=CARTESIAN_POINT('',(-3.904405751626,2.86,0.239642028477));
#7414=LINE('',#7398,#5807);
#7415=ORIENTED_EDGE('',*,*,#7416,.T.);
#7416=EDGE_CURVE('',#7412,#7417,#7419,.T.);
#7417=VERTEX_POINT('',#7418);
#7418=CARTESIAN_POINT('',(-4.19,2.86,-2.22044604925E-16));
#7419=CIRCLE('',#7420,0.29);
#7420=AXIS2_PLACEMENT_3D('',#7421,#182,#5816);
#7421=CARTESIAN_POINT('',(-4.19,2.86,0.29));
#7422=ORIENTED_EDGE('',*,*,#7423,.T.);
#7423=EDGE_CURVE('',#7417,#7424,#7426,.T.);
#7424=VERTEX_POINT('',#7425);
#7425=CARTESIAN_POINT('',(-4.5,2.86,-2.22044604925E-16));
#7426=LINE('',#7418,#167);
#7427=ORIENTED_EDGE('',*,*,#7428,.T.);
#7428=EDGE_CURVE('',#7424,#7429,#7431,.T.);
#7429=VERTEX_POINT('',#7430);
#7430=CARTESIAN_POINT('',(-4.5,2.86,0.15));
#7431=LINE('',#7425,#220);
#7432=ORIENTED_EDGE('',*,*,#7433,.T.);
#7433=EDGE_CURVE('',#7429,#7434,#7436,.T.);
#7434=VERTEX_POINT('',#7435);
#7435=CARTESIAN_POINT('',(-4.19,2.86,0.15));
#7436=LINE('',#7430,#27);
#7437=ORIENTED_EDGE('',*,*,#7438,.T.);
#7438=EDGE_CURVE('',#7434,#7439,#7441,.T.);
#7439=VERTEX_POINT('',#7440);
#7440=CARTESIAN_POINT('',(-4.052126914578,2.86,0.265689255127));
#7441=CIRCLE('',#7442,0.14);
#7442=AXIS2_PLACEMENT_3D('',#7421,#154,#190);
#7443=ORIENTED_EDGE('',*,*,#7444,.T.);
#7444=EDGE_CURVE('',#7439,#7445,#7447,.T.);
#7445=VERTEX_POINT('',#7446);
#7446=CARTESIAN_POINT('',(-3.987132399716,2.86,0.668412044417));
#7447=LINE('',#7440,#5843);
#7448=ORIENTED_EDGE('',*,*,#7449,.T.);
#7449=EDGE_CURVE('',#7445,#4363,#7450,.T.);
#7450=CIRCLE('',#7451,0.25);
#7451=AXIS2_PLACEMENT_3D('',#7401,#182,#5850);
#7452=PLANE('',#7453);
#7453=AXIS2_PLACEMENT_3D('',#7454,#182,#13);
#7454=CARTESIAN_POINT('',(-3.931684054297,2.86,0.450095127207));
#7455=ADVANCED_FACE('',(#7456),#7516,.F.);
#7456=FACE_BOUND('',#7457,.F.);
#7457=EDGE_LOOP('',(#7458,#7459,#7460,#7467,#7474,#7482,#7487,#7492,#7497,#7503,#7510,#7515));
#7458=ORIENTED_EDGE('',*,*,#3371,.F.);
#7459=ORIENTED_EDGE('',*,*,#3381,.T.);
#7460=ORIENTED_EDGE('',*,*,#7461,.T.);
#7461=EDGE_CURVE('',#3382,#7462,#7464,.T.);
#7462=VERTEX_POINT('',#7463);
#7463=CARTESIAN_POINT('',(3.839411236764,2.86,0.642364817767));
#7464=CIRCLE('',#7465,1.E-01);
#7465=AXIS2_PLACEMENT_3D('',#7466,#182,#13);
#7466=CARTESIAN_POINT('',(3.740930461463,2.86,0.625));
#7467=ORIENTED_EDGE('',*,*,#7468,.T.);
#7468=EDGE_CURVE('',#7462,#7469,#7471,.T.);
#7469=VERTEX_POINT('',#7470);
#7470=CARTESIAN_POINT('',(3.904405751626,2.86,0.239642028477));
#7471=LINE('',#7463,#7472);
#7472=VECTOR('',#7473,1.);
#7473=DIRECTION('',(0.159326158443,1.768875695283E-17,-0.987226000081));
#7474=ORIENTED_EDGE('',*,*,#7475,.T.);
#7475=EDGE_CURVE('',#7469,#7476,#7478,.T.);
#7476=VERTEX_POINT('',#7477);
#7477=CARTESIAN_POINT('',(4.19,2.86,-2.22044604925E-16));
#7478=CIRCLE('',#7479,0.29);
#7479=AXIS2_PLACEMENT_3D('',#7480,#154,#7481);
#7480=CARTESIAN_POINT('',(4.19,2.86,0.29));
#7481=DIRECTION('',(-0.984807753012,-1.093356242224E-16,-0.173648177667));
#7482=ORIENTED_EDGE('',*,*,#7483,.T.);
#7483=EDGE_CURVE('',#7476,#7484,#7486,.T.);
#7484=VERTEX_POINT('',#7485);
#7485=CARTESIAN_POINT('',(4.5,2.86,-2.22044604925E-16));
#7486=LINE('',#7477,#27);
#7487=ORIENTED_EDGE('',*,*,#7488,.T.);
#7488=EDGE_CURVE('',#7484,#7489,#7491,.T.);
#7489=VERTEX_POINT('',#7490);
#7490=CARTESIAN_POINT('',(4.5,2.86,0.15));
#7491=LINE('',#7485,#220);
#7492=ORIENTED_EDGE('',*,*,#7493,.T.);
#7493=EDGE_CURVE('',#7489,#7494,#7496,.T.);
#7494=VERTEX_POINT('',#7495);
#7495=CARTESIAN_POINT('',(4.19,2.86,0.15));
#7496=LINE('',#7490,#167);
#7497=ORIENTED_EDGE('',*,*,#7498,.T.);
#7498=EDGE_CURVE('',#7494,#7499,#7501,.T.);
#7499=VERTEX_POINT('',#7500);
#7500=CARTESIAN_POINT('',(4.052126914578,2.86,0.265689255127));
#7501=CIRCLE('',#7502,0.14);
#7502=AXIS2_PLACEMENT_3D('',#7480,#182,#190);
#7503=ORIENTED_EDGE('',*,*,#7504,.T.);
#7504=EDGE_CURVE('',#7499,#7505,#7507,.T.);
#7505=VERTEX_POINT('',#7506);
#7506=CARTESIAN_POINT('',(3.987132399716,2.86,0.668412044417));
#7507=LINE('',#7500,#7508);
#7508=VECTOR('',#7509,1.);
#7509=DIRECTION('',(-0.159326158443,-1.768875695283E-17,0.987226000081));
#7510=ORIENTED_EDGE('',*,*,#7511,.T.);
#7511=EDGE_CURVE('',#7505,#5749,#7512,.T.);
#7512=CIRCLE('',#7513,0.25);
#7513=AXIS2_PLACEMENT_3D('',#7466,#154,#7514);
#7514=DIRECTION('',(0.984807753012,1.093356242224E-16,0.173648177667));
#7515=ORIENTED_EDGE('',*,*,#5748,.T.);
#7516=PLANE('',#7517);
#7517=AXIS2_PLACEMENT_3D('',#7518,#154,#13);
#7518=CARTESIAN_POINT('',(3.931684054297,2.86,0.450095127207));
#7519=ADVANCED_FACE('',(#7520),#7534,.F.);
#7520=FACE_BOUND('',#7521,.F.);
#7521=EDGE_LOOP('',(#7522,#7523,#7530,#7533));
#7522=ORIENTED_EDGE('',*,*,#3394,.T.);
#7523=ORIENTED_EDGE('',*,*,#7524,.T.);
#7524=EDGE_CURVE('',#3389,#7525,#7527,.T.);
#7525=VERTEX_POINT('',#7526);
#7526=CARTESIAN_POINT('',(3.839411236764,2.64,0.642364817767));
#7527=CIRCLE('',#7528,1.E-01);
#7528=AXIS2_PLACEMENT_3D('',#7529,#182,#13);
#7529=CARTESIAN_POINT('',(3.740930461463,2.64,0.625));
#7530=ORIENTED_EDGE('',*,*,#7531,.F.);
#7531=EDGE_CURVE('',#7462,#7525,#7532,.T.);
#7532=LINE('',#7463,#153);
#7533=ORIENTED_EDGE('',*,*,#7461,.F.);
#7534=CYLINDRICAL_SURFACE('',#7465,1.E-01);
#7535=ADVANCED_FACE('',(#7536),#7580,.T.);
#7536=FACE_BOUND('',#7537,.T.);
#7537=EDGE_LOOP('',(#3401,#3387,#7523,#7538,#7543,#7550,#7555,#7560,#7565,#7571,#7576,#5755));
#7538=ORIENTED_EDGE('',*,*,#7539,.T.);
#7539=EDGE_CURVE('',#7525,#7540,#7542,.T.);
#7540=VERTEX_POINT('',#7541);
#7541=CARTESIAN_POINT('',(3.904405751626,2.64,0.239642028477));
#7542=LINE('',#7526,#7472);
#7543=ORIENTED_EDGE('',*,*,#7544,.T.);
#7544=EDGE_CURVE('',#7540,#7545,#7547,.T.);
#7545=VERTEX_POINT('',#7546);
#7546=CARTESIAN_POINT('',(4.19,2.64,-2.22044604925E-16));
#7547=CIRCLE('',#7548,0.29);
#7548=AXIS2_PLACEMENT_3D('',#7549,#154,#7481);
#7549=CARTESIAN_POINT('',(4.19,2.64,0.29));
#7550=ORIENTED_EDGE('',*,*,#7551,.T.);
#7551=EDGE_CURVE('',#7545,#7552,#7554,.T.);
#7552=VERTEX_POINT('',#7553);
#7553=CARTESIAN_POINT('',(4.5,2.64,-2.22044604925E-16));
#7554=LINE('',#7546,#27);
#7555=ORIENTED_EDGE('',*,*,#7556,.T.);
#7556=EDGE_CURVE('',#7552,#7557,#7559,.T.);
#7557=VERTEX_POINT('',#7558);
#7558=CARTESIAN_POINT('',(4.5,2.64,0.15));
#7559=LINE('',#7553,#220);
#7560=ORIENTED_EDGE('',*,*,#7561,.T.);
#7561=EDGE_CURVE('',#7557,#7562,#7564,.T.);
#7562=VERTEX_POINT('',#7563);
#7563=CARTESIAN_POINT('',(4.19,2.64,0.15));
#7564=LINE('',#7558,#167);
#7565=ORIENTED_EDGE('',*,*,#7566,.T.);
#7566=EDGE_CURVE('',#7562,#7567,#7569,.T.);
#7567=VERTEX_POINT('',#7568);
#7568=CARTESIAN_POINT('',(4.052126914578,2.64,0.265689255127));
#7569=CIRCLE('',#7570,0.14);
#7570=AXIS2_PLACEMENT_3D('',#7549,#182,#190);
#7571=ORIENTED_EDGE('',*,*,#7572,.T.);
#7572=EDGE_CURVE('',#7567,#7573,#7575,.T.);
#7573=VERTEX_POINT('',#7574);
#7574=CARTESIAN_POINT('',(3.987132399716,2.64,0.668412044417));
#7575=LINE('',#7568,#7508);
#7576=ORIENTED_EDGE('',*,*,#7577,.T.);
#7577=EDGE_CURVE('',#7573,#5752,#7578,.T.);
#7578=CIRCLE('',#7579,0.25);
#7579=AXIS2_PLACEMENT_3D('',#7529,#154,#7514);
#7580=PLANE('',#7581);
#7581=AXIS2_PLACEMENT_3D('',#7582,#154,#13);
#7582=CARTESIAN_POINT('',(3.931684054297,2.64,0.450095127207));
#7583=ADVANCED_FACE('',(#7584),#1122,.F.);
#7584=FACE_BOUND('',#7585,.F.);
#7585=EDGE_LOOP('',(#7586,#7587,#7588,#7592));
#7586=ORIENTED_EDGE('',*,*,#5759,.F.);
#7587=ORIENTED_EDGE('',*,*,#3415,.T.);
#7588=ORIENTED_EDGE('',*,*,#7589,.T.);
#7589=EDGE_CURVE('',#3410,#5644,#7590,.T.);
#7590=LINE('',#7591,#167);
#7591=CARTESIAN_POINT('',(3.740930461463,2.36,0.875));
#7592=ORIENTED_EDGE('',*,*,#5643,.F.);
#7593=ADVANCED_FACE('',(#7594),#7650,.F.);
#7594=FACE_BOUND('',#7595,.F.);
#7595=EDGE_LOOP('',(#7596,#7597,#7598,#7605,#7610,#7617,#7622,#7627,#7632,#7638,#7643,#7648));
#7596=ORIENTED_EDGE('',*,*,#3409,.F.);
#7597=ORIENTED_EDGE('',*,*,#3420,.T.);
#7598=ORIENTED_EDGE('',*,*,#7599,.T.);
#7599=EDGE_CURVE('',#3421,#7600,#7602,.T.);
#7600=VERTEX_POINT('',#7601);
#7601=CARTESIAN_POINT('',(3.839411236764,2.36,0.642364817767));
#7602=CIRCLE('',#7603,1.E-01);
#7603=AXIS2_PLACEMENT_3D('',#7604,#182,#13);
#7604=CARTESIAN_POINT('',(3.740930461463,2.36,0.625));
#7605=ORIENTED_EDGE('',*,*,#7606,.T.);
#7606=EDGE_CURVE('',#7600,#7607,#7609,.T.);
#7607=VERTEX_POINT('',#7608);
#7608=CARTESIAN_POINT('',(3.904405751626,2.36,0.239642028477));
#7609=LINE('',#7601,#7472);
#7610=ORIENTED_EDGE('',*,*,#7611,.T.);
#7611=EDGE_CURVE('',#7607,#7612,#7614,.T.);
#7612=VERTEX_POINT('',#7613);
#7613=CARTESIAN_POINT('',(4.19,2.36,-2.22044604925E-16));
#7614=CIRCLE('',#7615,0.29);
#7615=AXIS2_PLACEMENT_3D('',#7616,#154,#7481);
#7616=CARTESIAN_POINT('',(4.19,2.36,0.29));
#7617=ORIENTED_EDGE('',*,*,#7618,.T.);
#7618=EDGE_CURVE('',#7612,#7619,#7621,.T.);
#7619=VERTEX_POINT('',#7620);
#7620=CARTESIAN_POINT('',(4.5,2.36,-2.22044604925E-16));
#7621=LINE('',#7613,#27);
#7622=ORIENTED_EDGE('',*,*,#7623,.T.);
#7623=EDGE_CURVE('',#7619,#7624,#7626,.T.);
#7624=VERTEX_POINT('',#7625);
#7625=CARTESIAN_POINT('',(4.5,2.36,0.15));
#7626=LINE('',#7620,#220);
#7627=ORIENTED_EDGE('',*,*,#7628,.T.);
#7628=EDGE_CURVE('',#7624,#7629,#7631,.T.);
#7629=VERTEX_POINT('',#7630);
#7630=CARTESIAN_POINT('',(4.19,2.36,0.15));
#7631=LINE('',#7625,#167);
#7632=ORIENTED_EDGE('',*,*,#7633,.T.);
#7633=EDGE_CURVE('',#7629,#7634,#7636,.T.);
#7634=VERTEX_POINT('',#7635);
#7635=CARTESIAN_POINT('',(4.052126914578,2.36,0.265689255127));
#7636=CIRCLE('',#7637,0.14);
#7637=AXIS2_PLACEMENT_3D('',#7616,#182,#190);
#7638=ORIENTED_EDGE('',*,*,#7639,.T.);
#7639=EDGE_CURVE('',#7634,#7640,#7642,.T.);
#7640=VERTEX_POINT('',#7641);
#7641=CARTESIAN_POINT('',(3.987132399716,2.36,0.668412044417));
#7642=LINE('',#7635,#7508);
#7643=ORIENTED_EDGE('',*,*,#7644,.T.);
#7644=EDGE_CURVE('',#7640,#7645,#7646,.T.);
#7645=VERTEX_POINT('',#7591);
#7646=CIRCLE('',#7647,0.25);
#7647=AXIS2_PLACEMENT_3D('',#7604,#154,#7514);
#7648=ORIENTED_EDGE('',*,*,#7649,.T.);
#7649=EDGE_CURVE('',#7645,#3410,#7590,.T.);
#7650=PLANE('',#7651);
#7651=AXIS2_PLACEMENT_3D('',#7652,#154,#13);
#7652=CARTESIAN_POINT('',(3.931684054297,2.36,0.450095127207));
#7653=ADVANCED_FACE('',(#7654),#7668,.F.);
#7654=FACE_BOUND('',#7655,.F.);
#7655=EDGE_LOOP('',(#7656,#7657,#7664,#7667));
#7656=ORIENTED_EDGE('',*,*,#3433,.T.);
#7657=ORIENTED_EDGE('',*,*,#7658,.T.);
#7658=EDGE_CURVE('',#3428,#7659,#7661,.T.);
#7659=VERTEX_POINT('',#7660);
#7660=CARTESIAN_POINT('',(3.839411236764,2.14,0.642364817767));
#7661=CIRCLE('',#7662,1.E-01);
#7662=AXIS2_PLACEMENT_3D('',#7663,#182,#13);
#7663=CARTESIAN_POINT('',(3.740930461463,2.14,0.625));
#7664=ORIENTED_EDGE('',*,*,#7665,.F.);
#7665=EDGE_CURVE('',#7600,#7659,#7666,.T.);
#7666=LINE('',#7601,#153);
#7667=ORIENTED_EDGE('',*,*,#7599,.F.);
#7668=CYLINDRICAL_SURFACE('',#7603,1.E-01);
#7669=ADVANCED_FACE('',(#7670),#7719,.T.);
#7670=FACE_BOUND('',#7671,.T.);
#7671=EDGE_LOOP('',(#3440,#3426,#7657,#7672,#7677,#7684,#7689,#7694,#7699,#7705,#7710,#7716));
#7672=ORIENTED_EDGE('',*,*,#7673,.T.);
#7673=EDGE_CURVE('',#7659,#7674,#7676,.T.);
#7674=VERTEX_POINT('',#7675);
#7675=CARTESIAN_POINT('',(3.904405751626,2.14,0.239642028477));
#7676=LINE('',#7660,#7472);
#7677=ORIENTED_EDGE('',*,*,#7678,.T.);
#7678=EDGE_CURVE('',#7674,#7679,#7681,.T.);
#7679=VERTEX_POINT('',#7680);
#7680=CARTESIAN_POINT('',(4.19,2.14,-2.22044604925E-16));
#7681=CIRCLE('',#7682,0.29);
#7682=AXIS2_PLACEMENT_3D('',#7683,#154,#7481);
#7683=CARTESIAN_POINT('',(4.19,2.14,0.29));
#7684=ORIENTED_EDGE('',*,*,#7685,.T.);
#7685=EDGE_CURVE('',#7679,#7686,#7688,.T.);
#7686=VERTEX_POINT('',#7687);
#7687=CARTESIAN_POINT('',(4.5,2.14,-2.22044604925E-16));
#7688=LINE('',#7680,#27);
#7689=ORIENTED_EDGE('',*,*,#7690,.T.);
#7690=EDGE_CURVE('',#7686,#7691,#7693,.T.);
#7691=VERTEX_POINT('',#7692);
#7692=CARTESIAN_POINT('',(4.5,2.14,0.15));
#7693=LINE('',#7687,#220);
#7694=ORIENTED_EDGE('',*,*,#7695,.T.);
#7695=EDGE_CURVE('',#7691,#7696,#7698,.T.);
#7696=VERTEX_POINT('',#7697);
#7697=CARTESIAN_POINT('',(4.19,2.14,0.15));
#7698=LINE('',#7692,#167);
#7699=ORIENTED_EDGE('',*,*,#7700,.T.);
#7700=EDGE_CURVE('',#7696,#7701,#7703,.T.);
#7701=VERTEX_POINT('',#7702);
#7702=CARTESIAN_POINT('',(4.052126914578,2.14,0.265689255127));
#7703=CIRCLE('',#7704,0.14);
#7704=AXIS2_PLACEMENT_3D('',#7683,#182,#190);
#7705=ORIENTED_EDGE('',*,*,#7706,.T.);
#7706=EDGE_CURVE('',#7701,#7707,#7709,.T.);
#7707=VERTEX_POINT('',#7708);
#7708=CARTESIAN_POINT('',(3.987132399716,2.14,0.668412044417));
#7709=LINE('',#7702,#7508);
#7710=ORIENTED_EDGE('',*,*,#7711,.T.);
#7711=EDGE_CURVE('',#7707,#7712,#7714,.T.);
#7712=VERTEX_POINT('',#7713);
#7713=CARTESIAN_POINT('',(3.740930461463,2.14,0.875));
#7714=CIRCLE('',#7715,0.25);
#7715=AXIS2_PLACEMENT_3D('',#7663,#154,#7514);
#7716=ORIENTED_EDGE('',*,*,#7717,.T.);
#7717=EDGE_CURVE('',#7712,#3442,#7718,.T.);
#7718=LINE('',#7713,#167);
#7719=PLANE('',#7720);
#7720=AXIS2_PLACEMENT_3D('',#7721,#154,#13);
#7721=CARTESIAN_POINT('',(3.931684054297,2.14,0.450095127207));
#7722=ADVANCED_FACE('',(#7723),#1122,.F.);
#7723=FACE_BOUND('',#7724,.F.);
#7724=EDGE_LOOP('',(#7725,#7727,#7728,#7732));
#7725=ORIENTED_EDGE('',*,*,#7726,.F.);
#7726=EDGE_CURVE('',#3442,#5648,#7718,.T.);
#7727=ORIENTED_EDGE('',*,*,#3454,.T.);
#7728=ORIENTED_EDGE('',*,*,#7729,.T.);
#7729=EDGE_CURVE('',#3449,#5652,#7730,.T.);
#7730=LINE('',#7731,#167);
#7731=CARTESIAN_POINT('',(3.740930461463,1.86,0.875));
#7732=ORIENTED_EDGE('',*,*,#5651,.F.);
#7733=ADVANCED_FACE('',(#7734),#7790,.F.);
#7734=FACE_BOUND('',#7735,.F.);
#7735=EDGE_LOOP('',(#7736,#7737,#7738,#7745,#7750,#7757,#7762,#7767,#7772,#7778,#7783,#7788));
#7736=ORIENTED_EDGE('',*,*,#3448,.F.);
#7737=ORIENTED_EDGE('',*,*,#3459,.T.);
#7738=ORIENTED_EDGE('',*,*,#7739,.T.);
#7739=EDGE_CURVE('',#3460,#7740,#7742,.T.);
#7740=VERTEX_POINT('',#7741);
#7741=CARTESIAN_POINT('',(3.839411236764,1.86,0.642364817767));
#7742=CIRCLE('',#7743,1.E-01);
#7743=AXIS2_PLACEMENT_3D('',#7744,#182,#13);
#7744=CARTESIAN_POINT('',(3.740930461463,1.86,0.625));
#7745=ORIENTED_EDGE('',*,*,#7746,.T.);
#7746=EDGE_CURVE('',#7740,#7747,#7749,.T.);
#7747=VERTEX_POINT('',#7748);
#7748=CARTESIAN_POINT('',(3.904405751626,1.86,0.239642028477));
#7749=LINE('',#7741,#7472);
#7750=ORIENTED_EDGE('',*,*,#7751,.T.);
#7751=EDGE_CURVE('',#7747,#7752,#7754,.T.);
#7752=VERTEX_POINT('',#7753);
#7753=CARTESIAN_POINT('',(4.19,1.86,-2.22044604925E-16));
#7754=CIRCLE('',#7755,0.29);
#7755=AXIS2_PLACEMENT_3D('',#7756,#154,#7481);
#7756=CARTESIAN_POINT('',(4.19,1.86,0.29));
#7757=ORIENTED_EDGE('',*,*,#7758,.T.);
#7758=EDGE_CURVE('',#7752,#7759,#7761,.T.);
#7759=VERTEX_POINT('',#7760);
#7760=CARTESIAN_POINT('',(4.5,1.86,-2.22044604925E-16));
#7761=LINE('',#7753,#27);
#7762=ORIENTED_EDGE('',*,*,#7763,.T.);
#7763=EDGE_CURVE('',#7759,#7764,#7766,.T.);
#7764=VERTEX_POINT('',#7765);
#7765=CARTESIAN_POINT('',(4.5,1.86,0.15));
#7766=LINE('',#7760,#220);
#7767=ORIENTED_EDGE('',*,*,#7768,.T.);
#7768=EDGE_CURVE('',#7764,#7769,#7771,.T.);
#7769=VERTEX_POINT('',#7770);
#7770=CARTESIAN_POINT('',(4.19,1.86,0.15));
#7771=LINE('',#7765,#167);
#7772=ORIENTED_EDGE('',*,*,#7773,.T.);
#7773=EDGE_CURVE('',#7769,#7774,#7776,.T.);
#7774=VERTEX_POINT('',#7775);
#7775=CARTESIAN_POINT('',(4.052126914578,1.86,0.265689255127));
#7776=CIRCLE('',#7777,0.14);
#7777=AXIS2_PLACEMENT_3D('',#7756,#182,#190);
#7778=ORIENTED_EDGE('',*,*,#7779,.T.);
#7779=EDGE_CURVE('',#7774,#7780,#7782,.T.);
#7780=VERTEX_POINT('',#7781);
#7781=CARTESIAN_POINT('',(3.987132399716,1.86,0.668412044417));
#7782=LINE('',#7775,#7508);
#7783=ORIENTED_EDGE('',*,*,#7784,.T.);
#7784=EDGE_CURVE('',#7780,#7785,#7786,.T.);
#7785=VERTEX_POINT('',#7731);
#7786=CIRCLE('',#7787,0.25);
#7787=AXIS2_PLACEMENT_3D('',#7744,#154,#7514);
#7788=ORIENTED_EDGE('',*,*,#7789,.T.);
#7789=EDGE_CURVE('',#7785,#3449,#7730,.T.);
#7790=PLANE('',#7791);
#7791=AXIS2_PLACEMENT_3D('',#7792,#154,#13);
#7792=CARTESIAN_POINT('',(3.931684054297,1.86,0.450095127207));
#7793=ADVANCED_FACE('',(#7794),#7808,.F.);
#7794=FACE_BOUND('',#7795,.F.);
#7795=EDGE_LOOP('',(#7796,#7797,#7804,#7807));
#7796=ORIENTED_EDGE('',*,*,#3472,.T.);
#7797=ORIENTED_EDGE('',*,*,#7798,.T.);
#7798=EDGE_CURVE('',#3467,#7799,#7801,.T.);
#7799=VERTEX_POINT('',#7800);
#7800=CARTESIAN_POINT('',(3.839411236764,1.64,0.642364817767));
#7801=CIRCLE('',#7802,1.E-01);
#7802=AXIS2_PLACEMENT_3D('',#7803,#182,#13);
#7803=CARTESIAN_POINT('',(3.740930461463,1.64,0.625));
#7804=ORIENTED_EDGE('',*,*,#7805,.F.);
#7805=EDGE_CURVE('',#7740,#7799,#7806,.T.);
#7806=LINE('',#7741,#153);
#7807=ORIENTED_EDGE('',*,*,#7739,.F.);
#7808=CYLINDRICAL_SURFACE('',#7743,1.E-01);
#7809=ADVANCED_FACE('',(#7810),#7859,.T.);
#7810=FACE_BOUND('',#7811,.T.);
#7811=EDGE_LOOP('',(#3479,#3465,#7797,#7812,#7817,#7824,#7829,#7834,#7839,#7845,#7850,#7856));
#7812=ORIENTED_EDGE('',*,*,#7813,.T.);
#7813=EDGE_CURVE('',#7799,#7814,#7816,.T.);
#7814=VERTEX_POINT('',#7815);
#7815=CARTESIAN_POINT('',(3.904405751626,1.64,0.239642028477));
#7816=LINE('',#7800,#7472);
#7817=ORIENTED_EDGE('',*,*,#7818,.T.);
#7818=EDGE_CURVE('',#7814,#7819,#7821,.T.);
#7819=VERTEX_POINT('',#7820);
#7820=CARTESIAN_POINT('',(4.19,1.64,-2.22044604925E-16));
#7821=CIRCLE('',#7822,0.29);
#7822=AXIS2_PLACEMENT_3D('',#7823,#154,#7481);
#7823=CARTESIAN_POINT('',(4.19,1.64,0.29));
#7824=ORIENTED_EDGE('',*,*,#7825,.T.);
#7825=EDGE_CURVE('',#7819,#7826,#7828,.T.);
#7826=VERTEX_POINT('',#7827);
#7827=CARTESIAN_POINT('',(4.5,1.64,-2.22044604925E-16));
#7828=LINE('',#7820,#27);
#7829=ORIENTED_EDGE('',*,*,#7830,.T.);
#7830=EDGE_CURVE('',#7826,#7831,#7833,.T.);
#7831=VERTEX_POINT('',#7832);
#7832=CARTESIAN_POINT('',(4.5,1.64,0.15));
#7833=LINE('',#7827,#220);
#7834=ORIENTED_EDGE('',*,*,#7835,.T.);
#7835=EDGE_CURVE('',#7831,#7836,#7838,.T.);
#7836=VERTEX_POINT('',#7837);
#7837=CARTESIAN_POINT('',(4.19,1.64,0.15));
#7838=LINE('',#7832,#167);
#7839=ORIENTED_EDGE('',*,*,#7840,.T.);
#7840=EDGE_CURVE('',#7836,#7841,#7843,.T.);
#7841=VERTEX_POINT('',#7842);
#7842=CARTESIAN_POINT('',(4.052126914578,1.64,0.265689255127));
#7843=CIRCLE('',#7844,0.14);
#7844=AXIS2_PLACEMENT_3D('',#7823,#182,#190);
#7845=ORIENTED_EDGE('',*,*,#7846,.T.);
#7846=EDGE_CURVE('',#7841,#7847,#7849,.T.);
#7847=VERTEX_POINT('',#7848);
#7848=CARTESIAN_POINT('',(3.987132399716,1.64,0.668412044417));
#7849=LINE('',#7842,#7508);
#7850=ORIENTED_EDGE('',*,*,#7851,.T.);
#7851=EDGE_CURVE('',#7847,#7852,#7854,.T.);
#7852=VERTEX_POINT('',#7853);
#7853=CARTESIAN_POINT('',(3.740930461463,1.64,0.875));
#7854=CIRCLE('',#7855,0.25);
#7855=AXIS2_PLACEMENT_3D('',#7803,#154,#7514);
#7856=ORIENTED_EDGE('',*,*,#7857,.T.);
#7857=EDGE_CURVE('',#7852,#3481,#7858,.T.);
#7858=LINE('',#7853,#167);
#7859=PLANE('',#7860);
#7860=AXIS2_PLACEMENT_3D('',#7861,#154,#13);
#7861=CARTESIAN_POINT('',(3.931684054297,1.64,0.450095127207));
#7862=ADVANCED_FACE('',(#7863),#1122,.F.);
#7863=FACE_BOUND('',#7864,.F.);
#7864=EDGE_LOOP('',(#7865,#7867,#7868,#7872));
#7865=ORIENTED_EDGE('',*,*,#7866,.F.);
#7866=EDGE_CURVE('',#3481,#5656,#7858,.T.);
#7867=ORIENTED_EDGE('',*,*,#3493,.T.);
#7868=ORIENTED_EDGE('',*,*,#7869,.T.);
#7869=EDGE_CURVE('',#3488,#5660,#7870,.T.);
#7870=LINE('',#7871,#167);
#7871=CARTESIAN_POINT('',(3.740930461463,1.36,0.875));
#7872=ORIENTED_EDGE('',*,*,#5659,.F.);
#7873=ADVANCED_FACE('',(#7874),#7930,.F.);
#7874=FACE_BOUND('',#7875,.F.);
#7875=EDGE_LOOP('',(#7876,#7877,#7878,#7885,#7890,#7897,#7902,#7907,#7912,#7918,#7923,#7928));
#7876=ORIENTED_EDGE('',*,*,#3487,.F.);
#7877=ORIENTED_EDGE('',*,*,#3498,.T.);
#7878=ORIENTED_EDGE('',*,*,#7879,.T.);
#7879=EDGE_CURVE('',#3499,#7880,#7882,.T.);
#7880=VERTEX_POINT('',#7881);
#7881=CARTESIAN_POINT('',(3.839411236764,1.36,0.642364817767));
#7882=CIRCLE('',#7883,1.E-01);
#7883=AXIS2_PLACEMENT_3D('',#7884,#182,#13);
#7884=CARTESIAN_POINT('',(3.740930461463,1.36,0.625));
#7885=ORIENTED_EDGE('',*,*,#7886,.T.);
#7886=EDGE_CURVE('',#7880,#7887,#7889,.T.);
#7887=VERTEX_POINT('',#7888);
#7888=CARTESIAN_POINT('',(3.904405751626,1.36,0.239642028477));
#7889=LINE('',#7881,#7472);
#7890=ORIENTED_EDGE('',*,*,#7891,.T.);
#7891=EDGE_CURVE('',#7887,#7892,#7894,.T.);
#7892=VERTEX_POINT('',#7893);
#7893=CARTESIAN_POINT('',(4.19,1.36,-2.22044604925E-16));
#7894=CIRCLE('',#7895,0.29);
#7895=AXIS2_PLACEMENT_3D('',#7896,#154,#7481);
#7896=CARTESIAN_POINT('',(4.19,1.36,0.29));
#7897=ORIENTED_EDGE('',*,*,#7898,.T.);
#7898=EDGE_CURVE('',#7892,#7899,#7901,.T.);
#7899=VERTEX_POINT('',#7900);
#7900=CARTESIAN_POINT('',(4.5,1.36,-2.22044604925E-16));
#7901=LINE('',#7893,#27);
#7902=ORIENTED_EDGE('',*,*,#7903,.T.);
#7903=EDGE_CURVE('',#7899,#7904,#7906,.T.);
#7904=VERTEX_POINT('',#7905);
#7905=CARTESIAN_POINT('',(4.5,1.36,0.15));
#7906=LINE('',#7900,#220);
#7907=ORIENTED_EDGE('',*,*,#7908,.T.);
#7908=EDGE_CURVE('',#7904,#7909,#7911,.T.);
#7909=VERTEX_POINT('',#7910);
#7910=CARTESIAN_POINT('',(4.19,1.36,0.15));
#7911=LINE('',#7905,#167);
#7912=ORIENTED_EDGE('',*,*,#7913,.T.);
#7913=EDGE_CURVE('',#7909,#7914,#7916,.T.);
#7914=VERTEX_POINT('',#7915);
#7915=CARTESIAN_POINT('',(4.052126914578,1.36,0.265689255127));
#7916=CIRCLE('',#7917,0.14);
#7917=AXIS2_PLACEMENT_3D('',#7896,#182,#190);
#7918=ORIENTED_EDGE('',*,*,#7919,.T.);
#7919=EDGE_CURVE('',#7914,#7920,#7922,.T.);
#7920=VERTEX_POINT('',#7921);
#7921=CARTESIAN_POINT('',(3.987132399716,1.36,0.668412044417));
#7922=LINE('',#7915,#7508);
#7923=ORIENTED_EDGE('',*,*,#7924,.T.);
#7924=EDGE_CURVE('',#7920,#7925,#7926,.T.);
#7925=VERTEX_POINT('',#7871);
#7926=CIRCLE('',#7927,0.25);
#7927=AXIS2_PLACEMENT_3D('',#7884,#154,#7514);
#7928=ORIENTED_EDGE('',*,*,#7929,.T.);
#7929=EDGE_CURVE('',#7925,#3488,#7870,.T.);
#7930=PLANE('',#7931);
#7931=AXIS2_PLACEMENT_3D('',#7932,#154,#13);
#7932=CARTESIAN_POINT('',(3.931684054297,1.36,0.450095127207));
#7933=ADVANCED_FACE('',(#7934),#7948,.F.);
#7934=FACE_BOUND('',#7935,.F.);
#7935=EDGE_LOOP('',(#7936,#7937,#7944,#7947));
#7936=ORIENTED_EDGE('',*,*,#3511,.T.);
#7937=ORIENTED_EDGE('',*,*,#7938,.T.);
#7938=EDGE_CURVE('',#3506,#7939,#7941,.T.);
#7939=VERTEX_POINT('',#7940);
#7940=CARTESIAN_POINT('',(3.839411236764,1.14,0.642364817767));
#7941=CIRCLE('',#7942,1.E-01);
#7942=AXIS2_PLACEMENT_3D('',#7943,#182,#13);
#7943=CARTESIAN_POINT('',(3.740930461463,1.14,0.625));
#7944=ORIENTED_EDGE('',*,*,#7945,.F.);
#7945=EDGE_CURVE('',#7880,#7939,#7946,.T.);
#7946=LINE('',#7881,#153);
#7947=ORIENTED_EDGE('',*,*,#7879,.F.);
#7948=CYLINDRICAL_SURFACE('',#7883,1.E-01);
#7949=ADVANCED_FACE('',(#7950),#7999,.T.);
#7950=FACE_BOUND('',#7951,.T.);
#7951=EDGE_LOOP('',(#3518,#3504,#7937,#7952,#7957,#7964,#7969,#7974,#7979,#7985,#7990,#7996));
#7952=ORIENTED_EDGE('',*,*,#7953,.T.);
#7953=EDGE_CURVE('',#7939,#7954,#7956,.T.);
#7954=VERTEX_POINT('',#7955);
#7955=CARTESIAN_POINT('',(3.904405751626,1.14,0.239642028477));
#7956=LINE('',#7940,#7472);
#7957=ORIENTED_EDGE('',*,*,#7958,.T.);
#7958=EDGE_CURVE('',#7954,#7959,#7961,.T.);
#7959=VERTEX_POINT('',#7960);
#7960=CARTESIAN_POINT('',(4.19,1.14,-2.22044604925E-16));
#7961=CIRCLE('',#7962,0.29);
#7962=AXIS2_PLACEMENT_3D('',#7963,#154,#7481);
#7963=CARTESIAN_POINT('',(4.19,1.14,0.29));
#7964=ORIENTED_EDGE('',*,*,#7965,.T.);
#7965=EDGE_CURVE('',#7959,#7966,#7968,.T.);
#7966=VERTEX_POINT('',#7967);
#7967=CARTESIAN_POINT('',(4.5,1.14,-2.22044604925E-16));
#7968=LINE('',#7960,#27);
#7969=ORIENTED_EDGE('',*,*,#7970,.T.);
#7970=EDGE_CURVE('',#7966,#7971,#7973,.T.);
#7971=VERTEX_POINT('',#7972);
#7972=CARTESIAN_POINT('',(4.5,1.14,0.15));
#7973=LINE('',#7967,#220);
#7974=ORIENTED_EDGE('',*,*,#7975,.T.);
#7975=EDGE_CURVE('',#7971,#7976,#7978,.T.);
#7976=VERTEX_POINT('',#7977);
#7977=CARTESIAN_POINT('',(4.19,1.14,0.15));
#7978=LINE('',#7972,#167);
#7979=ORIENTED_EDGE('',*,*,#7980,.T.);
#7980=EDGE_CURVE('',#7976,#7981,#7983,.T.);
#7981=VERTEX_POINT('',#7982);
#7982=CARTESIAN_POINT('',(4.052126914578,1.14,0.265689255127));
#7983=CIRCLE('',#7984,0.14);
#7984=AXIS2_PLACEMENT_3D('',#7963,#182,#190);
#7985=ORIENTED_EDGE('',*,*,#7986,.T.);
#7986=EDGE_CURVE('',#7981,#7987,#7989,.T.);
#7987=VERTEX_POINT('',#7988);
#7988=CARTESIAN_POINT('',(3.987132399716,1.14,0.668412044417));
#7989=LINE('',#7982,#7508);
#7990=ORIENTED_EDGE('',*,*,#7991,.T.);
#7991=EDGE_CURVE('',#7987,#7992,#7994,.T.);
#7992=VERTEX_POINT('',#7993);
#7993=CARTESIAN_POINT('',(3.740930461463,1.14,0.875));
#7994=CIRCLE('',#7995,0.25);
#7995=AXIS2_PLACEMENT_3D('',#7943,#154,#7514);
#7996=ORIENTED_EDGE('',*,*,#7997,.T.);
#7997=EDGE_CURVE('',#7992,#3520,#7998,.T.);
#7998=LINE('',#7993,#167);
#7999=PLANE('',#8000);
#8000=AXIS2_PLACEMENT_3D('',#8001,#154,#13);
#8001=CARTESIAN_POINT('',(3.931684054297,1.14,0.450095127207));
#8002=ADVANCED_FACE('',(#8003),#1122,.F.);
#8003=FACE_BOUND('',#8004,.F.);
#8004=EDGE_LOOP('',(#8005,#8007,#8008,#8012));
#8005=ORIENTED_EDGE('',*,*,#8006,.F.);
#8006=EDGE_CURVE('',#3520,#5664,#7998,.T.);
#8007=ORIENTED_EDGE('',*,*,#3532,.T.);
#8008=ORIENTED_EDGE('',*,*,#8009,.T.);
#8009=EDGE_CURVE('',#3527,#5668,#8010,.T.);
#8010=LINE('',#8011,#167);
#8011=CARTESIAN_POINT('',(3.740930461463,0.86,0.875));
#8012=ORIENTED_EDGE('',*,*,#5667,.F.);
#8013=ADVANCED_FACE('',(#8014),#8070,.F.);
#8014=FACE_BOUND('',#8015,.F.);
#8015=EDGE_LOOP('',(#8016,#8017,#8018,#8025,#8030,#8037,#8042,#8047,#8052,#8058,#8063,#8068));
#8016=ORIENTED_EDGE('',*,*,#3526,.F.);
#8017=ORIENTED_EDGE('',*,*,#3537,.T.);
#8018=ORIENTED_EDGE('',*,*,#8019,.T.);
#8019=EDGE_CURVE('',#3538,#8020,#8022,.T.);
#8020=VERTEX_POINT('',#8021);
#8021=CARTESIAN_POINT('',(3.839411236764,0.86,0.642364817767));
#8022=CIRCLE('',#8023,1.E-01);
#8023=AXIS2_PLACEMENT_3D('',#8024,#182,#13);
#8024=CARTESIAN_POINT('',(3.740930461463,0.86,0.625));
#8025=ORIENTED_EDGE('',*,*,#8026,.T.);
#8026=EDGE_CURVE('',#8020,#8027,#8029,.T.);
#8027=VERTEX_POINT('',#8028);
#8028=CARTESIAN_POINT('',(3.904405751626,0.86,0.239642028477));
#8029=LINE('',#8021,#7472);
#8030=ORIENTED_EDGE('',*,*,#8031,.T.);
#8031=EDGE_CURVE('',#8027,#8032,#8034,.T.);
#8032=VERTEX_POINT('',#8033);
#8033=CARTESIAN_POINT('',(4.19,0.86,-2.22044604925E-16));
#8034=CIRCLE('',#8035,0.29);
#8035=AXIS2_PLACEMENT_3D('',#8036,#154,#7481);
#8036=CARTESIAN_POINT('',(4.19,0.86,0.29));
#8037=ORIENTED_EDGE('',*,*,#8038,.T.);
#8038=EDGE_CURVE('',#8032,#8039,#8041,.T.);
#8039=VERTEX_POINT('',#8040);
#8040=CARTESIAN_POINT('',(4.5,0.86,-2.22044604925E-16));
#8041=LINE('',#8033,#27);
#8042=ORIENTED_EDGE('',*,*,#8043,.T.);
#8043=EDGE_CURVE('',#8039,#8044,#8046,.T.);
#8044=VERTEX_POINT('',#8045);
#8045=CARTESIAN_POINT('',(4.5,0.86,0.15));
#8046=LINE('',#8040,#220);
#8047=ORIENTED_EDGE('',*,*,#8048,.T.);
#8048=EDGE_CURVE('',#8044,#8049,#8051,.T.);
#8049=VERTEX_POINT('',#8050);
#8050=CARTESIAN_POINT('',(4.19,0.86,0.15));
#8051=LINE('',#8045,#167);
#8052=ORIENTED_EDGE('',*,*,#8053,.T.);
#8053=EDGE_CURVE('',#8049,#8054,#8056,.T.);
#8054=VERTEX_POINT('',#8055);
#8055=CARTESIAN_POINT('',(4.052126914578,0.86,0.265689255127));
#8056=CIRCLE('',#8057,0.14);
#8057=AXIS2_PLACEMENT_3D('',#8036,#182,#190);
#8058=ORIENTED_EDGE('',*,*,#8059,.T.);
#8059=EDGE_CURVE('',#8054,#8060,#8062,.T.);
#8060=VERTEX_POINT('',#8061);
#8061=CARTESIAN_POINT('',(3.987132399716,0.86,0.668412044417));
#8062=LINE('',#8055,#7508);
#8063=ORIENTED_EDGE('',*,*,#8064,.T.);
#8064=EDGE_CURVE('',#8060,#8065,#8066,.T.);
#8065=VERTEX_POINT('',#8011);
#8066=CIRCLE('',#8067,0.25);
#8067=AXIS2_PLACEMENT_3D('',#8024,#154,#7514);
#8068=ORIENTED_EDGE('',*,*,#8069,.T.);
#8069=EDGE_CURVE('',#8065,#3527,#8010,.T.);
#8070=PLANE('',#8071);
#8071=AXIS2_PLACEMENT_3D('',#8072,#154,#13);
#8072=CARTESIAN_POINT('',(3.931684054297,0.86,0.450095127207));
#8073=ADVANCED_FACE('',(#8074),#8088,.F.);
#8074=FACE_BOUND('',#8075,.F.);
#8075=EDGE_LOOP('',(#8076,#8077,#8084,#8087));
#8076=ORIENTED_EDGE('',*,*,#3550,.T.);
#8077=ORIENTED_EDGE('',*,*,#8078,.T.);
#8078=EDGE_CURVE('',#3545,#8079,#8081,.T.);
#8079=VERTEX_POINT('',#8080);
#8080=CARTESIAN_POINT('',(3.839411236764,0.64,0.642364817767));
#8081=CIRCLE('',#8082,1.E-01);
#8082=AXIS2_PLACEMENT_3D('',#8083,#182,#13);
#8083=CARTESIAN_POINT('',(3.740930461463,0.64,0.625));
#8084=ORIENTED_EDGE('',*,*,#8085,.F.);
#8085=EDGE_CURVE('',#8020,#8079,#8086,.T.);
#8086=LINE('',#8021,#153);
#8087=ORIENTED_EDGE('',*,*,#8019,.F.);
#8088=CYLINDRICAL_SURFACE('',#8023,1.E-01);
#8089=ADVANCED_FACE('',(#8090),#8139,.T.);
#8090=FACE_BOUND('',#8091,.T.);
#8091=EDGE_LOOP('',(#3557,#3543,#8077,#8092,#8097,#8104,#8109,#8114,#8119,#8125,#8130,#8136));
#8092=ORIENTED_EDGE('',*,*,#8093,.T.);
#8093=EDGE_CURVE('',#8079,#8094,#8096,.T.);
#8094=VERTEX_POINT('',#8095);
#8095=CARTESIAN_POINT('',(3.904405751626,0.64,0.239642028477));
#8096=LINE('',#8080,#7472);
#8097=ORIENTED_EDGE('',*,*,#8098,.T.);
#8098=EDGE_CURVE('',#8094,#8099,#8101,.T.);
#8099=VERTEX_POINT('',#8100);
#8100=CARTESIAN_POINT('',(4.19,0.64,-2.22044604925E-16));
#8101=CIRCLE('',#8102,0.29);
#8102=AXIS2_PLACEMENT_3D('',#8103,#154,#7481);
#8103=CARTESIAN_POINT('',(4.19,0.64,0.29));
#8104=ORIENTED_EDGE('',*,*,#8105,.T.);
#8105=EDGE_CURVE('',#8099,#8106,#8108,.T.);
#8106=VERTEX_POINT('',#8107);
#8107=CARTESIAN_POINT('',(4.5,0.64,-2.22044604925E-16));
#8108=LINE('',#8100,#27);
#8109=ORIENTED_EDGE('',*,*,#8110,.T.);
#8110=EDGE_CURVE('',#8106,#8111,#8113,.T.);
#8111=VERTEX_POINT('',#8112);
#8112=CARTESIAN_POINT('',(4.5,0.64,0.15));
#8113=LINE('',#8107,#220);
#8114=ORIENTED_EDGE('',*,*,#8115,.T.);
#8115=EDGE_CURVE('',#8111,#8116,#8118,.T.);
#8116=VERTEX_POINT('',#8117);
#8117=CARTESIAN_POINT('',(4.19,0.64,0.15));
#8118=LINE('',#8112,#167);
#8119=ORIENTED_EDGE('',*,*,#8120,.T.);
#8120=EDGE_CURVE('',#8116,#8121,#8123,.T.);
#8121=VERTEX_POINT('',#8122);
#8122=CARTESIAN_POINT('',(4.052126914578,0.64,0.265689255127));
#8123=CIRCLE('',#8124,0.14);
#8124=AXIS2_PLACEMENT_3D('',#8103,#182,#190);
#8125=ORIENTED_EDGE('',*,*,#8126,.T.);
#8126=EDGE_CURVE('',#8121,#8127,#8129,.T.);
#8127=VERTEX_POINT('',#8128);
#8128=CARTESIAN_POINT('',(3.987132399716,0.64,0.668412044417));
#8129=LINE('',#8122,#7508);
#8130=ORIENTED_EDGE('',*,*,#8131,.T.);
#8131=EDGE_CURVE('',#8127,#8132,#8134,.T.);
#8132=VERTEX_POINT('',#8133);
#8133=CARTESIAN_POINT('',(3.740930461463,0.64,0.875));
#8134=CIRCLE('',#8135,0.25);
#8135=AXIS2_PLACEMENT_3D('',#8083,#154,#7514);
#8136=ORIENTED_EDGE('',*,*,#8137,.T.);
#8137=EDGE_CURVE('',#8132,#3559,#8138,.T.);
#8138=LINE('',#8133,#167);
#8139=PLANE('',#8140);
#8140=AXIS2_PLACEMENT_3D('',#8141,#154,#13);
#8141=CARTESIAN_POINT('',(3.931684054297,0.64,0.450095127207));
#8142=ADVANCED_FACE('',(#8143),#1122,.F.);
#8143=FACE_BOUND('',#8144,.F.);
#8144=EDGE_LOOP('',(#8145,#8147,#8148,#8152));
#8145=ORIENTED_EDGE('',*,*,#8146,.F.);
#8146=EDGE_CURVE('',#3559,#5672,#8138,.T.);
#8147=ORIENTED_EDGE('',*,*,#3571,.T.);
#8148=ORIENTED_EDGE('',*,*,#8149,.T.);
#8149=EDGE_CURVE('',#3566,#5676,#8150,.T.);
#8150=LINE('',#8151,#167);
#8151=CARTESIAN_POINT('',(3.740930461463,0.36,0.875));
#8152=ORIENTED_EDGE('',*,*,#5675,.F.);
#8153=ADVANCED_FACE('',(#8154),#8210,.F.);
#8154=FACE_BOUND('',#8155,.F.);
#8155=EDGE_LOOP('',(#8156,#8157,#8158,#8165,#8170,#8177,#8182,#8187,#8192,#8198,#8203,#8208));
#8156=ORIENTED_EDGE('',*,*,#3565,.F.);
#8157=ORIENTED_EDGE('',*,*,#3576,.T.);
#8158=ORIENTED_EDGE('',*,*,#8159,.T.);
#8159=EDGE_CURVE('',#3577,#8160,#8162,.T.);
#8160=VERTEX_POINT('',#8161);
#8161=CARTESIAN_POINT('',(3.839411236764,0.36,0.642364817767));
#8162=CIRCLE('',#8163,1.E-01);
#8163=AXIS2_PLACEMENT_3D('',#8164,#182,#13);
#8164=CARTESIAN_POINT('',(3.740930461463,0.36,0.625));
#8165=ORIENTED_EDGE('',*,*,#8166,.T.);
#8166=EDGE_CURVE('',#8160,#8167,#8169,.T.);
#8167=VERTEX_POINT('',#8168);
#8168=CARTESIAN_POINT('',(3.904405751626,0.36,0.239642028477));
#8169=LINE('',#8161,#7472);
#8170=ORIENTED_EDGE('',*,*,#8171,.T.);
#8171=EDGE_CURVE('',#8167,#8172,#8174,.T.);
#8172=VERTEX_POINT('',#8173);
#8173=CARTESIAN_POINT('',(4.19,0.36,-2.22044604925E-16));
#8174=CIRCLE('',#8175,0.29);
#8175=AXIS2_PLACEMENT_3D('',#8176,#154,#7481);
#8176=CARTESIAN_POINT('',(4.19,0.36,0.29));
#8177=ORIENTED_EDGE('',*,*,#8178,.T.);
#8178=EDGE_CURVE('',#8172,#8179,#8181,.T.);
#8179=VERTEX_POINT('',#8180);
#8180=CARTESIAN_POINT('',(4.5,0.36,-2.22044604925E-16));
#8181=LINE('',#8173,#27);
#8182=ORIENTED_EDGE('',*,*,#8183,.T.);
#8183=EDGE_CURVE('',#8179,#8184,#8186,.T.);
#8184=VERTEX_POINT('',#8185);
#8185=CARTESIAN_POINT('',(4.5,0.36,0.15));
#8186=LINE('',#8180,#220);
#8187=ORIENTED_EDGE('',*,*,#8188,.T.);
#8188=EDGE_CURVE('',#8184,#8189,#8191,.T.);
#8189=VERTEX_POINT('',#8190);
#8190=CARTESIAN_POINT('',(4.19,0.36,0.15));
#8191=LINE('',#8185,#167);
#8192=ORIENTED_EDGE('',*,*,#8193,.T.);
#8193=EDGE_CURVE('',#8189,#8194,#8196,.T.);
#8194=VERTEX_POINT('',#8195);
#8195=CARTESIAN_POINT('',(4.052126914578,0.36,0.265689255127));
#8196=CIRCLE('',#8197,0.14);
#8197=AXIS2_PLACEMENT_3D('',#8176,#182,#190);
#8198=ORIENTED_EDGE('',*,*,#8199,.T.);
#8199=EDGE_CURVE('',#8194,#8200,#8202,.T.);
#8200=VERTEX_POINT('',#8201);
#8201=CARTESIAN_POINT('',(3.987132399716,0.36,0.668412044417));
#8202=LINE('',#8195,#7508);
#8203=ORIENTED_EDGE('',*,*,#8204,.T.);
#8204=EDGE_CURVE('',#8200,#8205,#8206,.T.);
#8205=VERTEX_POINT('',#8151);
#8206=CIRCLE('',#8207,0.25);
#8207=AXIS2_PLACEMENT_3D('',#8164,#154,#7514);
#8208=ORIENTED_EDGE('',*,*,#8209,.T.);
#8209=EDGE_CURVE('',#8205,#3566,#8150,.T.);
#8210=PLANE('',#8211);
#8211=AXIS2_PLACEMENT_3D('',#8212,#154,#13);
#8212=CARTESIAN_POINT('',(3.931684054297,0.36,0.450095127207));
#8213=ADVANCED_FACE('',(#8214),#8228,.F.);
#8214=FACE_BOUND('',#8215,.F.);
#8215=EDGE_LOOP('',(#8216,#8217,#8224,#8227));
#8216=ORIENTED_EDGE('',*,*,#3589,.T.);
#8217=ORIENTED_EDGE('',*,*,#8218,.T.);
#8218=EDGE_CURVE('',#3584,#8219,#8221,.T.);
#8219=VERTEX_POINT('',#8220);
#8220=CARTESIAN_POINT('',(3.839411236764,0.14,0.642364817767));
#8221=CIRCLE('',#8222,1.E-01);
#8222=AXIS2_PLACEMENT_3D('',#8223,#182,#13);
#8223=CARTESIAN_POINT('',(3.740930461463,0.14,0.625));
#8224=ORIENTED_EDGE('',*,*,#8225,.F.);
#8225=EDGE_CURVE('',#8160,#8219,#8226,.T.);
#8226=LINE('',#8161,#153);
#8227=ORIENTED_EDGE('',*,*,#8159,.F.);
#8228=CYLINDRICAL_SURFACE('',#8163,1.E-01);
#8229=ADVANCED_FACE('',(#8230),#8279,.T.);
#8230=FACE_BOUND('',#8231,.T.);
#8231=EDGE_LOOP('',(#3596,#3582,#8217,#8232,#8237,#8244,#8249,#8254,#8259,#8265,#8270,#8276));
#8232=ORIENTED_EDGE('',*,*,#8233,.T.);
#8233=EDGE_CURVE('',#8219,#8234,#8236,.T.);
#8234=VERTEX_POINT('',#8235);
#8235=CARTESIAN_POINT('',(3.904405751626,0.14,0.239642028477));
#8236=LINE('',#8220,#7472);
#8237=ORIENTED_EDGE('',*,*,#8238,.T.);
#8238=EDGE_CURVE('',#8234,#8239,#8241,.T.);
#8239=VERTEX_POINT('',#8240);
#8240=CARTESIAN_POINT('',(4.19,0.14,-2.22044604925E-16));
#8241=CIRCLE('',#8242,0.29);
#8242=AXIS2_PLACEMENT_3D('',#8243,#154,#7481);
#8243=CARTESIAN_POINT('',(4.19,0.14,0.29));
#8244=ORIENTED_EDGE('',*,*,#8245,.T.);
#8245=EDGE_CURVE('',#8239,#8246,#8248,.T.);
#8246=VERTEX_POINT('',#8247);
#8247=CARTESIAN_POINT('',(4.5,0.14,-2.22044604925E-16));
#8248=LINE('',#8240,#27);
#8249=ORIENTED_EDGE('',*,*,#8250,.T.);
#8250=EDGE_CURVE('',#8246,#8251,#8253,.T.);
#8251=VERTEX_POINT('',#8252);
#8252=CARTESIAN_POINT('',(4.5,0.14,0.15));
#8253=LINE('',#8247,#220);
#8254=ORIENTED_EDGE('',*,*,#8255,.T.);
#8255=EDGE_CURVE('',#8251,#8256,#8258,.T.);
#8256=VERTEX_POINT('',#8257);
#8257=CARTESIAN_POINT('',(4.19,0.14,0.15));
#8258=LINE('',#8252,#167);
#8259=ORIENTED_EDGE('',*,*,#8260,.T.);
#8260=EDGE_CURVE('',#8256,#8261,#8263,.T.);
#8261=VERTEX_POINT('',#8262);
#8262=CARTESIAN_POINT('',(4.052126914578,0.14,0.265689255127));
#8263=CIRCLE('',#8264,0.14);
#8264=AXIS2_PLACEMENT_3D('',#8243,#182,#190);
#8265=ORIENTED_EDGE('',*,*,#8266,.T.);
#8266=EDGE_CURVE('',#8261,#8267,#8269,.T.);
#8267=VERTEX_POINT('',#8268);
#8268=CARTESIAN_POINT('',(3.987132399716,0.14,0.668412044417));
#8269=LINE('',#8262,#7508);
#8270=ORIENTED_EDGE('',*,*,#8271,.T.);
#8271=EDGE_CURVE('',#8267,#8272,#8274,.T.);
#8272=VERTEX_POINT('',#8273);
#8273=CARTESIAN_POINT('',(3.740930461463,0.14,0.875));
#8274=CIRCLE('',#8275,0.25);
#8275=AXIS2_PLACEMENT_3D('',#8223,#154,#7514);
#8276=ORIENTED_EDGE('',*,*,#8277,.T.);
#8277=EDGE_CURVE('',#8272,#3598,#8278,.T.);
#8278=LINE('',#8273,#167);
#8279=PLANE('',#8280);
#8280=AXIS2_PLACEMENT_3D('',#8281,#154,#13);
#8281=CARTESIAN_POINT('',(3.931684054297,0.14,0.450095127207));
#8282=ADVANCED_FACE('',(#8283),#1122,.F.);
#8283=FACE_BOUND('',#8284,.F.);
#8284=EDGE_LOOP('',(#8285,#8287,#8288,#8292));
#8285=ORIENTED_EDGE('',*,*,#8286,.F.);
#8286=EDGE_CURVE('',#3598,#5680,#8278,.T.);
#8287=ORIENTED_EDGE('',*,*,#3610,.T.);
#8288=ORIENTED_EDGE('',*,*,#8289,.T.);
#8289=EDGE_CURVE('',#3605,#5684,#8290,.T.);
#8290=LINE('',#8291,#167);
#8291=CARTESIAN_POINT('',(3.740930461463,-0.14,0.875));
#8292=ORIENTED_EDGE('',*,*,#5683,.F.);
#8293=ADVANCED_FACE('',(#8294),#8350,.F.);
#8294=FACE_BOUND('',#8295,.F.);
#8295=EDGE_LOOP('',(#8296,#8297,#8298,#8305,#8310,#8317,#8322,#8327,#8332,#8338,#8343,#8348));
#8296=ORIENTED_EDGE('',*,*,#3604,.F.);
#8297=ORIENTED_EDGE('',*,*,#3615,.T.);
#8298=ORIENTED_EDGE('',*,*,#8299,.T.);
#8299=EDGE_CURVE('',#3616,#8300,#8302,.T.);
#8300=VERTEX_POINT('',#8301);
#8301=CARTESIAN_POINT('',(3.839411236764,-0.14,0.642364817767));
#8302=CIRCLE('',#8303,1.E-01);
#8303=AXIS2_PLACEMENT_3D('',#8304,#182,#13);
#8304=CARTESIAN_POINT('',(3.740930461463,-0.14,0.625));
#8305=ORIENTED_EDGE('',*,*,#8306,.T.);
#8306=EDGE_CURVE('',#8300,#8307,#8309,.T.);
#8307=VERTEX_POINT('',#8308);
#8308=CARTESIAN_POINT('',(3.904405751626,-0.14,0.239642028477));
#8309=LINE('',#8301,#7472);
#8310=ORIENTED_EDGE('',*,*,#8311,.T.);
#8311=EDGE_CURVE('',#8307,#8312,#8314,.T.);
#8312=VERTEX_POINT('',#8313);
#8313=CARTESIAN_POINT('',(4.19,-0.14,-2.22044604925E-16));
#8314=CIRCLE('',#8315,0.29);
#8315=AXIS2_PLACEMENT_3D('',#8316,#154,#7481);
#8316=CARTESIAN_POINT('',(4.19,-0.14,0.29));
#8317=ORIENTED_EDGE('',*,*,#8318,.T.);
#8318=EDGE_CURVE('',#8312,#8319,#8321,.T.);
#8319=VERTEX_POINT('',#8320);
#8320=CARTESIAN_POINT('',(4.5,-0.14,-2.22044604925E-16));
#8321=LINE('',#8313,#27);
#8322=ORIENTED_EDGE('',*,*,#8323,.T.);
#8323=EDGE_CURVE('',#8319,#8324,#8326,.T.);
#8324=VERTEX_POINT('',#8325);
#8325=CARTESIAN_POINT('',(4.5,-0.14,0.15));
#8326=LINE('',#8320,#220);
#8327=ORIENTED_EDGE('',*,*,#8328,.T.);
#8328=EDGE_CURVE('',#8324,#8329,#8331,.T.);
#8329=VERTEX_POINT('',#8330);
#8330=CARTESIAN_POINT('',(4.19,-0.14,0.15));
#8331=LINE('',#8325,#167);
#8332=ORIENTED_EDGE('',*,*,#8333,.T.);
#8333=EDGE_CURVE('',#8329,#8334,#8336,.T.);
#8334=VERTEX_POINT('',#8335);
#8335=CARTESIAN_POINT('',(4.052126914578,-0.14,0.265689255127));
#8336=CIRCLE('',#8337,0.14);
#8337=AXIS2_PLACEMENT_3D('',#8316,#182,#190);
#8338=ORIENTED_EDGE('',*,*,#8339,.T.);
#8339=EDGE_CURVE('',#8334,#8340,#8342,.T.);
#8340=VERTEX_POINT('',#8341);
#8341=CARTESIAN_POINT('',(3.987132399716,-0.14,0.668412044417));
#8342=LINE('',#8335,#7508);
#8343=ORIENTED_EDGE('',*,*,#8344,.T.);
#8344=EDGE_CURVE('',#8340,#8345,#8346,.T.);
#8345=VERTEX_POINT('',#8291);
#8346=CIRCLE('',#8347,0.25);
#8347=AXIS2_PLACEMENT_3D('',#8304,#154,#7514);
#8348=ORIENTED_EDGE('',*,*,#8349,.T.);
#8349=EDGE_CURVE('',#8345,#3605,#8290,.T.);
#8350=PLANE('',#8351);
#8351=AXIS2_PLACEMENT_3D('',#8352,#154,#13);
#8352=CARTESIAN_POINT('',(3.931684054297,-0.14,0.450095127207));
#8353=ADVANCED_FACE('',(#8354),#8368,.F.);
#8354=FACE_BOUND('',#8355,.F.);
#8355=EDGE_LOOP('',(#8356,#8357,#8364,#8367));
#8356=ORIENTED_EDGE('',*,*,#3628,.T.);
#8357=ORIENTED_EDGE('',*,*,#8358,.T.);
#8358=EDGE_CURVE('',#3623,#8359,#8361,.T.);
#8359=VERTEX_POINT('',#8360);
#8360=CARTESIAN_POINT('',(3.839411236764,-0.36,0.642364817767));
#8361=CIRCLE('',#8362,1.E-01);
#8362=AXIS2_PLACEMENT_3D('',#8363,#182,#13);
#8363=CARTESIAN_POINT('',(3.740930461463,-0.36,0.625));
#8364=ORIENTED_EDGE('',*,*,#8365,.F.);
#8365=EDGE_CURVE('',#8300,#8359,#8366,.T.);
#8366=LINE('',#8301,#153);
#8367=ORIENTED_EDGE('',*,*,#8299,.F.);
#8368=CYLINDRICAL_SURFACE('',#8303,1.E-01);
#8369=ADVANCED_FACE('',(#8370),#8419,.T.);
#8370=FACE_BOUND('',#8371,.T.);
#8371=EDGE_LOOP('',(#3635,#3621,#8357,#8372,#8377,#8384,#8389,#8394,#8399,#8405,#8410,#8416));
#8372=ORIENTED_EDGE('',*,*,#8373,.T.);
#8373=EDGE_CURVE('',#8359,#8374,#8376,.T.);
#8374=VERTEX_POINT('',#8375);
#8375=CARTESIAN_POINT('',(3.904405751626,-0.36,0.239642028477));
#8376=LINE('',#8360,#7472);
#8377=ORIENTED_EDGE('',*,*,#8378,.T.);
#8378=EDGE_CURVE('',#8374,#8379,#8381,.T.);
#8379=VERTEX_POINT('',#8380);
#8380=CARTESIAN_POINT('',(4.19,-0.36,-2.22044604925E-16));
#8381=CIRCLE('',#8382,0.29);
#8382=AXIS2_PLACEMENT_3D('',#8383,#154,#7481);
#8383=CARTESIAN_POINT('',(4.19,-0.36,0.29));
#8384=ORIENTED_EDGE('',*,*,#8385,.T.);
#8385=EDGE_CURVE('',#8379,#8386,#8388,.T.);
#8386=VERTEX_POINT('',#8387);
#8387=CARTESIAN_POINT('',(4.5,-0.36,-2.22044604925E-16));
#8388=LINE('',#8380,#27);
#8389=ORIENTED_EDGE('',*,*,#8390,.T.);
#8390=EDGE_CURVE('',#8386,#8391,#8393,.T.);
#8391=VERTEX_POINT('',#8392);
#8392=CARTESIAN_POINT('',(4.5,-0.36,0.15));
#8393=LINE('',#8387,#220);
#8394=ORIENTED_EDGE('',*,*,#8395,.T.);
#8395=EDGE_CURVE('',#8391,#8396,#8398,.T.);
#8396=VERTEX_POINT('',#8397);
#8397=CARTESIAN_POINT('',(4.19,-0.36,0.15));
#8398=LINE('',#8392,#167);
#8399=ORIENTED_EDGE('',*,*,#8400,.T.);
#8400=EDGE_CURVE('',#8396,#8401,#8403,.T.);
#8401=VERTEX_POINT('',#8402);
#8402=CARTESIAN_POINT('',(4.052126914578,-0.36,0.265689255127));
#8403=CIRCLE('',#8404,0.14);
#8404=AXIS2_PLACEMENT_3D('',#8383,#182,#190);
#8405=ORIENTED_EDGE('',*,*,#8406,.T.);
#8406=EDGE_CURVE('',#8401,#8407,#8409,.T.);
#8407=VERTEX_POINT('',#8408);
#8408=CARTESIAN_POINT('',(3.987132399716,-0.36,0.668412044417));
#8409=LINE('',#8402,#7508);
#8410=ORIENTED_EDGE('',*,*,#8411,.T.);
#8411=EDGE_CURVE('',#8407,#8412,#8414,.T.);
#8412=VERTEX_POINT('',#8413);
#8413=CARTESIAN_POINT('',(3.740930461463,-0.36,0.875));
#8414=CIRCLE('',#8415,0.25);
#8415=AXIS2_PLACEMENT_3D('',#8363,#154,#7514);
#8416=ORIENTED_EDGE('',*,*,#8417,.T.);
#8417=EDGE_CURVE('',#8412,#3637,#8418,.T.);
#8418=LINE('',#8413,#167);
#8419=PLANE('',#8420);
#8420=AXIS2_PLACEMENT_3D('',#8421,#154,#13);
#8421=CARTESIAN_POINT('',(3.931684054297,-0.36,0.450095127207));
#8422=ADVANCED_FACE('',(#8423),#1122,.F.);
#8423=FACE_BOUND('',#8424,.F.);
#8424=EDGE_LOOP('',(#8425,#8427,#8428,#8432));
#8425=ORIENTED_EDGE('',*,*,#8426,.F.);
#8426=EDGE_CURVE('',#3637,#5688,#8418,.T.);
#8427=ORIENTED_EDGE('',*,*,#3649,.T.);
#8428=ORIENTED_EDGE('',*,*,#8429,.T.);
#8429=EDGE_CURVE('',#3644,#5692,#8430,.T.);
#8430=LINE('',#8431,#167);
#8431=CARTESIAN_POINT('',(3.740930461463,-0.64,0.875));
#8432=ORIENTED_EDGE('',*,*,#5691,.F.);
#8433=ADVANCED_FACE('',(#8434),#8490,.F.);
#8434=FACE_BOUND('',#8435,.F.);
#8435=EDGE_LOOP('',(#8436,#8437,#8438,#8445,#8450,#8457,#8462,#8467,#8472,#8478,#8483,#8488));
#8436=ORIENTED_EDGE('',*,*,#3643,.F.);
#8437=ORIENTED_EDGE('',*,*,#3654,.T.);
#8438=ORIENTED_EDGE('',*,*,#8439,.T.);
#8439=EDGE_CURVE('',#3655,#8440,#8442,.T.);
#8440=VERTEX_POINT('',#8441);
#8441=CARTESIAN_POINT('',(3.839411236764,-0.64,0.642364817767));
#8442=CIRCLE('',#8443,1.E-01);
#8443=AXIS2_PLACEMENT_3D('',#8444,#182,#13);
#8444=CARTESIAN_POINT('',(3.740930461463,-0.64,0.625));
#8445=ORIENTED_EDGE('',*,*,#8446,.T.);
#8446=EDGE_CURVE('',#8440,#8447,#8449,.T.);
#8447=VERTEX_POINT('',#8448);
#8448=CARTESIAN_POINT('',(3.904405751626,-0.64,0.239642028477));
#8449=LINE('',#8441,#7472);
#8450=ORIENTED_EDGE('',*,*,#8451,.T.);
#8451=EDGE_CURVE('',#8447,#8452,#8454,.T.);
#8452=VERTEX_POINT('',#8453);
#8453=CARTESIAN_POINT('',(4.19,-0.64,-2.22044604925E-16));
#8454=CIRCLE('',#8455,0.29);
#8455=AXIS2_PLACEMENT_3D('',#8456,#154,#7481);
#8456=CARTESIAN_POINT('',(4.19,-0.64,0.29));
#8457=ORIENTED_EDGE('',*,*,#8458,.T.);
#8458=EDGE_CURVE('',#8452,#8459,#8461,.T.);
#8459=VERTEX_POINT('',#8460);
#8460=CARTESIAN_POINT('',(4.5,-0.64,-2.22044604925E-16));
#8461=LINE('',#8453,#27);
#8462=ORIENTED_EDGE('',*,*,#8463,.T.);
#8463=EDGE_CURVE('',#8459,#8464,#8466,.T.);
#8464=VERTEX_POINT('',#8465);
#8465=CARTESIAN_POINT('',(4.5,-0.64,0.15));
#8466=LINE('',#8460,#220);
#8467=ORIENTED_EDGE('',*,*,#8468,.T.);
#8468=EDGE_CURVE('',#8464,#8469,#8471,.T.);
#8469=VERTEX_POINT('',#8470);
#8470=CARTESIAN_POINT('',(4.19,-0.64,0.15));
#8471=LINE('',#8465,#167);
#8472=ORIENTED_EDGE('',*,*,#8473,.T.);
#8473=EDGE_CURVE('',#8469,#8474,#8476,.T.);
#8474=VERTEX_POINT('',#8475);
#8475=CARTESIAN_POINT('',(4.052126914578,-0.64,0.265689255127));
#8476=CIRCLE('',#8477,0.14);
#8477=AXIS2_PLACEMENT_3D('',#8456,#182,#190);
#8478=ORIENTED_EDGE('',*,*,#8479,.T.);
#8479=EDGE_CURVE('',#8474,#8480,#8482,.T.);
#8480=VERTEX_POINT('',#8481);
#8481=CARTESIAN_POINT('',(3.987132399716,-0.64,0.668412044417));
#8482=LINE('',#8475,#7508);
#8483=ORIENTED_EDGE('',*,*,#8484,.T.);
#8484=EDGE_CURVE('',#8480,#8485,#8486,.T.);
#8485=VERTEX_POINT('',#8431);
#8486=CIRCLE('',#8487,0.25);
#8487=AXIS2_PLACEMENT_3D('',#8444,#154,#7514);
#8488=ORIENTED_EDGE('',*,*,#8489,.T.);
#8489=EDGE_CURVE('',#8485,#3644,#8430,.T.);
#8490=PLANE('',#8491);
#8491=AXIS2_PLACEMENT_3D('',#8492,#154,#13);
#8492=CARTESIAN_POINT('',(3.931684054297,-0.64,0.450095127207));
#8493=ADVANCED_FACE('',(#8494),#8508,.F.);
#8494=FACE_BOUND('',#8495,.F.);
#8495=EDGE_LOOP('',(#8496,#8497,#8504,#8507));
#8496=ORIENTED_EDGE('',*,*,#3667,.T.);
#8497=ORIENTED_EDGE('',*,*,#8498,.T.);
#8498=EDGE_CURVE('',#3662,#8499,#8501,.T.);
#8499=VERTEX_POINT('',#8500);
#8500=CARTESIAN_POINT('',(3.839411236764,-0.86,0.642364817767));
#8501=CIRCLE('',#8502,1.E-01);
#8502=AXIS2_PLACEMENT_3D('',#8503,#182,#13);
#8503=CARTESIAN_POINT('',(3.740930461463,-0.86,0.625));
#8504=ORIENTED_EDGE('',*,*,#8505,.F.);
#8505=EDGE_CURVE('',#8440,#8499,#8506,.T.);
#8506=LINE('',#8441,#153);
#8507=ORIENTED_EDGE('',*,*,#8439,.F.);
#8508=CYLINDRICAL_SURFACE('',#8443,1.E-01);
#8509=ADVANCED_FACE('',(#8510),#8559,.T.);
#8510=FACE_BOUND('',#8511,.T.);
#8511=EDGE_LOOP('',(#3674,#3660,#8497,#8512,#8517,#8524,#8529,#8534,#8539,#8545,#8550,#8556));
#8512=ORIENTED_EDGE('',*,*,#8513,.T.);
#8513=EDGE_CURVE('',#8499,#8514,#8516,.T.);
#8514=VERTEX_POINT('',#8515);
#8515=CARTESIAN_POINT('',(3.904405751626,-0.86,0.239642028477));
#8516=LINE('',#8500,#7472);
#8517=ORIENTED_EDGE('',*,*,#8518,.T.);
#8518=EDGE_CURVE('',#8514,#8519,#8521,.T.);
#8519=VERTEX_POINT('',#8520);
#8520=CARTESIAN_POINT('',(4.19,-0.86,-2.22044604925E-16));
#8521=CIRCLE('',#8522,0.29);
#8522=AXIS2_PLACEMENT_3D('',#8523,#154,#7481);
#8523=CARTESIAN_POINT('',(4.19,-0.86,0.29));
#8524=ORIENTED_EDGE('',*,*,#8525,.T.);
#8525=EDGE_CURVE('',#8519,#8526,#8528,.T.);
#8526=VERTEX_POINT('',#8527);
#8527=CARTESIAN_POINT('',(4.5,-0.86,-2.22044604925E-16));
#8528=LINE('',#8520,#27);
#8529=ORIENTED_EDGE('',*,*,#8530,.T.);
#8530=EDGE_CURVE('',#8526,#8531,#8533,.T.);
#8531=VERTEX_POINT('',#8532);
#8532=CARTESIAN_POINT('',(4.5,-0.86,0.15));
#8533=LINE('',#8527,#220);
#8534=ORIENTED_EDGE('',*,*,#8535,.T.);
#8535=EDGE_CURVE('',#8531,#8536,#8538,.T.);
#8536=VERTEX_POINT('',#8537);
#8537=CARTESIAN_POINT('',(4.19,-0.86,0.15));
#8538=LINE('',#8532,#167);
#8539=ORIENTED_EDGE('',*,*,#8540,.T.);
#8540=EDGE_CURVE('',#8536,#8541,#8543,.T.);
#8541=VERTEX_POINT('',#8542);
#8542=CARTESIAN_POINT('',(4.052126914578,-0.86,0.265689255127));
#8543=CIRCLE('',#8544,0.14);
#8544=AXIS2_PLACEMENT_3D('',#8523,#182,#190);
#8545=ORIENTED_EDGE('',*,*,#8546,.T.);
#8546=EDGE_CURVE('',#8541,#8547,#8549,.T.);
#8547=VERTEX_POINT('',#8548);
#8548=CARTESIAN_POINT('',(3.987132399716,-0.86,0.668412044417));
#8549=LINE('',#8542,#7508);
#8550=ORIENTED_EDGE('',*,*,#8551,.T.);
#8551=EDGE_CURVE('',#8547,#8552,#8554,.T.);
#8552=VERTEX_POINT('',#8553);
#8553=CARTESIAN_POINT('',(3.740930461463,-0.86,0.875));
#8554=CIRCLE('',#8555,0.25);
#8555=AXIS2_PLACEMENT_3D('',#8503,#154,#7514);
#8556=ORIENTED_EDGE('',*,*,#8557,.T.);
#8557=EDGE_CURVE('',#8552,#3676,#8558,.T.);
#8558=LINE('',#8553,#167);
#8559=PLANE('',#8560);
#8560=AXIS2_PLACEMENT_3D('',#8561,#154,#13);
#8561=CARTESIAN_POINT('',(3.931684054297,-0.86,0.450095127207));
#8562=ADVANCED_FACE('',(#8563),#1122,.F.);
#8563=FACE_BOUND('',#8564,.F.);
#8564=EDGE_LOOP('',(#8565,#8567,#8568,#8572));
#8565=ORIENTED_EDGE('',*,*,#8566,.F.);
#8566=EDGE_CURVE('',#3676,#5696,#8558,.T.);
#8567=ORIENTED_EDGE('',*,*,#3688,.T.);
#8568=ORIENTED_EDGE('',*,*,#8569,.T.);
#8569=EDGE_CURVE('',#3683,#5700,#8570,.T.);
#8570=LINE('',#8571,#167);
#8571=CARTESIAN_POINT('',(3.740930461463,-1.14,0.875));
#8572=ORIENTED_EDGE('',*,*,#5699,.F.);
#8573=ADVANCED_FACE('',(#8574),#8630,.F.);
#8574=FACE_BOUND('',#8575,.F.);
#8575=EDGE_LOOP('',(#8576,#8577,#8578,#8585,#8590,#8597,#8602,#8607,#8612,#8618,#8623,#8628));
#8576=ORIENTED_EDGE('',*,*,#3682,.F.);
#8577=ORIENTED_EDGE('',*,*,#3693,.T.);
#8578=ORIENTED_EDGE('',*,*,#8579,.T.);
#8579=EDGE_CURVE('',#3694,#8580,#8582,.T.);
#8580=VERTEX_POINT('',#8581);
#8581=CARTESIAN_POINT('',(3.839411236764,-1.14,0.642364817767));
#8582=CIRCLE('',#8583,1.E-01);
#8583=AXIS2_PLACEMENT_3D('',#8584,#182,#13);
#8584=CARTESIAN_POINT('',(3.740930461463,-1.14,0.625));
#8585=ORIENTED_EDGE('',*,*,#8586,.T.);
#8586=EDGE_CURVE('',#8580,#8587,#8589,.T.);
#8587=VERTEX_POINT('',#8588);
#8588=CARTESIAN_POINT('',(3.904405751626,-1.14,0.239642028477));
#8589=LINE('',#8581,#7472);
#8590=ORIENTED_EDGE('',*,*,#8591,.T.);
#8591=EDGE_CURVE('',#8587,#8592,#8594,.T.);
#8592=VERTEX_POINT('',#8593);
#8593=CARTESIAN_POINT('',(4.19,-1.14,-2.22044604925E-16));
#8594=CIRCLE('',#8595,0.29);
#8595=AXIS2_PLACEMENT_3D('',#8596,#154,#7481);
#8596=CARTESIAN_POINT('',(4.19,-1.14,0.29));
#8597=ORIENTED_EDGE('',*,*,#8598,.T.);
#8598=EDGE_CURVE('',#8592,#8599,#8601,.T.);
#8599=VERTEX_POINT('',#8600);
#8600=CARTESIAN_POINT('',(4.5,-1.14,-2.22044604925E-16));
#8601=LINE('',#8593,#27);
#8602=ORIENTED_EDGE('',*,*,#8603,.T.);
#8603=EDGE_CURVE('',#8599,#8604,#8606,.T.);
#8604=VERTEX_POINT('',#8605);
#8605=CARTESIAN_POINT('',(4.5,-1.14,0.15));
#8606=LINE('',#8600,#220);
#8607=ORIENTED_EDGE('',*,*,#8608,.T.);
#8608=EDGE_CURVE('',#8604,#8609,#8611,.T.);
#8609=VERTEX_POINT('',#8610);
#8610=CARTESIAN_POINT('',(4.19,-1.14,0.15));
#8611=LINE('',#8605,#167);
#8612=ORIENTED_EDGE('',*,*,#8613,.T.);
#8613=EDGE_CURVE('',#8609,#8614,#8616,.T.);
#8614=VERTEX_POINT('',#8615);
#8615=CARTESIAN_POINT('',(4.052126914578,-1.14,0.265689255127));
#8616=CIRCLE('',#8617,0.14);
#8617=AXIS2_PLACEMENT_3D('',#8596,#182,#190);
#8618=ORIENTED_EDGE('',*,*,#8619,.T.);
#8619=EDGE_CURVE('',#8614,#8620,#8622,.T.);
#8620=VERTEX_POINT('',#8621);
#8621=CARTESIAN_POINT('',(3.987132399716,-1.14,0.668412044417));
#8622=LINE('',#8615,#7508);
#8623=ORIENTED_EDGE('',*,*,#8624,.T.);
#8624=EDGE_CURVE('',#8620,#8625,#8626,.T.);
#8625=VERTEX_POINT('',#8571);
#8626=CIRCLE('',#8627,0.25);
#8627=AXIS2_PLACEMENT_3D('',#8584,#154,#7514);
#8628=ORIENTED_EDGE('',*,*,#8629,.T.);
#8629=EDGE_CURVE('',#8625,#3683,#8570,.T.);
#8630=PLANE('',#8631);
#8631=AXIS2_PLACEMENT_3D('',#8632,#154,#13);
#8632=CARTESIAN_POINT('',(3.931684054297,-1.14,0.450095127207));
#8633=ADVANCED_FACE('',(#8634),#8648,.F.);
#8634=FACE_BOUND('',#8635,.F.);
#8635=EDGE_LOOP('',(#8636,#8637,#8644,#8647));
#8636=ORIENTED_EDGE('',*,*,#3706,.T.);
#8637=ORIENTED_EDGE('',*,*,#8638,.T.);
#8638=EDGE_CURVE('',#3701,#8639,#8641,.T.);
#8639=VERTEX_POINT('',#8640);
#8640=CARTESIAN_POINT('',(3.839411236764,-1.36,0.642364817767));
#8641=CIRCLE('',#8642,1.E-01);
#8642=AXIS2_PLACEMENT_3D('',#8643,#182,#13);
#8643=CARTESIAN_POINT('',(3.740930461463,-1.36,0.625));
#8644=ORIENTED_EDGE('',*,*,#8645,.F.);
#8645=EDGE_CURVE('',#8580,#8639,#8646,.T.);
#8646=LINE('',#8581,#153);
#8647=ORIENTED_EDGE('',*,*,#8579,.F.);
#8648=CYLINDRICAL_SURFACE('',#8583,1.E-01);
#8649=ADVANCED_FACE('',(#8650),#8699,.T.);
#8650=FACE_BOUND('',#8651,.T.);
#8651=EDGE_LOOP('',(#3713,#3699,#8637,#8652,#8657,#8664,#8669,#8674,#8679,#8685,#8690,#8696));
#8652=ORIENTED_EDGE('',*,*,#8653,.T.);
#8653=EDGE_CURVE('',#8639,#8654,#8656,.T.);
#8654=VERTEX_POINT('',#8655);
#8655=CARTESIAN_POINT('',(3.904405751626,-1.36,0.239642028477));
#8656=LINE('',#8640,#7472);
#8657=ORIENTED_EDGE('',*,*,#8658,.T.);
#8658=EDGE_CURVE('',#8654,#8659,#8661,.T.);
#8659=VERTEX_POINT('',#8660);
#8660=CARTESIAN_POINT('',(4.19,-1.36,-2.22044604925E-16));
#8661=CIRCLE('',#8662,0.29);
#8662=AXIS2_PLACEMENT_3D('',#8663,#154,#7481);
#8663=CARTESIAN_POINT('',(4.19,-1.36,0.29));
#8664=ORIENTED_EDGE('',*,*,#8665,.T.);
#8665=EDGE_CURVE('',#8659,#8666,#8668,.T.);
#8666=VERTEX_POINT('',#8667);
#8667=CARTESIAN_POINT('',(4.5,-1.36,-2.22044604925E-16));
#8668=LINE('',#8660,#27);
#8669=ORIENTED_EDGE('',*,*,#8670,.T.);
#8670=EDGE_CURVE('',#8666,#8671,#8673,.T.);
#8671=VERTEX_POINT('',#8672);
#8672=CARTESIAN_POINT('',(4.5,-1.36,0.15));
#8673=LINE('',#8667,#220);
#8674=ORIENTED_EDGE('',*,*,#8675,.T.);
#8675=EDGE_CURVE('',#8671,#8676,#8678,.T.);
#8676=VERTEX_POINT('',#8677);
#8677=CARTESIAN_POINT('',(4.19,-1.36,0.15));
#8678=LINE('',#8672,#167);
#8679=ORIENTED_EDGE('',*,*,#8680,.T.);
#8680=EDGE_CURVE('',#8676,#8681,#8683,.T.);
#8681=VERTEX_POINT('',#8682);
#8682=CARTESIAN_POINT('',(4.052126914578,-1.36,0.265689255127));
#8683=CIRCLE('',#8684,0.14);
#8684=AXIS2_PLACEMENT_3D('',#8663,#182,#190);
#8685=ORIENTED_EDGE('',*,*,#8686,.T.);
#8686=EDGE_CURVE('',#8681,#8687,#8689,.T.);
#8687=VERTEX_POINT('',#8688);
#8688=CARTESIAN_POINT('',(3.987132399716,-1.36,0.668412044417));
#8689=LINE('',#8682,#7508);
#8690=ORIENTED_EDGE('',*,*,#8691,.T.);
#8691=EDGE_CURVE('',#8687,#8692,#8694,.T.);
#8692=VERTEX_POINT('',#8693);
#8693=CARTESIAN_POINT('',(3.740930461463,-1.36,0.875));
#8694=CIRCLE('',#8695,0.25);
#8695=AXIS2_PLACEMENT_3D('',#8643,#154,#7514);
#8696=ORIENTED_EDGE('',*,*,#8697,.T.);
#8697=EDGE_CURVE('',#8692,#3715,#8698,.T.);
#8698=LINE('',#8693,#167);
#8699=PLANE('',#8700);
#8700=AXIS2_PLACEMENT_3D('',#8701,#154,#13);
#8701=CARTESIAN_POINT('',(3.931684054297,-1.36,0.450095127207));
#8702=ADVANCED_FACE('',(#8703),#1122,.F.);
#8703=FACE_BOUND('',#8704,.F.);
#8704=EDGE_LOOP('',(#8705,#8707,#8708,#8712));
#8705=ORIENTED_EDGE('',*,*,#8706,.F.);
#8706=EDGE_CURVE('',#3715,#5704,#8698,.T.);
#8707=ORIENTED_EDGE('',*,*,#3727,.T.);
#8708=ORIENTED_EDGE('',*,*,#8709,.T.);
#8709=EDGE_CURVE('',#3722,#5708,#8710,.T.);
#8710=LINE('',#8711,#167);
#8711=CARTESIAN_POINT('',(3.740930461463,-1.64,0.875));
#8712=ORIENTED_EDGE('',*,*,#5707,.F.);
#8713=ADVANCED_FACE('',(#8714),#8770,.F.);
#8714=FACE_BOUND('',#8715,.F.);
#8715=EDGE_LOOP('',(#8716,#8717,#8718,#8725,#8730,#8737,#8742,#8747,#8752,#8758,#8763,#8768));
#8716=ORIENTED_EDGE('',*,*,#3721,.F.);
#8717=ORIENTED_EDGE('',*,*,#3732,.T.);
#8718=ORIENTED_EDGE('',*,*,#8719,.T.);
#8719=EDGE_CURVE('',#3733,#8720,#8722,.T.);
#8720=VERTEX_POINT('',#8721);
#8721=CARTESIAN_POINT('',(3.839411236764,-1.64,0.642364817767));
#8722=CIRCLE('',#8723,1.E-01);
#8723=AXIS2_PLACEMENT_3D('',#8724,#182,#13);
#8724=CARTESIAN_POINT('',(3.740930461463,-1.64,0.625));
#8725=ORIENTED_EDGE('',*,*,#8726,.T.);
#8726=EDGE_CURVE('',#8720,#8727,#8729,.T.);
#8727=VERTEX_POINT('',#8728);
#8728=CARTESIAN_POINT('',(3.904405751626,-1.64,0.239642028477));
#8729=LINE('',#8721,#7472);
#8730=ORIENTED_EDGE('',*,*,#8731,.T.);
#8731=EDGE_CURVE('',#8727,#8732,#8734,.T.);
#8732=VERTEX_POINT('',#8733);
#8733=CARTESIAN_POINT('',(4.19,-1.64,-2.22044604925E-16));
#8734=CIRCLE('',#8735,0.29);
#8735=AXIS2_PLACEMENT_3D('',#8736,#154,#7481);
#8736=CARTESIAN_POINT('',(4.19,-1.64,0.29));
#8737=ORIENTED_EDGE('',*,*,#8738,.T.);
#8738=EDGE_CURVE('',#8732,#8739,#8741,.T.);
#8739=VERTEX_POINT('',#8740);
#8740=CARTESIAN_POINT('',(4.5,-1.64,-2.22044604925E-16));
#8741=LINE('',#8733,#27);
#8742=ORIENTED_EDGE('',*,*,#8743,.T.);
#8743=EDGE_CURVE('',#8739,#8744,#8746,.T.);
#8744=VERTEX_POINT('',#8745);
#8745=CARTESIAN_POINT('',(4.5,-1.64,0.15));
#8746=LINE('',#8740,#220);
#8747=ORIENTED_EDGE('',*,*,#8748,.T.);
#8748=EDGE_CURVE('',#8744,#8749,#8751,.T.);
#8749=VERTEX_POINT('',#8750);
#8750=CARTESIAN_POINT('',(4.19,-1.64,0.15));
#8751=LINE('',#8745,#167);
#8752=ORIENTED_EDGE('',*,*,#8753,.T.);
#8753=EDGE_CURVE('',#8749,#8754,#8756,.T.);
#8754=VERTEX_POINT('',#8755);
#8755=CARTESIAN_POINT('',(4.052126914578,-1.64,0.265689255127));
#8756=CIRCLE('',#8757,0.14);
#8757=AXIS2_PLACEMENT_3D('',#8736,#182,#190);
#8758=ORIENTED_EDGE('',*,*,#8759,.T.);
#8759=EDGE_CURVE('',#8754,#8760,#8762,.T.);
#8760=VERTEX_POINT('',#8761);
#8761=CARTESIAN_POINT('',(3.987132399716,-1.64,0.668412044417));
#8762=LINE('',#8755,#7508);
#8763=ORIENTED_EDGE('',*,*,#8764,.T.);
#8764=EDGE_CURVE('',#8760,#8765,#8766,.T.);
#8765=VERTEX_POINT('',#8711);
#8766=CIRCLE('',#8767,0.25);
#8767=AXIS2_PLACEMENT_3D('',#8724,#154,#7514);
#8768=ORIENTED_EDGE('',*,*,#8769,.T.);
#8769=EDGE_CURVE('',#8765,#3722,#8710,.T.);
#8770=PLANE('',#8771);
#8771=AXIS2_PLACEMENT_3D('',#8772,#154,#13);
#8772=CARTESIAN_POINT('',(3.931684054297,-1.64,0.450095127207));
#8773=ADVANCED_FACE('',(#8774),#8788,.F.);
#8774=FACE_BOUND('',#8775,.F.);
#8775=EDGE_LOOP('',(#8776,#8777,#8784,#8787));
#8776=ORIENTED_EDGE('',*,*,#3745,.T.);
#8777=ORIENTED_EDGE('',*,*,#8778,.T.);
#8778=EDGE_CURVE('',#3740,#8779,#8781,.T.);
#8779=VERTEX_POINT('',#8780);
#8780=CARTESIAN_POINT('',(3.839411236764,-1.86,0.642364817767));
#8781=CIRCLE('',#8782,1.E-01);
#8782=AXIS2_PLACEMENT_3D('',#8783,#182,#13);
#8783=CARTESIAN_POINT('',(3.740930461463,-1.86,0.625));
#8784=ORIENTED_EDGE('',*,*,#8785,.F.);
#8785=EDGE_CURVE('',#8720,#8779,#8786,.T.);
#8786=LINE('',#8721,#153);
#8787=ORIENTED_EDGE('',*,*,#8719,.F.);
#8788=CYLINDRICAL_SURFACE('',#8723,1.E-01);
#8789=ADVANCED_FACE('',(#8790),#8839,.T.);
#8790=FACE_BOUND('',#8791,.T.);
#8791=EDGE_LOOP('',(#3752,#3738,#8777,#8792,#8797,#8804,#8809,#8814,#8819,#8825,#8830,#8836));
#8792=ORIENTED_EDGE('',*,*,#8793,.T.);
#8793=EDGE_CURVE('',#8779,#8794,#8796,.T.);
#8794=VERTEX_POINT('',#8795);
#8795=CARTESIAN_POINT('',(3.904405751626,-1.86,0.239642028477));
#8796=LINE('',#8780,#7472);
#8797=ORIENTED_EDGE('',*,*,#8798,.T.);
#8798=EDGE_CURVE('',#8794,#8799,#8801,.T.);
#8799=VERTEX_POINT('',#8800);
#8800=CARTESIAN_POINT('',(4.19,-1.86,-2.22044604925E-16));
#8801=CIRCLE('',#8802,0.29);
#8802=AXIS2_PLACEMENT_3D('',#8803,#154,#7481);
#8803=CARTESIAN_POINT('',(4.19,-1.86,0.29));
#8804=ORIENTED_EDGE('',*,*,#8805,.T.);
#8805=EDGE_CURVE('',#8799,#8806,#8808,.T.);
#8806=VERTEX_POINT('',#8807);
#8807=CARTESIAN_POINT('',(4.5,-1.86,-2.22044604925E-16));
#8808=LINE('',#8800,#27);
#8809=ORIENTED_EDGE('',*,*,#8810,.T.);
#8810=EDGE_CURVE('',#8806,#8811,#8813,.T.);
#8811=VERTEX_POINT('',#8812);
#8812=CARTESIAN_POINT('',(4.5,-1.86,0.15));
#8813=LINE('',#8807,#220);
#8814=ORIENTED_EDGE('',*,*,#8815,.T.);
#8815=EDGE_CURVE('',#8811,#8816,#8818,.T.);
#8816=VERTEX_POINT('',#8817);
#8817=CARTESIAN_POINT('',(4.19,-1.86,0.15));
#8818=LINE('',#8812,#167);
#8819=ORIENTED_EDGE('',*,*,#8820,.T.);
#8820=EDGE_CURVE('',#8816,#8821,#8823,.T.);
#8821=VERTEX_POINT('',#8822);
#8822=CARTESIAN_POINT('',(4.052126914578,-1.86,0.265689255127));
#8823=CIRCLE('',#8824,0.14);
#8824=AXIS2_PLACEMENT_3D('',#8803,#182,#190);
#8825=ORIENTED_EDGE('',*,*,#8826,.T.);
#8826=EDGE_CURVE('',#8821,#8827,#8829,.T.);
#8827=VERTEX_POINT('',#8828);
#8828=CARTESIAN_POINT('',(3.987132399716,-1.86,0.668412044417));
#8829=LINE('',#8822,#7508);
#8830=ORIENTED_EDGE('',*,*,#8831,.T.);
#8831=EDGE_CURVE('',#8827,#8832,#8834,.T.);
#8832=VERTEX_POINT('',#8833);
#8833=CARTESIAN_POINT('',(3.740930461463,-1.86,0.875));
#8834=CIRCLE('',#8835,0.25);
#8835=AXIS2_PLACEMENT_3D('',#8783,#154,#7514);
#8836=ORIENTED_EDGE('',*,*,#8837,.T.);
#8837=EDGE_CURVE('',#8832,#3754,#8838,.T.);
#8838=LINE('',#8833,#167);
#8839=PLANE('',#8840);
#8840=AXIS2_PLACEMENT_3D('',#8841,#154,#13);
#8841=CARTESIAN_POINT('',(3.931684054297,-1.86,0.450095127207));
#8842=ADVANCED_FACE('',(#8843),#1122,.F.);
#8843=FACE_BOUND('',#8844,.F.);
#8844=EDGE_LOOP('',(#8845,#8847,#8848,#8852));
#8845=ORIENTED_EDGE('',*,*,#8846,.F.);
#8846=EDGE_CURVE('',#3754,#5712,#8838,.T.);
#8847=ORIENTED_EDGE('',*,*,#3766,.T.);
#8848=ORIENTED_EDGE('',*,*,#8849,.T.);
#8849=EDGE_CURVE('',#3761,#5716,#8850,.T.);
#8850=LINE('',#8851,#167);
#8851=CARTESIAN_POINT('',(3.740930461463,-2.14,0.875));
#8852=ORIENTED_EDGE('',*,*,#5715,.F.);
#8853=ADVANCED_FACE('',(#8854),#8910,.F.);
#8854=FACE_BOUND('',#8855,.F.);
#8855=EDGE_LOOP('',(#8856,#8857,#8858,#8865,#8870,#8877,#8882,#8887,#8892,#8898,#8903,#8908));
#8856=ORIENTED_EDGE('',*,*,#3760,.F.);
#8857=ORIENTED_EDGE('',*,*,#3771,.T.);
#8858=ORIENTED_EDGE('',*,*,#8859,.T.);
#8859=EDGE_CURVE('',#3772,#8860,#8862,.T.);
#8860=VERTEX_POINT('',#8861);
#8861=CARTESIAN_POINT('',(3.839411236764,-2.14,0.642364817767));
#8862=CIRCLE('',#8863,1.E-01);
#8863=AXIS2_PLACEMENT_3D('',#8864,#182,#13);
#8864=CARTESIAN_POINT('',(3.740930461463,-2.14,0.625));
#8865=ORIENTED_EDGE('',*,*,#8866,.T.);
#8866=EDGE_CURVE('',#8860,#8867,#8869,.T.);
#8867=VERTEX_POINT('',#8868);
#8868=CARTESIAN_POINT('',(3.904405751626,-2.14,0.239642028477));
#8869=LINE('',#8861,#7472);
#8870=ORIENTED_EDGE('',*,*,#8871,.T.);
#8871=EDGE_CURVE('',#8867,#8872,#8874,.T.);
#8872=VERTEX_POINT('',#8873);
#8873=CARTESIAN_POINT('',(4.19,-2.14,-2.22044604925E-16));
#8874=CIRCLE('',#8875,0.29);
#8875=AXIS2_PLACEMENT_3D('',#8876,#154,#7481);
#8876=CARTESIAN_POINT('',(4.19,-2.14,0.29));
#8877=ORIENTED_EDGE('',*,*,#8878,.T.);
#8878=EDGE_CURVE('',#8872,#8879,#8881,.T.);
#8879=VERTEX_POINT('',#8880);
#8880=CARTESIAN_POINT('',(4.5,-2.14,-2.22044604925E-16));
#8881=LINE('',#8873,#27);
#8882=ORIENTED_EDGE('',*,*,#8883,.T.);
#8883=EDGE_CURVE('',#8879,#8884,#8886,.T.);
#8884=VERTEX_POINT('',#8885);
#8885=CARTESIAN_POINT('',(4.5,-2.14,0.15));
#8886=LINE('',#8880,#220);
#8887=ORIENTED_EDGE('',*,*,#8888,.T.);
#8888=EDGE_CURVE('',#8884,#8889,#8891,.T.);
#8889=VERTEX_POINT('',#8890);
#8890=CARTESIAN_POINT('',(4.19,-2.14,0.15));
#8891=LINE('',#8885,#167);
#8892=ORIENTED_EDGE('',*,*,#8893,.T.);
#8893=EDGE_CURVE('',#8889,#8894,#8896,.T.);
#8894=VERTEX_POINT('',#8895);
#8895=CARTESIAN_POINT('',(4.052126914578,-2.14,0.265689255127));
#8896=CIRCLE('',#8897,0.14);
#8897=AXIS2_PLACEMENT_3D('',#8876,#182,#190);
#8898=ORIENTED_EDGE('',*,*,#8899,.T.);
#8899=EDGE_CURVE('',#8894,#8900,#8902,.T.);
#8900=VERTEX_POINT('',#8901);
#8901=CARTESIAN_POINT('',(3.987132399716,-2.14,0.668412044417));
#8902=LINE('',#8895,#7508);
#8903=ORIENTED_EDGE('',*,*,#8904,.T.);
#8904=EDGE_CURVE('',#8900,#8905,#8906,.T.);
#8905=VERTEX_POINT('',#8851);
#8906=CIRCLE('',#8907,0.25);
#8907=AXIS2_PLACEMENT_3D('',#8864,#154,#7514);
#8908=ORIENTED_EDGE('',*,*,#8909,.T.);
#8909=EDGE_CURVE('',#8905,#3761,#8850,.T.);
#8910=PLANE('',#8911);
#8911=AXIS2_PLACEMENT_3D('',#8912,#154,#13);
#8912=CARTESIAN_POINT('',(3.931684054297,-2.14,0.450095127207));
#8913=ADVANCED_FACE('',(#8914),#8928,.F.);
#8914=FACE_BOUND('',#8915,.F.);
#8915=EDGE_LOOP('',(#8916,#8917,#8924,#8927));
#8916=ORIENTED_EDGE('',*,*,#3784,.T.);
#8917=ORIENTED_EDGE('',*,*,#8918,.T.);
#8918=EDGE_CURVE('',#3779,#8919,#8921,.T.);
#8919=VERTEX_POINT('',#8920);
#8920=CARTESIAN_POINT('',(3.839411236764,-2.36,0.642364817767));
#8921=CIRCLE('',#8922,1.E-01);
#8922=AXIS2_PLACEMENT_3D('',#8923,#182,#13);
#8923=CARTESIAN_POINT('',(3.740930461463,-2.36,0.625));
#8924=ORIENTED_EDGE('',*,*,#8925,.F.);
#8925=EDGE_CURVE('',#8860,#8919,#8926,.T.);
#8926=LINE('',#8861,#153);
#8927=ORIENTED_EDGE('',*,*,#8859,.F.);
#8928=CYLINDRICAL_SURFACE('',#8863,1.E-01);
#8929=ADVANCED_FACE('',(#8930),#8979,.T.);
#8930=FACE_BOUND('',#8931,.T.);
#8931=EDGE_LOOP('',(#3791,#3777,#8917,#8932,#8937,#8944,#8949,#8954,#8959,#8965,#8970,#8976));
#8932=ORIENTED_EDGE('',*,*,#8933,.T.);
#8933=EDGE_CURVE('',#8919,#8934,#8936,.T.);
#8934=VERTEX_POINT('',#8935);
#8935=CARTESIAN_POINT('',(3.904405751626,-2.36,0.239642028477));
#8936=LINE('',#8920,#7472);
#8937=ORIENTED_EDGE('',*,*,#8938,.T.);
#8938=EDGE_CURVE('',#8934,#8939,#8941,.T.);
#8939=VERTEX_POINT('',#8940);
#8940=CARTESIAN_POINT('',(4.19,-2.36,-2.22044604925E-16));
#8941=CIRCLE('',#8942,0.29);
#8942=AXIS2_PLACEMENT_3D('',#8943,#154,#7481);
#8943=CARTESIAN_POINT('',(4.19,-2.36,0.29));
#8944=ORIENTED_EDGE('',*,*,#8945,.T.);
#8945=EDGE_CURVE('',#8939,#8946,#8948,.T.);
#8946=VERTEX_POINT('',#8947);
#8947=CARTESIAN_POINT('',(4.5,-2.36,-2.22044604925E-16));
#8948=LINE('',#8940,#27);
#8949=ORIENTED_EDGE('',*,*,#8950,.T.);
#8950=EDGE_CURVE('',#8946,#8951,#8953,.T.);
#8951=VERTEX_POINT('',#8952);
#8952=CARTESIAN_POINT('',(4.5,-2.36,0.15));
#8953=LINE('',#8947,#220);
#8954=ORIENTED_EDGE('',*,*,#8955,.T.);
#8955=EDGE_CURVE('',#8951,#8956,#8958,.T.);
#8956=VERTEX_POINT('',#8957);
#8957=CARTESIAN_POINT('',(4.19,-2.36,0.15));
#8958=LINE('',#8952,#167);
#8959=ORIENTED_EDGE('',*,*,#8960,.T.);
#8960=EDGE_CURVE('',#8956,#8961,#8963,.T.);
#8961=VERTEX_POINT('',#8962);
#8962=CARTESIAN_POINT('',(4.052126914578,-2.36,0.265689255127));
#8963=CIRCLE('',#8964,0.14);
#8964=AXIS2_PLACEMENT_3D('',#8943,#182,#190);
#8965=ORIENTED_EDGE('',*,*,#8966,.T.);
#8966=EDGE_CURVE('',#8961,#8967,#8969,.T.);
#8967=VERTEX_POINT('',#8968);
#8968=CARTESIAN_POINT('',(3.987132399716,-2.36,0.668412044417));
#8969=LINE('',#8962,#7508);
#8970=ORIENTED_EDGE('',*,*,#8971,.T.);
#8971=EDGE_CURVE('',#8967,#8972,#8974,.T.);
#8972=VERTEX_POINT('',#8973);
#8973=CARTESIAN_POINT('',(3.740930461463,-2.36,0.875));
#8974=CIRCLE('',#8975,0.25);
#8975=AXIS2_PLACEMENT_3D('',#8923,#154,#7514);
#8976=ORIENTED_EDGE('',*,*,#8977,.T.);
#8977=EDGE_CURVE('',#8972,#3793,#8978,.T.);
#8978=LINE('',#8973,#167);
#8979=PLANE('',#8980);
#8980=AXIS2_PLACEMENT_3D('',#8981,#154,#13);
#8981=CARTESIAN_POINT('',(3.931684054297,-2.36,0.450095127207));
#8982=ADVANCED_FACE('',(#8983),#1122,.F.);
#8983=FACE_BOUND('',#8984,.F.);
#8984=EDGE_LOOP('',(#8985,#8987,#8988,#8992));
#8985=ORIENTED_EDGE('',*,*,#8986,.F.);
#8986=EDGE_CURVE('',#3793,#5720,#8978,.T.);
#8987=ORIENTED_EDGE('',*,*,#3805,.T.);
#8988=ORIENTED_EDGE('',*,*,#8989,.T.);
#8989=EDGE_CURVE('',#3800,#5724,#8990,.T.);
#8990=LINE('',#8991,#167);
#8991=CARTESIAN_POINT('',(3.740930461463,-2.64,0.875));
#8992=ORIENTED_EDGE('',*,*,#5723,.F.);
#8993=ADVANCED_FACE('',(#8994),#9050,.F.);
#8994=FACE_BOUND('',#8995,.F.);
#8995=EDGE_LOOP('',(#8996,#8997,#8998,#9005,#9010,#9017,#9022,#9027,#9032,#9038,#9043,#9048));
#8996=ORIENTED_EDGE('',*,*,#3799,.F.);
#8997=ORIENTED_EDGE('',*,*,#3810,.T.);
#8998=ORIENTED_EDGE('',*,*,#8999,.T.);
#8999=EDGE_CURVE('',#3811,#9000,#9002,.T.);
#9000=VERTEX_POINT('',#9001);
#9001=CARTESIAN_POINT('',(3.839411236764,-2.64,0.642364817767));
#9002=CIRCLE('',#9003,1.E-01);
#9003=AXIS2_PLACEMENT_3D('',#9004,#182,#13);
#9004=CARTESIAN_POINT('',(3.740930461463,-2.64,0.625));
#9005=ORIENTED_EDGE('',*,*,#9006,.T.);
#9006=EDGE_CURVE('',#9000,#9007,#9009,.T.);
#9007=VERTEX_POINT('',#9008);
#9008=CARTESIAN_POINT('',(3.904405751626,-2.64,0.239642028477));
#9009=LINE('',#9001,#7472);
#9010=ORIENTED_EDGE('',*,*,#9011,.T.);
#9011=EDGE_CURVE('',#9007,#9012,#9014,.T.);
#9012=VERTEX_POINT('',#9013);
#9013=CARTESIAN_POINT('',(4.19,-2.64,-2.22044604925E-16));
#9014=CIRCLE('',#9015,0.29);
#9015=AXIS2_PLACEMENT_3D('',#9016,#154,#7481);
#9016=CARTESIAN_POINT('',(4.19,-2.64,0.29));
#9017=ORIENTED_EDGE('',*,*,#9018,.T.);
#9018=EDGE_CURVE('',#9012,#9019,#9021,.T.);
#9019=VERTEX_POINT('',#9020);
#9020=CARTESIAN_POINT('',(4.5,-2.64,-2.22044604925E-16));
#9021=LINE('',#9013,#27);
#9022=ORIENTED_EDGE('',*,*,#9023,.T.);
#9023=EDGE_CURVE('',#9019,#9024,#9026,.T.);
#9024=VERTEX_POINT('',#9025);
#9025=CARTESIAN_POINT('',(4.5,-2.64,0.15));
#9026=LINE('',#9020,#220);
#9027=ORIENTED_EDGE('',*,*,#9028,.T.);
#9028=EDGE_CURVE('',#9024,#9029,#9031,.T.);
#9029=VERTEX_POINT('',#9030);
#9030=CARTESIAN_POINT('',(4.19,-2.64,0.15));
#9031=LINE('',#9025,#167);
#9032=ORIENTED_EDGE('',*,*,#9033,.T.);
#9033=EDGE_CURVE('',#9029,#9034,#9036,.T.);
#9034=VERTEX_POINT('',#9035);
#9035=CARTESIAN_POINT('',(4.052126914578,-2.64,0.265689255127));
#9036=CIRCLE('',#9037,0.14);
#9037=AXIS2_PLACEMENT_3D('',#9016,#182,#190);
#9038=ORIENTED_EDGE('',*,*,#9039,.T.);
#9039=EDGE_CURVE('',#9034,#9040,#9042,.T.);
#9040=VERTEX_POINT('',#9041);
#9041=CARTESIAN_POINT('',(3.987132399716,-2.64,0.668412044417));
#9042=LINE('',#9035,#7508);
#9043=ORIENTED_EDGE('',*,*,#9044,.T.);
#9044=EDGE_CURVE('',#9040,#9045,#9046,.T.);
#9045=VERTEX_POINT('',#8991);
#9046=CIRCLE('',#9047,0.25);
#9047=AXIS2_PLACEMENT_3D('',#9004,#154,#7514);
#9048=ORIENTED_EDGE('',*,*,#9049,.T.);
#9049=EDGE_CURVE('',#9045,#3800,#8990,.T.);
#9050=PLANE('',#9051);
#9051=AXIS2_PLACEMENT_3D('',#9052,#154,#13);
#9052=CARTESIAN_POINT('',(3.931684054297,-2.64,0.450095127207));
#9053=ADVANCED_FACE('',(#9054),#9068,.F.);
#9054=FACE_BOUND('',#9055,.F.);
#9055=EDGE_LOOP('',(#9056,#9057,#9064,#9067));
#9056=ORIENTED_EDGE('',*,*,#3823,.T.);
#9057=ORIENTED_EDGE('',*,*,#9058,.T.);
#9058=EDGE_CURVE('',#3818,#9059,#9061,.T.);
#9059=VERTEX_POINT('',#9060);
#9060=CARTESIAN_POINT('',(3.839411236764,-2.86,0.642364817767));
#9061=CIRCLE('',#9062,1.E-01);
#9062=AXIS2_PLACEMENT_3D('',#9063,#182,#13);
#9063=CARTESIAN_POINT('',(3.740930461463,-2.86,0.625));
#9064=ORIENTED_EDGE('',*,*,#9065,.F.);
#9065=EDGE_CURVE('',#9000,#9059,#9066,.T.);
#9066=LINE('',#9001,#153);
#9067=ORIENTED_EDGE('',*,*,#8999,.F.);
#9068=CYLINDRICAL_SURFACE('',#9003,1.E-01);
#9069=ADVANCED_FACE('',(#9070),#9119,.T.);
#9070=FACE_BOUND('',#9071,.T.);
#9071=EDGE_LOOP('',(#3830,#3816,#9057,#9072,#9077,#9084,#9089,#9094,#9099,#9105,#9110,#9116));
#9072=ORIENTED_EDGE('',*,*,#9073,.T.);
#9073=EDGE_CURVE('',#9059,#9074,#9076,.T.);
#9074=VERTEX_POINT('',#9075);
#9075=CARTESIAN_POINT('',(3.904405751626,-2.86,0.239642028477));
#9076=LINE('',#9060,#7472);
#9077=ORIENTED_EDGE('',*,*,#9078,.T.);
#9078=EDGE_CURVE('',#9074,#9079,#9081,.T.);
#9079=VERTEX_POINT('',#9080);
#9080=CARTESIAN_POINT('',(4.19,-2.86,-2.22044604925E-16));
#9081=CIRCLE('',#9082,0.29);
#9082=AXIS2_PLACEMENT_3D('',#9083,#154,#7481);
#9083=CARTESIAN_POINT('',(4.19,-2.86,0.29));
#9084=ORIENTED_EDGE('',*,*,#9085,.T.);
#9085=EDGE_CURVE('',#9079,#9086,#9088,.T.);
#9086=VERTEX_POINT('',#9087);
#9087=CARTESIAN_POINT('',(4.5,-2.86,-2.22044604925E-16));
#9088=LINE('',#9080,#27);
#9089=ORIENTED_EDGE('',*,*,#9090,.T.);
#9090=EDGE_CURVE('',#9086,#9091,#9093,.T.);
#9091=VERTEX_POINT('',#9092);
#9092=CARTESIAN_POINT('',(4.5,-2.86,0.15));
#9093=LINE('',#9087,#220);
#9094=ORIENTED_EDGE('',*,*,#9095,.T.);
#9095=EDGE_CURVE('',#9091,#9096,#9098,.T.);
#9096=VERTEX_POINT('',#9097);
#9097=CARTESIAN_POINT('',(4.19,-2.86,0.15));
#9098=LINE('',#9092,#167);
#9099=ORIENTED_EDGE('',*,*,#9100,.T.);
#9100=EDGE_CURVE('',#9096,#9101,#9103,.T.);
#9101=VERTEX_POINT('',#9102);
#9102=CARTESIAN_POINT('',(4.052126914578,-2.86,0.265689255127));
#9103=CIRCLE('',#9104,0.14);
#9104=AXIS2_PLACEMENT_3D('',#9083,#182,#190);
#9105=ORIENTED_EDGE('',*,*,#9106,.T.);
#9106=EDGE_CURVE('',#9101,#9107,#9109,.T.);
#9107=VERTEX_POINT('',#9108);
#9108=CARTESIAN_POINT('',(3.987132399716,-2.86,0.668412044417));
#9109=LINE('',#9102,#7508);
#9110=ORIENTED_EDGE('',*,*,#9111,.T.);
#9111=EDGE_CURVE('',#9107,#9112,#9114,.T.);
#9112=VERTEX_POINT('',#9113);
#9113=CARTESIAN_POINT('',(3.740930461463,-2.86,0.875));
#9114=CIRCLE('',#9115,0.25);
#9115=AXIS2_PLACEMENT_3D('',#9063,#154,#7514);
#9116=ORIENTED_EDGE('',*,*,#9117,.T.);
#9117=EDGE_CURVE('',#9112,#3832,#9118,.T.);
#9118=LINE('',#9113,#167);
#9119=PLANE('',#9120);
#9120=AXIS2_PLACEMENT_3D('',#9121,#154,#13);
#9121=CARTESIAN_POINT('',(3.931684054297,-2.86,0.450095127207));
#9122=ADVANCED_FACE('',(#9123),#1122,.F.);
#9123=FACE_BOUND('',#9124,.F.);
#9124=EDGE_LOOP('',(#9125,#9127,#9128,#9129,#9130,#9136,#9139,#9142));
#9125=ORIENTED_EDGE('',*,*,#9126,.F.);
#9126=EDGE_CURVE('',#3832,#5728,#9118,.T.);
#9127=ORIENTED_EDGE('',*,*,#3843,.T.);
#9128=ORIENTED_EDGE('',*,*,#3869,.T.);
#9129=ORIENTED_EDGE('',*,*,#3886,.T.);
#9130=ORIENTED_EDGE('',*,*,#9131,.T.);
#9131=EDGE_CURVE('',#3881,#9132,#9134,.T.);
#9132=VERTEX_POINT('',#9133);
#9133=CARTESIAN_POINT('',(2.86,-3.425,0.875));
#9134=LINE('',#9135,#181);
#9135=CARTESIAN_POINT('',(2.86,-3.740930461463,0.875));
#9136=ORIENTED_EDGE('',*,*,#9137,.F.);
#9137=EDGE_CURVE('',#9138,#9132,#5782,.T.);
#9138=VERTEX_POINT('',#5783);
#9139=ORIENTED_EDGE('',*,*,#9140,.F.);
#9140=EDGE_CURVE('',#5732,#9138,#9141,.T.);
#9141=LINE('',#5733,#160);
#9142=ORIENTED_EDGE('',*,*,#5731,.F.);
#9143=ADVANCED_FACE('',(#9144),#9206,.F.);
#9144=FACE_BOUND('',#9145,.F.);
#9145=EDGE_LOOP('',(#9146,#9147,#9148,#9155,#9162,#9170,#9175,#9180,#9185,#9191,#9198,#9204));
#9146=ORIENTED_EDGE('',*,*,#3880,.F.);
#9147=ORIENTED_EDGE('',*,*,#3894,.T.);
#9148=ORIENTED_EDGE('',*,*,#9149,.T.);
#9149=EDGE_CURVE('',#3895,#9150,#9152,.T.);
#9150=VERTEX_POINT('',#9151);
#9151=CARTESIAN_POINT('',(2.86,-3.839411236764,0.642364817767));
#9152=CIRCLE('',#9153,1.E-01);
#9153=AXIS2_PLACEMENT_3D('',#9154,#14,#13);
#9154=CARTESIAN_POINT('',(2.86,-3.740930461463,0.625));
#9155=ORIENTED_EDGE('',*,*,#9156,.T.);
#9156=EDGE_CURVE('',#9150,#9157,#9159,.T.);
#9157=VERTEX_POINT('',#9158);
#9158=CARTESIAN_POINT('',(2.86,-3.904405751626,0.239642028477));
#9159=LINE('',#9151,#9160);
#9160=VECTOR('',#9161,1.);
#9161=DIRECTION('',(-1.768875695283E-17,-0.159326158443,-0.987226000081));
#9162=ORIENTED_EDGE('',*,*,#9163,.T.);
#9163=EDGE_CURVE('',#9157,#9164,#9166,.T.);
#9164=VERTEX_POINT('',#9165);
#9165=CARTESIAN_POINT('',(2.86,-4.19,-2.22044604925E-16));
#9166=CIRCLE('',#9167,0.29);
#9167=AXIS2_PLACEMENT_3D('',#9168,#168,#9169);
#9168=CARTESIAN_POINT('',(2.86,-4.19,0.29));
#9169=DIRECTION('',(1.093356242224E-16,0.984807753012,-0.173648177667));
#9170=ORIENTED_EDGE('',*,*,#9171,.T.);
#9171=EDGE_CURVE('',#9164,#9172,#9174,.T.);
#9172=VERTEX_POINT('',#9173);
#9173=CARTESIAN_POINT('',(2.86,-4.5,-2.22044604925E-16));
#9174=LINE('',#9165,#153);
#9175=ORIENTED_EDGE('',*,*,#9176,.T.);
#9176=EDGE_CURVE('',#9172,#9177,#9179,.T.);
#9177=VERTEX_POINT('',#9178);
#9178=CARTESIAN_POINT('',(2.86,-4.5,0.15));
#9179=LINE('',#9173,#220);
#9180=ORIENTED_EDGE('',*,*,#9181,.T.);
#9181=EDGE_CURVE('',#9177,#9182,#9184,.T.);
#9182=VERTEX_POINT('',#9183);
#9183=CARTESIAN_POINT('',(2.86,-4.19,0.15));
#9184=LINE('',#9178,#181);
#9185=ORIENTED_EDGE('',*,*,#9186,.T.);
#9186=EDGE_CURVE('',#9182,#9187,#9189,.T.);
#9187=VERTEX_POINT('',#9188);
#9188=CARTESIAN_POINT('',(2.86,-4.052126914578,0.265689255127));
#9189=CIRCLE('',#9190,0.14);
#9190=AXIS2_PLACEMENT_3D('',#9168,#14,#190);
#9191=ORIENTED_EDGE('',*,*,#9192,.T.);
#9192=EDGE_CURVE('',#9187,#9193,#9195,.T.);
#9193=VERTEX_POINT('',#9194);
#9194=CARTESIAN_POINT('',(2.86,-3.987132399716,0.668412044417));
#9195=LINE('',#9188,#9196);
#9196=VECTOR('',#9197,1.);
#9197=DIRECTION('',(1.768875695283E-17,0.159326158443,0.987226000081));
#9198=ORIENTED_EDGE('',*,*,#9199,.T.);
#9199=EDGE_CURVE('',#9193,#9200,#9201,.T.);
#9200=VERTEX_POINT('',#9135);
#9201=CIRCLE('',#9202,0.25);
#9202=AXIS2_PLACEMENT_3D('',#9154,#168,#9203);
#9203=DIRECTION('',(-1.093356242224E-16,-0.984807753012,0.173648177667));
#9204=ORIENTED_EDGE('',*,*,#9205,.T.);
#9205=EDGE_CURVE('',#9200,#3881,#9134,.T.);
#9206=PLANE('',#9207);
#9207=AXIS2_PLACEMENT_3D('',#9208,#168,#13);
#9208=CARTESIAN_POINT('',(2.86,-3.931684054297,0.450095127207));
#9209=ADVANCED_FACE('',(#9210),#9224,.F.);
#9210=FACE_BOUND('',#9211,.F.);
#9211=EDGE_LOOP('',(#9212,#9213,#9220,#9223));
#9212=ORIENTED_EDGE('',*,*,#3907,.T.);
#9213=ORIENTED_EDGE('',*,*,#9214,.T.);
#9214=EDGE_CURVE('',#3902,#9215,#9217,.T.);
#9215=VERTEX_POINT('',#9216);
#9216=CARTESIAN_POINT('',(2.64,-3.839411236764,0.642364817767));
#9217=CIRCLE('',#9218,1.E-01);
#9218=AXIS2_PLACEMENT_3D('',#9219,#14,#13);
#9219=CARTESIAN_POINT('',(2.64,-3.740930461463,0.625));
#9220=ORIENTED_EDGE('',*,*,#9221,.F.);
#9221=EDGE_CURVE('',#9150,#9215,#9222,.T.);
#9222=LINE('',#9151,#167);
#9223=ORIENTED_EDGE('',*,*,#9149,.F.);
#9224=CYLINDRICAL_SURFACE('',#9153,1.E-01);
#9225=ADVANCED_FACE('',(#9226),#9275,.T.);
#9226=FACE_BOUND('',#9227,.T.);
#9227=EDGE_LOOP('',(#3914,#3900,#9213,#9228,#9233,#9240,#9245,#9250,#9255,#9261,#9266,#9272));
#9228=ORIENTED_EDGE('',*,*,#9229,.T.);
#9229=EDGE_CURVE('',#9215,#9230,#9232,.T.);
#9230=VERTEX_POINT('',#9231);
#9231=CARTESIAN_POINT('',(2.64,-3.904405751626,0.239642028477));
#9232=LINE('',#9216,#9160);
#9233=ORIENTED_EDGE('',*,*,#9234,.T.);
#9234=EDGE_CURVE('',#9230,#9235,#9237,.T.);
#9235=VERTEX_POINT('',#9236);
#9236=CARTESIAN_POINT('',(2.64,-4.19,-2.22044604925E-16));
#9237=CIRCLE('',#9238,0.29);
#9238=AXIS2_PLACEMENT_3D('',#9239,#168,#9169);
#9239=CARTESIAN_POINT('',(2.64,-4.19,0.29));
#9240=ORIENTED_EDGE('',*,*,#9241,.T.);
#9241=EDGE_CURVE('',#9235,#9242,#9244,.T.);
#9242=VERTEX_POINT('',#9243);
#9243=CARTESIAN_POINT('',(2.64,-4.5,-2.22044604925E-16));
#9244=LINE('',#9236,#153);
#9245=ORIENTED_EDGE('',*,*,#9246,.T.);
#9246=EDGE_CURVE('',#9242,#9247,#9249,.T.);
#9247=VERTEX_POINT('',#9248);
#9248=CARTESIAN_POINT('',(2.64,-4.5,0.15));
#9249=LINE('',#9243,#220);
#9250=ORIENTED_EDGE('',*,*,#9251,.T.);
#9251=EDGE_CURVE('',#9247,#9252,#9254,.T.);
#9252=VERTEX_POINT('',#9253);
#9253=CARTESIAN_POINT('',(2.64,-4.19,0.15));
#9254=LINE('',#9248,#181);
#9255=ORIENTED_EDGE('',*,*,#9256,.T.);
#9256=EDGE_CURVE('',#9252,#9257,#9259,.T.);
#9257=VERTEX_POINT('',#9258);
#9258=CARTESIAN_POINT('',(2.64,-4.052126914578,0.265689255127));
#9259=CIRCLE('',#9260,0.14);
#9260=AXIS2_PLACEMENT_3D('',#9239,#14,#190);
#9261=ORIENTED_EDGE('',*,*,#9262,.T.);
#9262=EDGE_CURVE('',#9257,#9263,#9265,.T.);
#9263=VERTEX_POINT('',#9264);
#9264=CARTESIAN_POINT('',(2.64,-3.987132399716,0.668412044417));
#9265=LINE('',#9258,#9196);
#9266=ORIENTED_EDGE('',*,*,#9267,.T.);
#9267=EDGE_CURVE('',#9263,#9268,#9270,.T.);
#9268=VERTEX_POINT('',#9269);
#9269=CARTESIAN_POINT('',(2.64,-3.740930461463,0.875));
#9270=CIRCLE('',#9271,0.25);
#9271=AXIS2_PLACEMENT_3D('',#9219,#168,#9203);
#9272=ORIENTED_EDGE('',*,*,#9273,.T.);
#9273=EDGE_CURVE('',#9268,#3916,#9274,.T.);
#9274=LINE('',#9269,#181);
#9275=PLANE('',#9276);
#9276=AXIS2_PLACEMENT_3D('',#9277,#168,#13);
#9277=CARTESIAN_POINT('',(2.64,-3.931684054297,0.450095127207));
#9278=ADVANCED_FACE('',(#9279),#1122,.F.);
#9279=FACE_BOUND('',#9280,.F.);
#9280=EDGE_LOOP('',(#9281,#9282,#9288,#9292));
#9281=ORIENTED_EDGE('',*,*,#3928,.T.);
#9282=ORIENTED_EDGE('',*,*,#9283,.T.);
#9283=EDGE_CURVE('',#3923,#9284,#9286,.T.);
#9284=VERTEX_POINT('',#9285);
#9285=CARTESIAN_POINT('',(2.36,-3.425,0.875));
#9286=LINE('',#9287,#181);
#9287=CARTESIAN_POINT('',(2.36,-3.740930461463,0.875));
#9288=ORIENTED_EDGE('',*,*,#9289,.F.);
#9289=EDGE_CURVE('',#9290,#9284,#5782,.T.);
#9290=VERTEX_POINT('',#9291);
#9291=CARTESIAN_POINT('',(2.64,-3.425,0.875));
#9292=ORIENTED_EDGE('',*,*,#9293,.F.);
#9293=EDGE_CURVE('',#3916,#9290,#9274,.T.);
#9294=ADVANCED_FACE('',(#9295),#9351,.F.);
#9295=FACE_BOUND('',#9296,.F.);
#9296=EDGE_LOOP('',(#9297,#9298,#9299,#9306,#9311,#9318,#9323,#9328,#9333,#9339,#9344,#9349));
#9297=ORIENTED_EDGE('',*,*,#3922,.F.);
#9298=ORIENTED_EDGE('',*,*,#3933,.T.);
#9299=ORIENTED_EDGE('',*,*,#9300,.T.);
#9300=EDGE_CURVE('',#3934,#9301,#9303,.T.);
#9301=VERTEX_POINT('',#9302);
#9302=CARTESIAN_POINT('',(2.36,-3.839411236764,0.642364817767));
#9303=CIRCLE('',#9304,1.E-01);
#9304=AXIS2_PLACEMENT_3D('',#9305,#14,#13);
#9305=CARTESIAN_POINT('',(2.36,-3.740930461463,0.625));
#9306=ORIENTED_EDGE('',*,*,#9307,.T.);
#9307=EDGE_CURVE('',#9301,#9308,#9310,.T.);
#9308=VERTEX_POINT('',#9309);
#9309=CARTESIAN_POINT('',(2.36,-3.904405751626,0.239642028477));
#9310=LINE('',#9302,#9160);
#9311=ORIENTED_EDGE('',*,*,#9312,.T.);
#9312=EDGE_CURVE('',#9308,#9313,#9315,.T.);
#9313=VERTEX_POINT('',#9314);
#9314=CARTESIAN_POINT('',(2.36,-4.19,-2.22044604925E-16));
#9315=CIRCLE('',#9316,0.29);
#9316=AXIS2_PLACEMENT_3D('',#9317,#168,#9169);
#9317=CARTESIAN_POINT('',(2.36,-4.19,0.29));
#9318=ORIENTED_EDGE('',*,*,#9319,.T.);
#9319=EDGE_CURVE('',#9313,#9320,#9322,.T.);
#9320=VERTEX_POINT('',#9321);
#9321=CARTESIAN_POINT('',(2.36,-4.5,-2.22044604925E-16));
#9322=LINE('',#9314,#153);
#9323=ORIENTED_EDGE('',*,*,#9324,.T.);
#9324=EDGE_CURVE('',#9320,#9325,#9327,.T.);
#9325=VERTEX_POINT('',#9326);
#9326=CARTESIAN_POINT('',(2.36,-4.5,0.15));
#9327=LINE('',#9321,#220);
#9328=ORIENTED_EDGE('',*,*,#9329,.T.);
#9329=EDGE_CURVE('',#9325,#9330,#9332,.T.);
#9330=VERTEX_POINT('',#9331);
#9331=CARTESIAN_POINT('',(2.36,-4.19,0.15));
#9332=LINE('',#9326,#181);
#9333=ORIENTED_EDGE('',*,*,#9334,.T.);
#9334=EDGE_CURVE('',#9330,#9335,#9337,.T.);
#9335=VERTEX_POINT('',#9336);
#9336=CARTESIAN_POINT('',(2.36,-4.052126914578,0.265689255127));
#9337=CIRCLE('',#9338,0.14);
#9338=AXIS2_PLACEMENT_3D('',#9317,#14,#190);
#9339=ORIENTED_EDGE('',*,*,#9340,.T.);
#9340=EDGE_CURVE('',#9335,#9341,#9343,.T.);
#9341=VERTEX_POINT('',#9342);
#9342=CARTESIAN_POINT('',(2.36,-3.987132399716,0.668412044417));
#9343=LINE('',#9336,#9196);
#9344=ORIENTED_EDGE('',*,*,#9345,.T.);
#9345=EDGE_CURVE('',#9341,#9346,#9347,.T.);
#9346=VERTEX_POINT('',#9287);
#9347=CIRCLE('',#9348,0.25);
#9348=AXIS2_PLACEMENT_3D('',#9305,#168,#9203);
#9349=ORIENTED_EDGE('',*,*,#9350,.T.);
#9350=EDGE_CURVE('',#9346,#3923,#9286,.T.);
#9351=PLANE('',#9352);
#9352=AXIS2_PLACEMENT_3D('',#9353,#168,#13);
#9353=CARTESIAN_POINT('',(2.36,-3.931684054297,0.450095127207));
#9354=ADVANCED_FACE('',(#9355),#9369,.F.);
#9355=FACE_BOUND('',#9356,.F.);
#9356=EDGE_LOOP('',(#9357,#9358,#9365,#9368));
#9357=ORIENTED_EDGE('',*,*,#3946,.T.);
#9358=ORIENTED_EDGE('',*,*,#9359,.T.);
#9359=EDGE_CURVE('',#3941,#9360,#9362,.T.);
#9360=VERTEX_POINT('',#9361);
#9361=CARTESIAN_POINT('',(2.14,-3.839411236764,0.642364817767));
#9362=CIRCLE('',#9363,1.E-01);
#9363=AXIS2_PLACEMENT_3D('',#9364,#14,#13);
#9364=CARTESIAN_POINT('',(2.14,-3.740930461463,0.625));
#9365=ORIENTED_EDGE('',*,*,#9366,.F.);
#9366=EDGE_CURVE('',#9301,#9360,#9367,.T.);
#9367=LINE('',#9302,#167);
#9368=ORIENTED_EDGE('',*,*,#9300,.F.);
#9369=CYLINDRICAL_SURFACE('',#9304,1.E-01);
#9370=ADVANCED_FACE('',(#9371),#9420,.T.);
#9371=FACE_BOUND('',#9372,.T.);
#9372=EDGE_LOOP('',(#3953,#3939,#9358,#9373,#9378,#9385,#9390,#9395,#9400,#9406,#9411,#9417));
#9373=ORIENTED_EDGE('',*,*,#9374,.T.);
#9374=EDGE_CURVE('',#9360,#9375,#9377,.T.);
#9375=VERTEX_POINT('',#9376);
#9376=CARTESIAN_POINT('',(2.14,-3.904405751626,0.239642028477));
#9377=LINE('',#9361,#9160);
#9378=ORIENTED_EDGE('',*,*,#9379,.T.);
#9379=EDGE_CURVE('',#9375,#9380,#9382,.T.);
#9380=VERTEX_POINT('',#9381);
#9381=CARTESIAN_POINT('',(2.14,-4.19,-2.22044604925E-16));
#9382=CIRCLE('',#9383,0.29);
#9383=AXIS2_PLACEMENT_3D('',#9384,#168,#9169);
#9384=CARTESIAN_POINT('',(2.14,-4.19,0.29));
#9385=ORIENTED_EDGE('',*,*,#9386,.T.);
#9386=EDGE_CURVE('',#9380,#9387,#9389,.T.);
#9387=VERTEX_POINT('',#9388);
#9388=CARTESIAN_POINT('',(2.14,-4.5,-2.22044604925E-16));
#9389=LINE('',#9381,#153);
#9390=ORIENTED_EDGE('',*,*,#9391,.T.);
#9391=EDGE_CURVE('',#9387,#9392,#9394,.T.);
#9392=VERTEX_POINT('',#9393);
#9393=CARTESIAN_POINT('',(2.14,-4.5,0.15));
#9394=LINE('',#9388,#220);
#9395=ORIENTED_EDGE('',*,*,#9396,.T.);
#9396=EDGE_CURVE('',#9392,#9397,#9399,.T.);
#9397=VERTEX_POINT('',#9398);
#9398=CARTESIAN_POINT('',(2.14,-4.19,0.15));
#9399=LINE('',#9393,#181);
#9400=ORIENTED_EDGE('',*,*,#9401,.T.);
#9401=EDGE_CURVE('',#9397,#9402,#9404,.T.);
#9402=VERTEX_POINT('',#9403);
#9403=CARTESIAN_POINT('',(2.14,-4.052126914578,0.265689255127));
#9404=CIRCLE('',#9405,0.14);
#9405=AXIS2_PLACEMENT_3D('',#9384,#14,#190);
#9406=ORIENTED_EDGE('',*,*,#9407,.T.);
#9407=EDGE_CURVE('',#9402,#9408,#9410,.T.);
#9408=VERTEX_POINT('',#9409);
#9409=CARTESIAN_POINT('',(2.14,-3.987132399716,0.668412044417));
#9410=LINE('',#9403,#9196);
#9411=ORIENTED_EDGE('',*,*,#9412,.T.);
#9412=EDGE_CURVE('',#9408,#9413,#9415,.T.);
#9413=VERTEX_POINT('',#9414);
#9414=CARTESIAN_POINT('',(2.14,-3.740930461463,0.875));
#9415=CIRCLE('',#9416,0.25);
#9416=AXIS2_PLACEMENT_3D('',#9364,#168,#9203);
#9417=ORIENTED_EDGE('',*,*,#9418,.T.);
#9418=EDGE_CURVE('',#9413,#3955,#9419,.T.);
#9419=LINE('',#9414,#181);
#9420=PLANE('',#9421);
#9421=AXIS2_PLACEMENT_3D('',#9422,#168,#13);
#9422=CARTESIAN_POINT('',(2.14,-3.931684054297,0.450095127207));
#9423=ADVANCED_FACE('',(#9424),#1122,.F.);
#9424=FACE_BOUND('',#9425,.F.);
#9425=EDGE_LOOP('',(#9426,#9427,#9433,#9437));
#9426=ORIENTED_EDGE('',*,*,#3967,.T.);
#9427=ORIENTED_EDGE('',*,*,#9428,.T.);
#9428=EDGE_CURVE('',#3962,#9429,#9431,.T.);
#9429=VERTEX_POINT('',#9430);
#9430=CARTESIAN_POINT('',(1.86,-3.425,0.875));
#9431=LINE('',#9432,#181);
#9432=CARTESIAN_POINT('',(1.86,-3.740930461463,0.875));
#9433=ORIENTED_EDGE('',*,*,#9434,.F.);
#9434=EDGE_CURVE('',#9435,#9429,#5782,.T.);
#9435=VERTEX_POINT('',#9436);
#9436=CARTESIAN_POINT('',(2.14,-3.425,0.875));
#9437=ORIENTED_EDGE('',*,*,#9438,.F.);
#9438=EDGE_CURVE('',#3955,#9435,#9419,.T.);
#9439=ADVANCED_FACE('',(#9440),#9496,.F.);
#9440=FACE_BOUND('',#9441,.F.);
#9441=EDGE_LOOP('',(#9442,#9443,#9444,#9451,#9456,#9463,#9468,#9473,#9478,#9484,#9489,#9494));
#9442=ORIENTED_EDGE('',*,*,#3961,.F.);
#9443=ORIENTED_EDGE('',*,*,#3972,.T.);
#9444=ORIENTED_EDGE('',*,*,#9445,.T.);
#9445=EDGE_CURVE('',#3973,#9446,#9448,.T.);
#9446=VERTEX_POINT('',#9447);
#9447=CARTESIAN_POINT('',(1.86,-3.839411236764,0.642364817767));
#9448=CIRCLE('',#9449,1.E-01);
#9449=AXIS2_PLACEMENT_3D('',#9450,#14,#13);
#9450=CARTESIAN_POINT('',(1.86,-3.740930461463,0.625));
#9451=ORIENTED_EDGE('',*,*,#9452,.T.);
#9452=EDGE_CURVE('',#9446,#9453,#9455,.T.);
#9453=VERTEX_POINT('',#9454);
#9454=CARTESIAN_POINT('',(1.86,-3.904405751626,0.239642028477));
#9455=LINE('',#9447,#9160);
#9456=ORIENTED_EDGE('',*,*,#9457,.T.);
#9457=EDGE_CURVE('',#9453,#9458,#9460,.T.);
#9458=VERTEX_POINT('',#9459);
#9459=CARTESIAN_POINT('',(1.86,-4.19,-2.22044604925E-16));
#9460=CIRCLE('',#9461,0.29);
#9461=AXIS2_PLACEMENT_3D('',#9462,#168,#9169);
#9462=CARTESIAN_POINT('',(1.86,-4.19,0.29));
#9463=ORIENTED_EDGE('',*,*,#9464,.T.);
#9464=EDGE_CURVE('',#9458,#9465,#9467,.T.);
#9465=VERTEX_POINT('',#9466);
#9466=CARTESIAN_POINT('',(1.86,-4.5,-2.22044604925E-16));
#9467=LINE('',#9459,#153);
#9468=ORIENTED_EDGE('',*,*,#9469,.T.);
#9469=EDGE_CURVE('',#9465,#9470,#9472,.T.);
#9470=VERTEX_POINT('',#9471);
#9471=CARTESIAN_POINT('',(1.86,-4.5,0.15));
#9472=LINE('',#9466,#220);
#9473=ORIENTED_EDGE('',*,*,#9474,.T.);
#9474=EDGE_CURVE('',#9470,#9475,#9477,.T.);
#9475=VERTEX_POINT('',#9476);
#9476=CARTESIAN_POINT('',(1.86,-4.19,0.15));
#9477=LINE('',#9471,#181);
#9478=ORIENTED_EDGE('',*,*,#9479,.T.);
#9479=EDGE_CURVE('',#9475,#9480,#9482,.T.);
#9480=VERTEX_POINT('',#9481);
#9481=CARTESIAN_POINT('',(1.86,-4.052126914578,0.265689255127));
#9482=CIRCLE('',#9483,0.14);
#9483=AXIS2_PLACEMENT_3D('',#9462,#14,#190);
#9484=ORIENTED_EDGE('',*,*,#9485,.T.);
#9485=EDGE_CURVE('',#9480,#9486,#9488,.T.);
#9486=VERTEX_POINT('',#9487);
#9487=CARTESIAN_POINT('',(1.86,-3.987132399716,0.668412044417));
#9488=LINE('',#9481,#9196);
#9489=ORIENTED_EDGE('',*,*,#9490,.T.);
#9490=EDGE_CURVE('',#9486,#9491,#9492,.T.);
#9491=VERTEX_POINT('',#9432);
#9492=CIRCLE('',#9493,0.25);
#9493=AXIS2_PLACEMENT_3D('',#9450,#168,#9203);
#9494=ORIENTED_EDGE('',*,*,#9495,.T.);
#9495=EDGE_CURVE('',#9491,#3962,#9431,.T.);
#9496=PLANE('',#9497);
#9497=AXIS2_PLACEMENT_3D('',#9498,#168,#13);
#9498=CARTESIAN_POINT('',(1.86,-3.931684054297,0.450095127207));
#9499=ADVANCED_FACE('',(#9500),#9514,.F.);
#9500=FACE_BOUND('',#9501,.F.);
#9501=EDGE_LOOP('',(#9502,#9503,#9510,#9513));
#9502=ORIENTED_EDGE('',*,*,#3985,.T.);
#9503=ORIENTED_EDGE('',*,*,#9504,.T.);
#9504=EDGE_CURVE('',#3980,#9505,#9507,.T.);
#9505=VERTEX_POINT('',#9506);
#9506=CARTESIAN_POINT('',(1.64,-3.839411236764,0.642364817767));
#9507=CIRCLE('',#9508,1.E-01);
#9508=AXIS2_PLACEMENT_3D('',#9509,#14,#13);
#9509=CARTESIAN_POINT('',(1.64,-3.740930461463,0.625));
#9510=ORIENTED_EDGE('',*,*,#9511,.F.);
#9511=EDGE_CURVE('',#9446,#9505,#9512,.T.);
#9512=LINE('',#9447,#167);
#9513=ORIENTED_EDGE('',*,*,#9445,.F.);
#9514=CYLINDRICAL_SURFACE('',#9449,1.E-01);
#9515=ADVANCED_FACE('',(#9516),#9565,.T.);
#9516=FACE_BOUND('',#9517,.T.);
#9517=EDGE_LOOP('',(#3992,#3978,#9503,#9518,#9523,#9530,#9535,#9540,#9545,#9551,#9556,#9562));
#9518=ORIENTED_EDGE('',*,*,#9519,.T.);
#9519=EDGE_CURVE('',#9505,#9520,#9522,.T.);
#9520=VERTEX_POINT('',#9521);
#9521=CARTESIAN_POINT('',(1.64,-3.904405751626,0.239642028477));
#9522=LINE('',#9506,#9160);
#9523=ORIENTED_EDGE('',*,*,#9524,.T.);
#9524=EDGE_CURVE('',#9520,#9525,#9527,.T.);
#9525=VERTEX_POINT('',#9526);
#9526=CARTESIAN_POINT('',(1.64,-4.19,-2.22044604925E-16));
#9527=CIRCLE('',#9528,0.29);
#9528=AXIS2_PLACEMENT_3D('',#9529,#168,#9169);
#9529=CARTESIAN_POINT('',(1.64,-4.19,0.29));
#9530=ORIENTED_EDGE('',*,*,#9531,.T.);
#9531=EDGE_CURVE('',#9525,#9532,#9534,.T.);
#9532=VERTEX_POINT('',#9533);
#9533=CARTESIAN_POINT('',(1.64,-4.5,-2.22044604925E-16));
#9534=LINE('',#9526,#153);
#9535=ORIENTED_EDGE('',*,*,#9536,.T.);
#9536=EDGE_CURVE('',#9532,#9537,#9539,.T.);
#9537=VERTEX_POINT('',#9538);
#9538=CARTESIAN_POINT('',(1.64,-4.5,0.15));
#9539=LINE('',#9533,#220);
#9540=ORIENTED_EDGE('',*,*,#9541,.T.);
#9541=EDGE_CURVE('',#9537,#9542,#9544,.T.);
#9542=VERTEX_POINT('',#9543);
#9543=CARTESIAN_POINT('',(1.64,-4.19,0.15));
#9544=LINE('',#9538,#181);
#9545=ORIENTED_EDGE('',*,*,#9546,.T.);
#9546=EDGE_CURVE('',#9542,#9547,#9549,.T.);
#9547=VERTEX_POINT('',#9548);
#9548=CARTESIAN_POINT('',(1.64,-4.052126914578,0.265689255127));
#9549=CIRCLE('',#9550,0.14);
#9550=AXIS2_PLACEMENT_3D('',#9529,#14,#190);
#9551=ORIENTED_EDGE('',*,*,#9552,.T.);
#9552=EDGE_CURVE('',#9547,#9553,#9555,.T.);
#9553=VERTEX_POINT('',#9554);
#9554=CARTESIAN_POINT('',(1.64,-3.987132399716,0.668412044417));
#9555=LINE('',#9548,#9196);
#9556=ORIENTED_EDGE('',*,*,#9557,.T.);
#9557=EDGE_CURVE('',#9553,#9558,#9560,.T.);
#9558=VERTEX_POINT('',#9559);
#9559=CARTESIAN_POINT('',(1.64,-3.740930461463,0.875));
#9560=CIRCLE('',#9561,0.25);
#9561=AXIS2_PLACEMENT_3D('',#9509,#168,#9203);
#9562=ORIENTED_EDGE('',*,*,#9563,.T.);
#9563=EDGE_CURVE('',#9558,#3994,#9564,.T.);
#9564=LINE('',#9559,#181);
#9565=PLANE('',#9566);
#9566=AXIS2_PLACEMENT_3D('',#9567,#168,#13);
#9567=CARTESIAN_POINT('',(1.64,-3.931684054297,0.450095127207));
#9568=ADVANCED_FACE('',(#9569),#1122,.F.);
#9569=FACE_BOUND('',#9570,.F.);
#9570=EDGE_LOOP('',(#9571,#9572,#9578,#9582));
#9571=ORIENTED_EDGE('',*,*,#4006,.T.);
#9572=ORIENTED_EDGE('',*,*,#9573,.T.);
#9573=EDGE_CURVE('',#4001,#9574,#9576,.T.);
#9574=VERTEX_POINT('',#9575);
#9575=CARTESIAN_POINT('',(1.36,-3.425,0.875));
#9576=LINE('',#9577,#181);
#9577=CARTESIAN_POINT('',(1.36,-3.740930461463,0.875));
#9578=ORIENTED_EDGE('',*,*,#9579,.F.);
#9579=EDGE_CURVE('',#9580,#9574,#5782,.T.);
#9580=VERTEX_POINT('',#9581);
#9581=CARTESIAN_POINT('',(1.64,-3.425,0.875));
#9582=ORIENTED_EDGE('',*,*,#9583,.F.);
#9583=EDGE_CURVE('',#3994,#9580,#9564,.T.);
#9584=ADVANCED_FACE('',(#9585),#9641,.F.);
#9585=FACE_BOUND('',#9586,.F.);
#9586=EDGE_LOOP('',(#9587,#9588,#9589,#9596,#9601,#9608,#9613,#9618,#9623,#9629,#9634,#9639));
#9587=ORIENTED_EDGE('',*,*,#4000,.F.);
#9588=ORIENTED_EDGE('',*,*,#4011,.T.);
#9589=ORIENTED_EDGE('',*,*,#9590,.T.);
#9590=EDGE_CURVE('',#4012,#9591,#9593,.T.);
#9591=VERTEX_POINT('',#9592);
#9592=CARTESIAN_POINT('',(1.36,-3.839411236764,0.642364817767));
#9593=CIRCLE('',#9594,1.E-01);
#9594=AXIS2_PLACEMENT_3D('',#9595,#14,#13);
#9595=CARTESIAN_POINT('',(1.36,-3.740930461463,0.625));
#9596=ORIENTED_EDGE('',*,*,#9597,.T.);
#9597=EDGE_CURVE('',#9591,#9598,#9600,.T.);
#9598=VERTEX_POINT('',#9599);
#9599=CARTESIAN_POINT('',(1.36,-3.904405751626,0.239642028477));
#9600=LINE('',#9592,#9160);
#9601=ORIENTED_EDGE('',*,*,#9602,.T.);
#9602=EDGE_CURVE('',#9598,#9603,#9605,.T.);
#9603=VERTEX_POINT('',#9604);
#9604=CARTESIAN_POINT('',(1.36,-4.19,-2.22044604925E-16));
#9605=CIRCLE('',#9606,0.29);
#9606=AXIS2_PLACEMENT_3D('',#9607,#168,#9169);
#9607=CARTESIAN_POINT('',(1.36,-4.19,0.29));
#9608=ORIENTED_EDGE('',*,*,#9609,.T.);
#9609=EDGE_CURVE('',#9603,#9610,#9612,.T.);
#9610=VERTEX_POINT('',#9611);
#9611=CARTESIAN_POINT('',(1.36,-4.5,-2.22044604925E-16));
#9612=LINE('',#9604,#153);
#9613=ORIENTED_EDGE('',*,*,#9614,.T.);
#9614=EDGE_CURVE('',#9610,#9615,#9617,.T.);
#9615=VERTEX_POINT('',#9616);
#9616=CARTESIAN_POINT('',(1.36,-4.5,0.15));
#9617=LINE('',#9611,#220);
#9618=ORIENTED_EDGE('',*,*,#9619,.T.);
#9619=EDGE_CURVE('',#9615,#9620,#9622,.T.);
#9620=VERTEX_POINT('',#9621);
#9621=CARTESIAN_POINT('',(1.36,-4.19,0.15));
#9622=LINE('',#9616,#181);
#9623=ORIENTED_EDGE('',*,*,#9624,.T.);
#9624=EDGE_CURVE('',#9620,#9625,#9627,.T.);
#9625=VERTEX_POINT('',#9626);
#9626=CARTESIAN_POINT('',(1.36,-4.052126914578,0.265689255127));
#9627=CIRCLE('',#9628,0.14);
#9628=AXIS2_PLACEMENT_3D('',#9607,#14,#190);
#9629=ORIENTED_EDGE('',*,*,#9630,.T.);
#9630=EDGE_CURVE('',#9625,#9631,#9633,.T.);
#9631=VERTEX_POINT('',#9632);
#9632=CARTESIAN_POINT('',(1.36,-3.987132399716,0.668412044417));
#9633=LINE('',#9626,#9196);
#9634=ORIENTED_EDGE('',*,*,#9635,.T.);
#9635=EDGE_CURVE('',#9631,#9636,#9637,.T.);
#9636=VERTEX_POINT('',#9577);
#9637=CIRCLE('',#9638,0.25);
#9638=AXIS2_PLACEMENT_3D('',#9595,#168,#9203);
#9639=ORIENTED_EDGE('',*,*,#9640,.T.);
#9640=EDGE_CURVE('',#9636,#4001,#9576,.T.);
#9641=PLANE('',#9642);
#9642=AXIS2_PLACEMENT_3D('',#9643,#168,#13);
#9643=CARTESIAN_POINT('',(1.36,-3.931684054297,0.450095127207));
#9644=ADVANCED_FACE('',(#9645),#9659,.F.);
#9645=FACE_BOUND('',#9646,.F.);
#9646=EDGE_LOOP('',(#9647,#9648,#9655,#9658));
#9647=ORIENTED_EDGE('',*,*,#4024,.T.);
#9648=ORIENTED_EDGE('',*,*,#9649,.T.);
#9649=EDGE_CURVE('',#4019,#9650,#9652,.T.);
#9650=VERTEX_POINT('',#9651);
#9651=CARTESIAN_POINT('',(1.14,-3.839411236764,0.642364817767));
#9652=CIRCLE('',#9653,1.E-01);
#9653=AXIS2_PLACEMENT_3D('',#9654,#14,#13);
#9654=CARTESIAN_POINT('',(1.14,-3.740930461463,0.625));
#9655=ORIENTED_EDGE('',*,*,#9656,.F.);
#9656=EDGE_CURVE('',#9591,#9650,#9657,.T.);
#9657=LINE('',#9592,#167);
#9658=ORIENTED_EDGE('',*,*,#9590,.F.);
#9659=CYLINDRICAL_SURFACE('',#9594,1.E-01);
#9660=ADVANCED_FACE('',(#9661),#9710,.T.);
#9661=FACE_BOUND('',#9662,.T.);
#9662=EDGE_LOOP('',(#4031,#4017,#9648,#9663,#9668,#9675,#9680,#9685,#9690,#9696,#9701,#9707));
#9663=ORIENTED_EDGE('',*,*,#9664,.T.);
#9664=EDGE_CURVE('',#9650,#9665,#9667,.T.);
#9665=VERTEX_POINT('',#9666);
#9666=CARTESIAN_POINT('',(1.14,-3.904405751626,0.239642028477));
#9667=LINE('',#9651,#9160);
#9668=ORIENTED_EDGE('',*,*,#9669,.T.);
#9669=EDGE_CURVE('',#9665,#9670,#9672,.T.);
#9670=VERTEX_POINT('',#9671);
#9671=CARTESIAN_POINT('',(1.14,-4.19,-2.22044604925E-16));
#9672=CIRCLE('',#9673,0.29);
#9673=AXIS2_PLACEMENT_3D('',#9674,#168,#9169);
#9674=CARTESIAN_POINT('',(1.14,-4.19,0.29));
#9675=ORIENTED_EDGE('',*,*,#9676,.T.);
#9676=EDGE_CURVE('',#9670,#9677,#9679,.T.);
#9677=VERTEX_POINT('',#9678);
#9678=CARTESIAN_POINT('',(1.14,-4.5,-2.22044604925E-16));
#9679=LINE('',#9671,#153);
#9680=ORIENTED_EDGE('',*,*,#9681,.T.);
#9681=EDGE_CURVE('',#9677,#9682,#9684,.T.);
#9682=VERTEX_POINT('',#9683);
#9683=CARTESIAN_POINT('',(1.14,-4.5,0.15));
#9684=LINE('',#9678,#220);
#9685=ORIENTED_EDGE('',*,*,#9686,.T.);
#9686=EDGE_CURVE('',#9682,#9687,#9689,.T.);
#9687=VERTEX_POINT('',#9688);
#9688=CARTESIAN_POINT('',(1.14,-4.19,0.15));
#9689=LINE('',#9683,#181);
#9690=ORIENTED_EDGE('',*,*,#9691,.T.);
#9691=EDGE_CURVE('',#9687,#9692,#9694,.T.);
#9692=VERTEX_POINT('',#9693);
#9693=CARTESIAN_POINT('',(1.14,-4.052126914578,0.265689255127));
#9694=CIRCLE('',#9695,0.14);
#9695=AXIS2_PLACEMENT_3D('',#9674,#14,#190);
#9696=ORIENTED_EDGE('',*,*,#9697,.T.);
#9697=EDGE_CURVE('',#9692,#9698,#9700,.T.);
#9698=VERTEX_POINT('',#9699);
#9699=CARTESIAN_POINT('',(1.14,-3.987132399716,0.668412044417));
#9700=LINE('',#9693,#9196);
#9701=ORIENTED_EDGE('',*,*,#9702,.T.);
#9702=EDGE_CURVE('',#9698,#9703,#9705,.T.);
#9703=VERTEX_POINT('',#9704);
#9704=CARTESIAN_POINT('',(1.14,-3.740930461463,0.875));
#9705=CIRCLE('',#9706,0.25);
#9706=AXIS2_PLACEMENT_3D('',#9654,#168,#9203);
#9707=ORIENTED_EDGE('',*,*,#9708,.T.);
#9708=EDGE_CURVE('',#9703,#4033,#9709,.T.);
#9709=LINE('',#9704,#181);
#9710=PLANE('',#9711);
#9711=AXIS2_PLACEMENT_3D('',#9712,#168,#13);
#9712=CARTESIAN_POINT('',(1.14,-3.931684054297,0.450095127207));
#9713=ADVANCED_FACE('',(#9714),#1122,.F.);
#9714=FACE_BOUND('',#9715,.F.);
#9715=EDGE_LOOP('',(#9716,#9717,#9723,#9727));
#9716=ORIENTED_EDGE('',*,*,#4045,.T.);
#9717=ORIENTED_EDGE('',*,*,#9718,.T.);
#9718=EDGE_CURVE('',#4040,#9719,#9721,.T.);
#9719=VERTEX_POINT('',#9720);
#9720=CARTESIAN_POINT('',(0.86,-3.425,0.875));
#9721=LINE('',#9722,#181);
#9722=CARTESIAN_POINT('',(0.86,-3.740930461463,0.875));
#9723=ORIENTED_EDGE('',*,*,#9724,.F.);
#9724=EDGE_CURVE('',#9725,#9719,#5782,.T.);
#9725=VERTEX_POINT('',#9726);
#9726=CARTESIAN_POINT('',(1.14,-3.425,0.875));
#9727=ORIENTED_EDGE('',*,*,#9728,.F.);
#9728=EDGE_CURVE('',#4033,#9725,#9709,.T.);
#9729=ADVANCED_FACE('',(#9730),#9786,.F.);
#9730=FACE_BOUND('',#9731,.F.);
#9731=EDGE_LOOP('',(#9732,#9733,#9734,#9741,#9746,#9753,#9758,#9763,#9768,#9774,#9779,#9784));
#9732=ORIENTED_EDGE('',*,*,#4039,.F.);
#9733=ORIENTED_EDGE('',*,*,#4050,.T.);
#9734=ORIENTED_EDGE('',*,*,#9735,.T.);
#9735=EDGE_CURVE('',#4051,#9736,#9738,.T.);
#9736=VERTEX_POINT('',#9737);
#9737=CARTESIAN_POINT('',(0.86,-3.839411236764,0.642364817767));
#9738=CIRCLE('',#9739,1.E-01);
#9739=AXIS2_PLACEMENT_3D('',#9740,#14,#13);
#9740=CARTESIAN_POINT('',(0.86,-3.740930461463,0.625));
#9741=ORIENTED_EDGE('',*,*,#9742,.T.);
#9742=EDGE_CURVE('',#9736,#9743,#9745,.T.);
#9743=VERTEX_POINT('',#9744);
#9744=CARTESIAN_POINT('',(0.86,-3.904405751626,0.239642028477));
#9745=LINE('',#9737,#9160);
#9746=ORIENTED_EDGE('',*,*,#9747,.T.);
#9747=EDGE_CURVE('',#9743,#9748,#9750,.T.);
#9748=VERTEX_POINT('',#9749);
#9749=CARTESIAN_POINT('',(0.86,-4.19,-2.22044604925E-16));
#9750=CIRCLE('',#9751,0.29);
#9751=AXIS2_PLACEMENT_3D('',#9752,#168,#9169);
#9752=CARTESIAN_POINT('',(0.86,-4.19,0.29));
#9753=ORIENTED_EDGE('',*,*,#9754,.T.);
#9754=EDGE_CURVE('',#9748,#9755,#9757,.T.);
#9755=VERTEX_POINT('',#9756);
#9756=CARTESIAN_POINT('',(0.86,-4.5,-2.22044604925E-16));
#9757=LINE('',#9749,#153);
#9758=ORIENTED_EDGE('',*,*,#9759,.T.);
#9759=EDGE_CURVE('',#9755,#9760,#9762,.T.);
#9760=VERTEX_POINT('',#9761);
#9761=CARTESIAN_POINT('',(0.86,-4.5,0.15));
#9762=LINE('',#9756,#220);
#9763=ORIENTED_EDGE('',*,*,#9764,.T.);
#9764=EDGE_CURVE('',#9760,#9765,#9767,.T.);
#9765=VERTEX_POINT('',#9766);
#9766=CARTESIAN_POINT('',(0.86,-4.19,0.15));
#9767=LINE('',#9761,#181);
#9768=ORIENTED_EDGE('',*,*,#9769,.T.);
#9769=EDGE_CURVE('',#9765,#9770,#9772,.T.);
#9770=VERTEX_POINT('',#9771);
#9771=CARTESIAN_POINT('',(0.86,-4.052126914578,0.265689255127));
#9772=CIRCLE('',#9773,0.14);
#9773=AXIS2_PLACEMENT_3D('',#9752,#14,#190);
#9774=ORIENTED_EDGE('',*,*,#9775,.T.);
#9775=EDGE_CURVE('',#9770,#9776,#9778,.T.);
#9776=VERTEX_POINT('',#9777);
#9777=CARTESIAN_POINT('',(0.86,-3.987132399716,0.668412044417));
#9778=LINE('',#9771,#9196);
#9779=ORIENTED_EDGE('',*,*,#9780,.T.);
#9780=EDGE_CURVE('',#9776,#9781,#9782,.T.);
#9781=VERTEX_POINT('',#9722);
#9782=CIRCLE('',#9783,0.25);
#9783=AXIS2_PLACEMENT_3D('',#9740,#168,#9203);
#9784=ORIENTED_EDGE('',*,*,#9785,.T.);
#9785=EDGE_CURVE('',#9781,#4040,#9721,.T.);
#9786=PLANE('',#9787);
#9787=AXIS2_PLACEMENT_3D('',#9788,#168,#13);
#9788=CARTESIAN_POINT('',(0.86,-3.931684054297,0.450095127207));
#9789=ADVANCED_FACE('',(#9790),#9804,.F.);
#9790=FACE_BOUND('',#9791,.F.);
#9791=EDGE_LOOP('',(#9792,#9793,#9800,#9803));
#9792=ORIENTED_EDGE('',*,*,#4063,.T.);
#9793=ORIENTED_EDGE('',*,*,#9794,.T.);
#9794=EDGE_CURVE('',#4058,#9795,#9797,.T.);
#9795=VERTEX_POINT('',#9796);
#9796=CARTESIAN_POINT('',(0.64,-3.839411236764,0.642364817767));
#9797=CIRCLE('',#9798,1.E-01);
#9798=AXIS2_PLACEMENT_3D('',#9799,#14,#13);
#9799=CARTESIAN_POINT('',(0.64,-3.740930461463,0.625));
#9800=ORIENTED_EDGE('',*,*,#9801,.F.);
#9801=EDGE_CURVE('',#9736,#9795,#9802,.T.);
#9802=LINE('',#9737,#167);
#9803=ORIENTED_EDGE('',*,*,#9735,.F.);
#9804=CYLINDRICAL_SURFACE('',#9739,1.E-01);
#9805=ADVANCED_FACE('',(#9806),#9855,.T.);
#9806=FACE_BOUND('',#9807,.T.);
#9807=EDGE_LOOP('',(#4070,#4056,#9793,#9808,#9813,#9820,#9825,#9830,#9835,#9841,#9846,#9852));
#9808=ORIENTED_EDGE('',*,*,#9809,.T.);
#9809=EDGE_CURVE('',#9795,#9810,#9812,.T.);
#9810=VERTEX_POINT('',#9811);
#9811=CARTESIAN_POINT('',(0.64,-3.904405751626,0.239642028477));
#9812=LINE('',#9796,#9160);
#9813=ORIENTED_EDGE('',*,*,#9814,.T.);
#9814=EDGE_CURVE('',#9810,#9815,#9817,.T.);
#9815=VERTEX_POINT('',#9816);
#9816=CARTESIAN_POINT('',(0.64,-4.19,-2.22044604925E-16));
#9817=CIRCLE('',#9818,0.29);
#9818=AXIS2_PLACEMENT_3D('',#9819,#168,#9169);
#9819=CARTESIAN_POINT('',(0.64,-4.19,0.29));
#9820=ORIENTED_EDGE('',*,*,#9821,.T.);
#9821=EDGE_CURVE('',#9815,#9822,#9824,.T.);
#9822=VERTEX_POINT('',#9823);
#9823=CARTESIAN_POINT('',(0.64,-4.5,-2.22044604925E-16));
#9824=LINE('',#9816,#153);
#9825=ORIENTED_EDGE('',*,*,#9826,.T.);
#9826=EDGE_CURVE('',#9822,#9827,#9829,.T.);
#9827=VERTEX_POINT('',#9828);
#9828=CARTESIAN_POINT('',(0.64,-4.5,0.15));
#9829=LINE('',#9823,#220);
#9830=ORIENTED_EDGE('',*,*,#9831,.T.);
#9831=EDGE_CURVE('',#9827,#9832,#9834,.T.);
#9832=VERTEX_POINT('',#9833);
#9833=CARTESIAN_POINT('',(0.64,-4.19,0.15));
#9834=LINE('',#9828,#181);
#9835=ORIENTED_EDGE('',*,*,#9836,.T.);
#9836=EDGE_CURVE('',#9832,#9837,#9839,.T.);
#9837=VERTEX_POINT('',#9838);
#9838=CARTESIAN_POINT('',(0.64,-4.052126914578,0.265689255127));
#9839=CIRCLE('',#9840,0.14);
#9840=AXIS2_PLACEMENT_3D('',#9819,#14,#190);
#9841=ORIENTED_EDGE('',*,*,#9842,.T.);
#9842=EDGE_CURVE('',#9837,#9843,#9845,.T.);
#9843=VERTEX_POINT('',#9844);
#9844=CARTESIAN_POINT('',(0.64,-3.987132399716,0.668412044417));
#9845=LINE('',#9838,#9196);
#9846=ORIENTED_EDGE('',*,*,#9847,.T.);
#9847=EDGE_CURVE('',#9843,#9848,#9850,.T.);
#9848=VERTEX_POINT('',#9849);
#9849=CARTESIAN_POINT('',(0.64,-3.740930461463,0.875));
#9850=CIRCLE('',#9851,0.25);
#9851=AXIS2_PLACEMENT_3D('',#9799,#168,#9203);
#9852=ORIENTED_EDGE('',*,*,#9853,.T.);
#9853=EDGE_CURVE('',#9848,#4072,#9854,.T.);
#9854=LINE('',#9849,#181);
#9855=PLANE('',#9856);
#9856=AXIS2_PLACEMENT_3D('',#9857,#168,#13);
#9857=CARTESIAN_POINT('',(0.64,-3.931684054297,0.450095127207));
#9858=ADVANCED_FACE('',(#9859),#1122,.F.);
#9859=FACE_BOUND('',#9860,.F.);
#9860=EDGE_LOOP('',(#9861,#9862,#9868,#9872));
#9861=ORIENTED_EDGE('',*,*,#4084,.T.);
#9862=ORIENTED_EDGE('',*,*,#9863,.T.);
#9863=EDGE_CURVE('',#4079,#9864,#9866,.T.);
#9864=VERTEX_POINT('',#9865);
#9865=CARTESIAN_POINT('',(0.36,-3.425,0.875));
#9866=LINE('',#9867,#181);
#9867=CARTESIAN_POINT('',(0.36,-3.740930461463,0.875));
#9868=ORIENTED_EDGE('',*,*,#9869,.F.);
#9869=EDGE_CURVE('',#9870,#9864,#5782,.T.);
#9870=VERTEX_POINT('',#9871);
#9871=CARTESIAN_POINT('',(0.64,-3.425,0.875));
#9872=ORIENTED_EDGE('',*,*,#9873,.F.);
#9873=EDGE_CURVE('',#4072,#9870,#9854,.T.);
#9874=ADVANCED_FACE('',(#9875),#9931,.F.);
#9875=FACE_BOUND('',#9876,.F.);
#9876=EDGE_LOOP('',(#9877,#9878,#9879,#9886,#9891,#9898,#9903,#9908,#9913,#9919,#9924,#9929));
#9877=ORIENTED_EDGE('',*,*,#4078,.F.);
#9878=ORIENTED_EDGE('',*,*,#4089,.T.);
#9879=ORIENTED_EDGE('',*,*,#9880,.T.);
#9880=EDGE_CURVE('',#4090,#9881,#9883,.T.);
#9881=VERTEX_POINT('',#9882);
#9882=CARTESIAN_POINT('',(0.36,-3.839411236764,0.642364817767));
#9883=CIRCLE('',#9884,1.E-01);
#9884=AXIS2_PLACEMENT_3D('',#9885,#14,#13);
#9885=CARTESIAN_POINT('',(0.36,-3.740930461463,0.625));
#9886=ORIENTED_EDGE('',*,*,#9887,.T.);
#9887=EDGE_CURVE('',#9881,#9888,#9890,.T.);
#9888=VERTEX_POINT('',#9889);
#9889=CARTESIAN_POINT('',(0.36,-3.904405751626,0.239642028477));
#9890=LINE('',#9882,#9160);
#9891=ORIENTED_EDGE('',*,*,#9892,.T.);
#9892=EDGE_CURVE('',#9888,#9893,#9895,.T.);
#9893=VERTEX_POINT('',#9894);
#9894=CARTESIAN_POINT('',(0.36,-4.19,-2.22044604925E-16));
#9895=CIRCLE('',#9896,0.29);
#9896=AXIS2_PLACEMENT_3D('',#9897,#168,#9169);
#9897=CARTESIAN_POINT('',(0.36,-4.19,0.29));
#9898=ORIENTED_EDGE('',*,*,#9899,.T.);
#9899=EDGE_CURVE('',#9893,#9900,#9902,.T.);
#9900=VERTEX_POINT('',#9901);
#9901=CARTESIAN_POINT('',(0.36,-4.5,-2.22044604925E-16));
#9902=LINE('',#9894,#153);
#9903=ORIENTED_EDGE('',*,*,#9904,.T.);
#9904=EDGE_CURVE('',#9900,#9905,#9907,.T.);
#9905=VERTEX_POINT('',#9906);
#9906=CARTESIAN_POINT('',(0.36,-4.5,0.15));
#9907=LINE('',#9901,#220);
#9908=ORIENTED_EDGE('',*,*,#9909,.T.);
#9909=EDGE_CURVE('',#9905,#9910,#9912,.T.);
#9910=VERTEX_POINT('',#9911);
#9911=CARTESIAN_POINT('',(0.36,-4.19,0.15));
#9912=LINE('',#9906,#181);
#9913=ORIENTED_EDGE('',*,*,#9914,.T.);
#9914=EDGE_CURVE('',#9910,#9915,#9917,.T.);
#9915=VERTEX_POINT('',#9916);
#9916=CARTESIAN_POINT('',(0.36,-4.052126914578,0.265689255127));
#9917=CIRCLE('',#9918,0.14);
#9918=AXIS2_PLACEMENT_3D('',#9897,#14,#190);
#9919=ORIENTED_EDGE('',*,*,#9920,.T.);
#9920=EDGE_CURVE('',#9915,#9921,#9923,.T.);
#9921=VERTEX_POINT('',#9922);
#9922=CARTESIAN_POINT('',(0.36,-3.987132399716,0.668412044417));
#9923=LINE('',#9916,#9196);
#9924=ORIENTED_EDGE('',*,*,#9925,.T.);
#9925=EDGE_CURVE('',#9921,#9926,#9927,.T.);
#9926=VERTEX_POINT('',#9867);
#9927=CIRCLE('',#9928,0.25);
#9928=AXIS2_PLACEMENT_3D('',#9885,#168,#9203);
#9929=ORIENTED_EDGE('',*,*,#9930,.T.);
#9930=EDGE_CURVE('',#9926,#4079,#9866,.T.);
#9931=PLANE('',#9932);
#9932=AXIS2_PLACEMENT_3D('',#9933,#168,#13);
#9933=CARTESIAN_POINT('',(0.36,-3.931684054297,0.450095127207));
#9934=ADVANCED_FACE('',(#9935),#9949,.F.);
#9935=FACE_BOUND('',#9936,.F.);
#9936=EDGE_LOOP('',(#9937,#9938,#9945,#9948));
#9937=ORIENTED_EDGE('',*,*,#4102,.T.);
#9938=ORIENTED_EDGE('',*,*,#9939,.T.);
#9939=EDGE_CURVE('',#4097,#9940,#9942,.T.);
#9940=VERTEX_POINT('',#9941);
#9941=CARTESIAN_POINT('',(0.14,-3.839411236764,0.642364817767));
#9942=CIRCLE('',#9943,1.E-01);
#9943=AXIS2_PLACEMENT_3D('',#9944,#14,#13);
#9944=CARTESIAN_POINT('',(0.14,-3.740930461463,0.625));
#9945=ORIENTED_EDGE('',*,*,#9946,.F.);
#9946=EDGE_CURVE('',#9881,#9940,#9947,.T.);
#9947=LINE('',#9882,#167);
#9948=ORIENTED_EDGE('',*,*,#9880,.F.);
#9949=CYLINDRICAL_SURFACE('',#9884,1.E-01);
#9950=ADVANCED_FACE('',(#9951),#10000,.T.);
#9951=FACE_BOUND('',#9952,.T.);
#9952=EDGE_LOOP('',(#4109,#4095,#9938,#9953,#9958,#9965,#9970,#9975,#9980,#9986,#9991,#9997));
#9953=ORIENTED_EDGE('',*,*,#9954,.T.);
#9954=EDGE_CURVE('',#9940,#9955,#9957,.T.);
#9955=VERTEX_POINT('',#9956);
#9956=CARTESIAN_POINT('',(0.14,-3.904405751626,0.239642028477));
#9957=LINE('',#9941,#9160);
#9958=ORIENTED_EDGE('',*,*,#9959,.T.);
#9959=EDGE_CURVE('',#9955,#9960,#9962,.T.);
#9960=VERTEX_POINT('',#9961);
#9961=CARTESIAN_POINT('',(0.14,-4.19,-2.22044604925E-16));
#9962=CIRCLE('',#9963,0.29);
#9963=AXIS2_PLACEMENT_3D('',#9964,#168,#9169);
#9964=CARTESIAN_POINT('',(0.14,-4.19,0.29));
#9965=ORIENTED_EDGE('',*,*,#9966,.T.);
#9966=EDGE_CURVE('',#9960,#9967,#9969,.T.);
#9967=VERTEX_POINT('',#9968);
#9968=CARTESIAN_POINT('',(0.14,-4.5,-2.22044604925E-16));
#9969=LINE('',#9961,#153);
#9970=ORIENTED_EDGE('',*,*,#9971,.T.);
#9971=EDGE_CURVE('',#9967,#9972,#9974,.T.);
#9972=VERTEX_POINT('',#9973);
#9973=CARTESIAN_POINT('',(0.14,-4.5,0.15));
#9974=LINE('',#9968,#220);
#9975=ORIENTED_EDGE('',*,*,#9976,.T.);
#9976=EDGE_CURVE('',#9972,#9977,#9979,.T.);
#9977=VERTEX_POINT('',#9978);
#9978=CARTESIAN_POINT('',(0.14,-4.19,0.15));
#9979=LINE('',#9973,#181);
#9980=ORIENTED_EDGE('',*,*,#9981,.T.);
#9981=EDGE_CURVE('',#9977,#9982,#9984,.T.);
#9982=VERTEX_POINT('',#9983);
#9983=CARTESIAN_POINT('',(0.14,-4.052126914578,0.265689255127));
#9984=CIRCLE('',#9985,0.14);
#9985=AXIS2_PLACEMENT_3D('',#9964,#14,#190);
#9986=ORIENTED_EDGE('',*,*,#9987,.T.);
#9987=EDGE_CURVE('',#9982,#9988,#9990,.T.);
#9988=VERTEX_POINT('',#9989);
#9989=CARTESIAN_POINT('',(0.14,-3.987132399716,0.668412044417));
#9990=LINE('',#9983,#9196);
#9991=ORIENTED_EDGE('',*,*,#9992,.T.);
#9992=EDGE_CURVE('',#9988,#9993,#9995,.T.);
#9993=VERTEX_POINT('',#9994);
#9994=CARTESIAN_POINT('',(0.14,-3.740930461463,0.875));
#9995=CIRCLE('',#9996,0.25);
#9996=AXIS2_PLACEMENT_3D('',#9944,#168,#9203);
#9997=ORIENTED_EDGE('',*,*,#9998,.T.);
#9998=EDGE_CURVE('',#9993,#4111,#9999,.T.);
#9999=LINE('',#9994,#181);
#10000=PLANE('',#10001);
#10001=AXIS2_PLACEMENT_3D('',#10002,#168,#13);
#10002=CARTESIAN_POINT('',(0.14,-3.931684054297,0.450095127207));
#10003=ADVANCED_FACE('',(#10004),#1122,.F.);
#10004=FACE_BOUND('',#10005,.F.);
#10005=EDGE_LOOP('',(#10006,#10007,#10013,#10017));
#10006=ORIENTED_EDGE('',*,*,#4123,.T.);
#10007=ORIENTED_EDGE('',*,*,#10008,.T.);
#10008=EDGE_CURVE('',#4118,#10009,#10011,.T.);
#10009=VERTEX_POINT('',#10010);
#10010=CARTESIAN_POINT('',(-0.14,-3.425,0.875));
#10011=LINE('',#10012,#181);
#10012=CARTESIAN_POINT('',(-0.14,-3.740930461463,0.875));
#10013=ORIENTED_EDGE('',*,*,#10014,.F.);
#10014=EDGE_CURVE('',#10015,#10009,#5782,.T.);
#10015=VERTEX_POINT('',#10016);
#10016=CARTESIAN_POINT('',(0.14,-3.425,0.875));
#10017=ORIENTED_EDGE('',*,*,#10018,.F.);
#10018=EDGE_CURVE('',#4111,#10015,#9999,.T.);
#10019=ADVANCED_FACE('',(#10020),#10076,.F.);
#10020=FACE_BOUND('',#10021,.F.);
#10021=EDGE_LOOP('',(#10022,#10023,#10024,#10031,#10036,#10043,#10048,#10053,#10058,#10064,#10069,#10074));
#10022=ORIENTED_EDGE('',*,*,#4117,.F.);
#10023=ORIENTED_EDGE('',*,*,#4128,.T.);
#10024=ORIENTED_EDGE('',*,*,#10025,.T.);
#10025=EDGE_CURVE('',#4129,#10026,#10028,.T.);
#10026=VERTEX_POINT('',#10027);
#10027=CARTESIAN_POINT('',(-0.14,-3.839411236764,0.642364817767));
#10028=CIRCLE('',#10029,1.E-01);
#10029=AXIS2_PLACEMENT_3D('',#10030,#14,#13);
#10030=CARTESIAN_POINT('',(-0.14,-3.740930461463,0.625));
#10031=ORIENTED_EDGE('',*,*,#10032,.T.);
#10032=EDGE_CURVE('',#10026,#10033,#10035,.T.);
#10033=VERTEX_POINT('',#10034);
#10034=CARTESIAN_POINT('',(-0.14,-3.904405751626,0.239642028477));
#10035=LINE('',#10027,#9160);
#10036=ORIENTED_EDGE('',*,*,#10037,.T.);
#10037=EDGE_CURVE('',#10033,#10038,#10040,.T.);
#10038=VERTEX_POINT('',#10039);
#10039=CARTESIAN_POINT('',(-0.14,-4.19,-2.22044604925E-16));
#10040=CIRCLE('',#10041,0.29);
#10041=AXIS2_PLACEMENT_3D('',#10042,#168,#9169);
#10042=CARTESIAN_POINT('',(-0.14,-4.19,0.29));
#10043=ORIENTED_EDGE('',*,*,#10044,.T.);
#10044=EDGE_CURVE('',#10038,#10045,#10047,.T.);
#10045=VERTEX_POINT('',#10046);
#10046=CARTESIAN_POINT('',(-0.14,-4.5,-2.22044604925E-16));
#10047=LINE('',#10039,#153);
#10048=ORIENTED_EDGE('',*,*,#10049,.T.);
#10049=EDGE_CURVE('',#10045,#10050,#10052,.T.);
#10050=VERTEX_POINT('',#10051);
#10051=CARTESIAN_POINT('',(-0.14,-4.5,0.15));
#10052=LINE('',#10046,#220);
#10053=ORIENTED_EDGE('',*,*,#10054,.T.);
#10054=EDGE_CURVE('',#10050,#10055,#10057,.T.);
#10055=VERTEX_POINT('',#10056);
#10056=CARTESIAN_POINT('',(-0.14,-4.19,0.15));
#10057=LINE('',#10051,#181);
#10058=ORIENTED_EDGE('',*,*,#10059,.T.);
#10059=EDGE_CURVE('',#10055,#10060,#10062,.T.);
#10060=VERTEX_POINT('',#10061);
#10061=CARTESIAN_POINT('',(-0.14,-4.052126914578,0.265689255127));
#10062=CIRCLE('',#10063,0.14);
#10063=AXIS2_PLACEMENT_3D('',#10042,#14,#190);
#10064=ORIENTED_EDGE('',*,*,#10065,.T.);
#10065=EDGE_CURVE('',#10060,#10066,#10068,.T.);
#10066=VERTEX_POINT('',#10067);
#10067=CARTESIAN_POINT('',(-0.14,-3.987132399716,0.668412044417));
#10068=LINE('',#10061,#9196);
#10069=ORIENTED_EDGE('',*,*,#10070,.T.);
#10070=EDGE_CURVE('',#10066,#10071,#10072,.T.);
#10071=VERTEX_POINT('',#10012);
#10072=CIRCLE('',#10073,0.25);
#10073=AXIS2_PLACEMENT_3D('',#10030,#168,#9203);
#10074=ORIENTED_EDGE('',*,*,#10075,.T.);
#10075=EDGE_CURVE('',#10071,#4118,#10011,.T.);
#10076=PLANE('',#10077);
#10077=AXIS2_PLACEMENT_3D('',#10078,#168,#13);
#10078=CARTESIAN_POINT('',(-0.14,-3.931684054297,0.450095127207));
#10079=ADVANCED_FACE('',(#10080),#10094,.F.);
#10080=FACE_BOUND('',#10081,.F.);
#10081=EDGE_LOOP('',(#10082,#10083,#10090,#10093));
#10082=ORIENTED_EDGE('',*,*,#4141,.T.);
#10083=ORIENTED_EDGE('',*,*,#10084,.T.);
#10084=EDGE_CURVE('',#4136,#10085,#10087,.T.);
#10085=VERTEX_POINT('',#10086);
#10086=CARTESIAN_POINT('',(-0.36,-3.839411236764,0.642364817767));
#10087=CIRCLE('',#10088,1.E-01);
#10088=AXIS2_PLACEMENT_3D('',#10089,#14,#13);
#10089=CARTESIAN_POINT('',(-0.36,-3.740930461463,0.625));
#10090=ORIENTED_EDGE('',*,*,#10091,.F.);
#10091=EDGE_CURVE('',#10026,#10085,#10092,.T.);
#10092=LINE('',#10027,#167);
#10093=ORIENTED_EDGE('',*,*,#10025,.F.);
#10094=CYLINDRICAL_SURFACE('',#10029,1.E-01);
#10095=ADVANCED_FACE('',(#10096),#10145,.T.);
#10096=FACE_BOUND('',#10097,.T.);
#10097=EDGE_LOOP('',(#4148,#4134,#10083,#10098,#10103,#10110,#10115,#10120,#10125,#10131,#10136,#10142));
#10098=ORIENTED_EDGE('',*,*,#10099,.T.);
#10099=EDGE_CURVE('',#10085,#10100,#10102,.T.);
#10100=VERTEX_POINT('',#10101);
#10101=CARTESIAN_POINT('',(-0.36,-3.904405751626,0.239642028477));
#10102=LINE('',#10086,#9160);
#10103=ORIENTED_EDGE('',*,*,#10104,.T.);
#10104=EDGE_CURVE('',#10100,#10105,#10107,.T.);
#10105=VERTEX_POINT('',#10106);
#10106=CARTESIAN_POINT('',(-0.36,-4.19,-2.22044604925E-16));
#10107=CIRCLE('',#10108,0.29);
#10108=AXIS2_PLACEMENT_3D('',#10109,#168,#9169);
#10109=CARTESIAN_POINT('',(-0.36,-4.19,0.29));
#10110=ORIENTED_EDGE('',*,*,#10111,.T.);
#10111=EDGE_CURVE('',#10105,#10112,#10114,.T.);
#10112=VERTEX_POINT('',#10113);
#10113=CARTESIAN_POINT('',(-0.36,-4.5,-2.22044604925E-16));
#10114=LINE('',#10106,#153);
#10115=ORIENTED_EDGE('',*,*,#10116,.T.);
#10116=EDGE_CURVE('',#10112,#10117,#10119,.T.);
#10117=VERTEX_POINT('',#10118);
#10118=CARTESIAN_POINT('',(-0.36,-4.5,0.15));
#10119=LINE('',#10113,#220);
#10120=ORIENTED_EDGE('',*,*,#10121,.T.);
#10121=EDGE_CURVE('',#10117,#10122,#10124,.T.);
#10122=VERTEX_POINT('',#10123);
#10123=CARTESIAN_POINT('',(-0.36,-4.19,0.15));
#10124=LINE('',#10118,#181);
#10125=ORIENTED_EDGE('',*,*,#10126,.T.);
#10126=EDGE_CURVE('',#10122,#10127,#10129,.T.);
#10127=VERTEX_POINT('',#10128);
#10128=CARTESIAN_POINT('',(-0.36,-4.052126914578,0.265689255127));
#10129=CIRCLE('',#10130,0.14);
#10130=AXIS2_PLACEMENT_3D('',#10109,#14,#190);
#10131=ORIENTED_EDGE('',*,*,#10132,.T.);
#10132=EDGE_CURVE('',#10127,#10133,#10135,.T.);
#10133=VERTEX_POINT('',#10134);
#10134=CARTESIAN_POINT('',(-0.36,-3.987132399716,0.668412044417));
#10135=LINE('',#10128,#9196);
#10136=ORIENTED_EDGE('',*,*,#10137,.T.);
#10137=EDGE_CURVE('',#10133,#10138,#10140,.T.);
#10138=VERTEX_POINT('',#10139);
#10139=CARTESIAN_POINT('',(-0.36,-3.740930461463,0.875));
#10140=CIRCLE('',#10141,0.25);
#10141=AXIS2_PLACEMENT_3D('',#10089,#168,#9203);
#10142=ORIENTED_EDGE('',*,*,#10143,.T.);
#10143=EDGE_CURVE('',#10138,#4150,#10144,.T.);
#10144=LINE('',#10139,#181);
#10145=PLANE('',#10146);
#10146=AXIS2_PLACEMENT_3D('',#10147,#168,#13);
#10147=CARTESIAN_POINT('',(-0.36,-3.931684054297,0.450095127207));
#10148=ADVANCED_FACE('',(#10149),#1122,.F.);
#10149=FACE_BOUND('',#10150,.F.);
#10150=EDGE_LOOP('',(#10151,#10152,#10158,#10162));
#10151=ORIENTED_EDGE('',*,*,#4162,.T.);
#10152=ORIENTED_EDGE('',*,*,#10153,.T.);
#10153=EDGE_CURVE('',#4157,#10154,#10156,.T.);
#10154=VERTEX_POINT('',#10155);
#10155=CARTESIAN_POINT('',(-0.64,-3.425,0.875));
#10156=LINE('',#10157,#181);
#10157=CARTESIAN_POINT('',(-0.64,-3.740930461463,0.875));
#10158=ORIENTED_EDGE('',*,*,#10159,.F.);
#10159=EDGE_CURVE('',#10160,#10154,#5782,.T.);
#10160=VERTEX_POINT('',#10161);
#10161=CARTESIAN_POINT('',(-0.36,-3.425,0.875));
#10162=ORIENTED_EDGE('',*,*,#10163,.F.);
#10163=EDGE_CURVE('',#4150,#10160,#10144,.T.);
#10164=ADVANCED_FACE('',(#10165),#10221,.F.);
#10165=FACE_BOUND('',#10166,.F.);
#10166=EDGE_LOOP('',(#10167,#10168,#10169,#10176,#10181,#10188,#10193,#10198,#10203,#10209,#10214,#10219));
#10167=ORIENTED_EDGE('',*,*,#4156,.F.);
#10168=ORIENTED_EDGE('',*,*,#4167,.T.);
#10169=ORIENTED_EDGE('',*,*,#10170,.T.);
#10170=EDGE_CURVE('',#4168,#10171,#10173,.T.);
#10171=VERTEX_POINT('',#10172);
#10172=CARTESIAN_POINT('',(-0.64,-3.839411236764,0.642364817767));
#10173=CIRCLE('',#10174,1.E-01);
#10174=AXIS2_PLACEMENT_3D('',#10175,#14,#13);
#10175=CARTESIAN_POINT('',(-0.64,-3.740930461463,0.625));
#10176=ORIENTED_EDGE('',*,*,#10177,.T.);
#10177=EDGE_CURVE('',#10171,#10178,#10180,.T.);
#10178=VERTEX_POINT('',#10179);
#10179=CARTESIAN_POINT('',(-0.64,-3.904405751626,0.239642028477));
#10180=LINE('',#10172,#9160);
#10181=ORIENTED_EDGE('',*,*,#10182,.T.);
#10182=EDGE_CURVE('',#10178,#10183,#10185,.T.);
#10183=VERTEX_POINT('',#10184);
#10184=CARTESIAN_POINT('',(-0.64,-4.19,-2.22044604925E-16));
#10185=CIRCLE('',#10186,0.29);
#10186=AXIS2_PLACEMENT_3D('',#10187,#168,#9169);
#10187=CARTESIAN_POINT('',(-0.64,-4.19,0.29));
#10188=ORIENTED_EDGE('',*,*,#10189,.T.);
#10189=EDGE_CURVE('',#10183,#10190,#10192,.T.);
#10190=VERTEX_POINT('',#10191);
#10191=CARTESIAN_POINT('',(-0.64,-4.5,-2.22044604925E-16));
#10192=LINE('',#10184,#153);
#10193=ORIENTED_EDGE('',*,*,#10194,.T.);
#10194=EDGE_CURVE('',#10190,#10195,#10197,.T.);
#10195=VERTEX_POINT('',#10196);
#10196=CARTESIAN_POINT('',(-0.64,-4.5,0.15));
#10197=LINE('',#10191,#220);
#10198=ORIENTED_EDGE('',*,*,#10199,.T.);
#10199=EDGE_CURVE('',#10195,#10200,#10202,.T.);
#10200=VERTEX_POINT('',#10201);
#10201=CARTESIAN_POINT('',(-0.64,-4.19,0.15));
#10202=LINE('',#10196,#181);
#10203=ORIENTED_EDGE('',*,*,#10204,.T.);
#10204=EDGE_CURVE('',#10200,#10205,#10207,.T.);
#10205=VERTEX_POINT('',#10206);
#10206=CARTESIAN_POINT('',(-0.64,-4.052126914578,0.265689255127));
#10207=CIRCLE('',#10208,0.14);
#10208=AXIS2_PLACEMENT_3D('',#10187,#14,#190);
#10209=ORIENTED_EDGE('',*,*,#10210,.T.);
#10210=EDGE_CURVE('',#10205,#10211,#10213,.T.);
#10211=VERTEX_POINT('',#10212);
#10212=CARTESIAN_POINT('',(-0.64,-3.987132399716,0.668412044417));
#10213=LINE('',#10206,#9196);
#10214=ORIENTED_EDGE('',*,*,#10215,.T.);
#10215=EDGE_CURVE('',#10211,#10216,#10217,.T.);
#10216=VERTEX_POINT('',#10157);
#10217=CIRCLE('',#10218,0.25);
#10218=AXIS2_PLACEMENT_3D('',#10175,#168,#9203);
#10219=ORIENTED_EDGE('',*,*,#10220,.T.);
#10220=EDGE_CURVE('',#10216,#4157,#10156,.T.);
#10221=PLANE('',#10222);
#10222=AXIS2_PLACEMENT_3D('',#10223,#168,#13);
#10223=CARTESIAN_POINT('',(-0.64,-3.931684054297,0.450095127207));
#10224=ADVANCED_FACE('',(#10225),#10239,.F.);
#10225=FACE_BOUND('',#10226,.F.);
#10226=EDGE_LOOP('',(#10227,#10228,#10235,#10238));
#10227=ORIENTED_EDGE('',*,*,#4180,.T.);
#10228=ORIENTED_EDGE('',*,*,#10229,.T.);
#10229=EDGE_CURVE('',#4175,#10230,#10232,.T.);
#10230=VERTEX_POINT('',#10231);
#10231=CARTESIAN_POINT('',(-0.86,-3.839411236764,0.642364817767));
#10232=CIRCLE('',#10233,1.E-01);
#10233=AXIS2_PLACEMENT_3D('',#10234,#14,#13);
#10234=CARTESIAN_POINT('',(-0.86,-3.740930461463,0.625));
#10235=ORIENTED_EDGE('',*,*,#10236,.F.);
#10236=EDGE_CURVE('',#10171,#10230,#10237,.T.);
#10237=LINE('',#10172,#167);
#10238=ORIENTED_EDGE('',*,*,#10170,.F.);
#10239=CYLINDRICAL_SURFACE('',#10174,1.E-01);
#10240=ADVANCED_FACE('',(#10241),#10290,.T.);
#10241=FACE_BOUND('',#10242,.T.);
#10242=EDGE_LOOP('',(#4187,#4173,#10228,#10243,#10248,#10255,#10260,#10265,#10270,#10276,#10281,#10287));
#10243=ORIENTED_EDGE('',*,*,#10244,.T.);
#10244=EDGE_CURVE('',#10230,#10245,#10247,.T.);
#10245=VERTEX_POINT('',#10246);
#10246=CARTESIAN_POINT('',(-0.86,-3.904405751626,0.239642028477));
#10247=LINE('',#10231,#9160);
#10248=ORIENTED_EDGE('',*,*,#10249,.T.);
#10249=EDGE_CURVE('',#10245,#10250,#10252,.T.);
#10250=VERTEX_POINT('',#10251);
#10251=CARTESIAN_POINT('',(-0.86,-4.19,-2.22044604925E-16));
#10252=CIRCLE('',#10253,0.29);
#10253=AXIS2_PLACEMENT_3D('',#10254,#168,#9169);
#10254=CARTESIAN_POINT('',(-0.86,-4.19,0.29));
#10255=ORIENTED_EDGE('',*,*,#10256,.T.);
#10256=EDGE_CURVE('',#10250,#10257,#10259,.T.);
#10257=VERTEX_POINT('',#10258);
#10258=CARTESIAN_POINT('',(-0.86,-4.5,-2.22044604925E-16));
#10259=LINE('',#10251,#153);
#10260=ORIENTED_EDGE('',*,*,#10261,.T.);
#10261=EDGE_CURVE('',#10257,#10262,#10264,.T.);
#10262=VERTEX_POINT('',#10263);
#10263=CARTESIAN_POINT('',(-0.86,-4.5,0.15));
#10264=LINE('',#10258,#220);
#10265=ORIENTED_EDGE('',*,*,#10266,.T.);
#10266=EDGE_CURVE('',#10262,#10267,#10269,.T.);
#10267=VERTEX_POINT('',#10268);
#10268=CARTESIAN_POINT('',(-0.86,-4.19,0.15));
#10269=LINE('',#10263,#181);
#10270=ORIENTED_EDGE('',*,*,#10271,.T.);
#10271=EDGE_CURVE('',#10267,#10272,#10274,.T.);
#10272=VERTEX_POINT('',#10273);
#10273=CARTESIAN_POINT('',(-0.86,-4.052126914578,0.265689255127));
#10274=CIRCLE('',#10275,0.14);
#10275=AXIS2_PLACEMENT_3D('',#10254,#14,#190);
#10276=ORIENTED_EDGE('',*,*,#10277,.T.);
#10277=EDGE_CURVE('',#10272,#10278,#10280,.T.);
#10278=VERTEX_POINT('',#10279);
#10279=CARTESIAN_POINT('',(-0.86,-3.987132399716,0.668412044417));
#10280=LINE('',#10273,#9196);
#10281=ORIENTED_EDGE('',*,*,#10282,.T.);
#10282=EDGE_CURVE('',#10278,#10283,#10285,.T.);
#10283=VERTEX_POINT('',#10284);
#10284=CARTESIAN_POINT('',(-0.86,-3.740930461463,0.875));
#10285=CIRCLE('',#10286,0.25);
#10286=AXIS2_PLACEMENT_3D('',#10234,#168,#9203);
#10287=ORIENTED_EDGE('',*,*,#10288,.T.);
#10288=EDGE_CURVE('',#10283,#4189,#10289,.T.);
#10289=LINE('',#10284,#181);
#10290=PLANE('',#10291);
#10291=AXIS2_PLACEMENT_3D('',#10292,#168,#13);
#10292=CARTESIAN_POINT('',(-0.86,-3.931684054297,0.450095127207));
#10293=ADVANCED_FACE('',(#10294),#1122,.F.);
#10294=FACE_BOUND('',#10295,.F.);
#10295=EDGE_LOOP('',(#10296,#10297,#10303,#10307));
#10296=ORIENTED_EDGE('',*,*,#4201,.T.);
#10297=ORIENTED_EDGE('',*,*,#10298,.T.);
#10298=EDGE_CURVE('',#4196,#10299,#10301,.T.);
#10299=VERTEX_POINT('',#10300);
#10300=CARTESIAN_POINT('',(-1.14,-3.425,0.875));
#10301=LINE('',#10302,#181);
#10302=CARTESIAN_POINT('',(-1.14,-3.740930461463,0.875));
#10303=ORIENTED_EDGE('',*,*,#10304,.F.);
#10304=EDGE_CURVE('',#10305,#10299,#5782,.T.);
#10305=VERTEX_POINT('',#10306);
#10306=CARTESIAN_POINT('',(-0.86,-3.425,0.875));
#10307=ORIENTED_EDGE('',*,*,#10308,.F.);
#10308=EDGE_CURVE('',#4189,#10305,#10289,.T.);
#10309=ADVANCED_FACE('',(#10310),#10366,.F.);
#10310=FACE_BOUND('',#10311,.F.);
#10311=EDGE_LOOP('',(#10312,#10313,#10314,#10321,#10326,#10333,#10338,#10343,#10348,#10354,#10359,#10364));
#10312=ORIENTED_EDGE('',*,*,#4195,.F.);
#10313=ORIENTED_EDGE('',*,*,#4206,.T.);
#10314=ORIENTED_EDGE('',*,*,#10315,.T.);
#10315=EDGE_CURVE('',#4207,#10316,#10318,.T.);
#10316=VERTEX_POINT('',#10317);
#10317=CARTESIAN_POINT('',(-1.14,-3.839411236764,0.642364817767));
#10318=CIRCLE('',#10319,1.E-01);
#10319=AXIS2_PLACEMENT_3D('',#10320,#14,#13);
#10320=CARTESIAN_POINT('',(-1.14,-3.740930461463,0.625));
#10321=ORIENTED_EDGE('',*,*,#10322,.T.);
#10322=EDGE_CURVE('',#10316,#10323,#10325,.T.);
#10323=VERTEX_POINT('',#10324);
#10324=CARTESIAN_POINT('',(-1.14,-3.904405751626,0.239642028477));
#10325=LINE('',#10317,#9160);
#10326=ORIENTED_EDGE('',*,*,#10327,.T.);
#10327=EDGE_CURVE('',#10323,#10328,#10330,.T.);
#10328=VERTEX_POINT('',#10329);
#10329=CARTESIAN_POINT('',(-1.14,-4.19,-2.22044604925E-16));
#10330=CIRCLE('',#10331,0.29);
#10331=AXIS2_PLACEMENT_3D('',#10332,#168,#9169);
#10332=CARTESIAN_POINT('',(-1.14,-4.19,0.29));
#10333=ORIENTED_EDGE('',*,*,#10334,.T.);
#10334=EDGE_CURVE('',#10328,#10335,#10337,.T.);
#10335=VERTEX_POINT('',#10336);
#10336=CARTESIAN_POINT('',(-1.14,-4.5,-2.22044604925E-16));
#10337=LINE('',#10329,#153);
#10338=ORIENTED_EDGE('',*,*,#10339,.T.);
#10339=EDGE_CURVE('',#10335,#10340,#10342,.T.);
#10340=VERTEX_POINT('',#10341);
#10341=CARTESIAN_POINT('',(-1.14,-4.5,0.15));
#10342=LINE('',#10336,#220);
#10343=ORIENTED_EDGE('',*,*,#10344,.T.);
#10344=EDGE_CURVE('',#10340,#10345,#10347,.T.);
#10345=VERTEX_POINT('',#10346);
#10346=CARTESIAN_POINT('',(-1.14,-4.19,0.15));
#10347=LINE('',#10341,#181);
#10348=ORIENTED_EDGE('',*,*,#10349,.T.);
#10349=EDGE_CURVE('',#10345,#10350,#10352,.T.);
#10350=VERTEX_POINT('',#10351);
#10351=CARTESIAN_POINT('',(-1.14,-4.052126914578,0.265689255127));
#10352=CIRCLE('',#10353,0.14);
#10353=AXIS2_PLACEMENT_3D('',#10332,#14,#190);
#10354=ORIENTED_EDGE('',*,*,#10355,.T.);
#10355=EDGE_CURVE('',#10350,#10356,#10358,.T.);
#10356=VERTEX_POINT('',#10357);
#10357=CARTESIAN_POINT('',(-1.14,-3.987132399716,0.668412044417));
#10358=LINE('',#10351,#9196);
#10359=ORIENTED_EDGE('',*,*,#10360,.T.);
#10360=EDGE_CURVE('',#10356,#10361,#10362,.T.);
#10361=VERTEX_POINT('',#10302);
#10362=CIRCLE('',#10363,0.25);
#10363=AXIS2_PLACEMENT_3D('',#10320,#168,#9203);
#10364=ORIENTED_EDGE('',*,*,#10365,.T.);
#10365=EDGE_CURVE('',#10361,#4196,#10301,.T.);
#10366=PLANE('',#10367);
#10367=AXIS2_PLACEMENT_3D('',#10368,#168,#13);
#10368=CARTESIAN_POINT('',(-1.14,-3.931684054297,0.450095127207));
#10369=ADVANCED_FACE('',(#10370),#10384,.F.);
#10370=FACE_BOUND('',#10371,.F.);
#10371=EDGE_LOOP('',(#10372,#10373,#10380,#10383));
#10372=ORIENTED_EDGE('',*,*,#4219,.T.);
#10373=ORIENTED_EDGE('',*,*,#10374,.T.);
#10374=EDGE_CURVE('',#4214,#10375,#10377,.T.);
#10375=VERTEX_POINT('',#10376);
#10376=CARTESIAN_POINT('',(-1.36,-3.839411236764,0.642364817767));
#10377=CIRCLE('',#10378,1.E-01);
#10378=AXIS2_PLACEMENT_3D('',#10379,#14,#13);
#10379=CARTESIAN_POINT('',(-1.36,-3.740930461463,0.625));
#10380=ORIENTED_EDGE('',*,*,#10381,.F.);
#10381=EDGE_CURVE('',#10316,#10375,#10382,.T.);
#10382=LINE('',#10317,#167);
#10383=ORIENTED_EDGE('',*,*,#10315,.F.);
#10384=CYLINDRICAL_SURFACE('',#10319,1.E-01);
#10385=ADVANCED_FACE('',(#10386),#10435,.T.);
#10386=FACE_BOUND('',#10387,.T.);
#10387=EDGE_LOOP('',(#4226,#4212,#10373,#10388,#10393,#10400,#10405,#10410,#10415,#10421,#10426,#10432));
#10388=ORIENTED_EDGE('',*,*,#10389,.T.);
#10389=EDGE_CURVE('',#10375,#10390,#10392,.T.);
#10390=VERTEX_POINT('',#10391);
#10391=CARTESIAN_POINT('',(-1.36,-3.904405751626,0.239642028477));
#10392=LINE('',#10376,#9160);
#10393=ORIENTED_EDGE('',*,*,#10394,.T.);
#10394=EDGE_CURVE('',#10390,#10395,#10397,.T.);
#10395=VERTEX_POINT('',#10396);
#10396=CARTESIAN_POINT('',(-1.36,-4.19,-2.22044604925E-16));
#10397=CIRCLE('',#10398,0.29);
#10398=AXIS2_PLACEMENT_3D('',#10399,#168,#9169);
#10399=CARTESIAN_POINT('',(-1.36,-4.19,0.29));
#10400=ORIENTED_EDGE('',*,*,#10401,.T.);
#10401=EDGE_CURVE('',#10395,#10402,#10404,.T.);
#10402=VERTEX_POINT('',#10403);
#10403=CARTESIAN_POINT('',(-1.36,-4.5,-2.22044604925E-16));
#10404=LINE('',#10396,#153);
#10405=ORIENTED_EDGE('',*,*,#10406,.T.);
#10406=EDGE_CURVE('',#10402,#10407,#10409,.T.);
#10407=VERTEX_POINT('',#10408);
#10408=CARTESIAN_POINT('',(-1.36,-4.5,0.15));
#10409=LINE('',#10403,#220);
#10410=ORIENTED_EDGE('',*,*,#10411,.T.);
#10411=EDGE_CURVE('',#10407,#10412,#10414,.T.);
#10412=VERTEX_POINT('',#10413);
#10413=CARTESIAN_POINT('',(-1.36,-4.19,0.15));
#10414=LINE('',#10408,#181);
#10415=ORIENTED_EDGE('',*,*,#10416,.T.);
#10416=EDGE_CURVE('',#10412,#10417,#10419,.T.);
#10417=VERTEX_POINT('',#10418);
#10418=CARTESIAN_POINT('',(-1.36,-4.052126914578,0.265689255127));
#10419=CIRCLE('',#10420,0.14);
#10420=AXIS2_PLACEMENT_3D('',#10399,#14,#190);
#10421=ORIENTED_EDGE('',*,*,#10422,.T.);
#10422=EDGE_CURVE('',#10417,#10423,#10425,.T.);
#10423=VERTEX_POINT('',#10424);
#10424=CARTESIAN_POINT('',(-1.36,-3.987132399716,0.668412044417));
#10425=LINE('',#10418,#9196);
#10426=ORIENTED_EDGE('',*,*,#10427,.T.);
#10427=EDGE_CURVE('',#10423,#10428,#10430,.T.);
#10428=VERTEX_POINT('',#10429);
#10429=CARTESIAN_POINT('',(-1.36,-3.740930461463,0.875));
#10430=CIRCLE('',#10431,0.25);
#10431=AXIS2_PLACEMENT_3D('',#10379,#168,#9203);
#10432=ORIENTED_EDGE('',*,*,#10433,.T.);
#10433=EDGE_CURVE('',#10428,#4228,#10434,.T.);
#10434=LINE('',#10429,#181);
#10435=PLANE('',#10436);
#10436=AXIS2_PLACEMENT_3D('',#10437,#168,#13);
#10437=CARTESIAN_POINT('',(-1.36,-3.931684054297,0.450095127207));
#10438=ADVANCED_FACE('',(#10439),#1122,.F.);
#10439=FACE_BOUND('',#10440,.F.);
#10440=EDGE_LOOP('',(#10441,#10442,#10448,#10452));
#10441=ORIENTED_EDGE('',*,*,#4240,.T.);
#10442=ORIENTED_EDGE('',*,*,#10443,.T.);
#10443=EDGE_CURVE('',#4235,#10444,#10446,.T.);
#10444=VERTEX_POINT('',#10445);
#10445=CARTESIAN_POINT('',(-1.64,-3.425,0.875));
#10446=LINE('',#10447,#181);
#10447=CARTESIAN_POINT('',(-1.64,-3.740930461463,0.875));
#10448=ORIENTED_EDGE('',*,*,#10449,.F.);
#10449=EDGE_CURVE('',#10450,#10444,#5782,.T.);
#10450=VERTEX_POINT('',#10451);
#10451=CARTESIAN_POINT('',(-1.36,-3.425,0.875));
#10452=ORIENTED_EDGE('',*,*,#10453,.F.);
#10453=EDGE_CURVE('',#4228,#10450,#10434,.T.);
#10454=ADVANCED_FACE('',(#10455),#10511,.F.);
#10455=FACE_BOUND('',#10456,.F.);
#10456=EDGE_LOOP('',(#10457,#10458,#10459,#10466,#10471,#10478,#10483,#10488,#10493,#10499,#10504,#10509));
#10457=ORIENTED_EDGE('',*,*,#4234,.F.);
#10458=ORIENTED_EDGE('',*,*,#4245,.T.);
#10459=ORIENTED_EDGE('',*,*,#10460,.T.);
#10460=EDGE_CURVE('',#4246,#10461,#10463,.T.);
#10461=VERTEX_POINT('',#10462);
#10462=CARTESIAN_POINT('',(-1.64,-3.839411236764,0.642364817767));
#10463=CIRCLE('',#10464,1.E-01);
#10464=AXIS2_PLACEMENT_3D('',#10465,#14,#13);
#10465=CARTESIAN_POINT('',(-1.64,-3.740930461463,0.625));
#10466=ORIENTED_EDGE('',*,*,#10467,.T.);
#10467=EDGE_CURVE('',#10461,#10468,#10470,.T.);
#10468=VERTEX_POINT('',#10469);
#10469=CARTESIAN_POINT('',(-1.64,-3.904405751626,0.239642028477));
#10470=LINE('',#10462,#9160);
#10471=ORIENTED_EDGE('',*,*,#10472,.T.);
#10472=EDGE_CURVE('',#10468,#10473,#10475,.T.);
#10473=VERTEX_POINT('',#10474);
#10474=CARTESIAN_POINT('',(-1.64,-4.19,-2.22044604925E-16));
#10475=CIRCLE('',#10476,0.29);
#10476=AXIS2_PLACEMENT_3D('',#10477,#168,#9169);
#10477=CARTESIAN_POINT('',(-1.64,-4.19,0.29));
#10478=ORIENTED_EDGE('',*,*,#10479,.T.);
#10479=EDGE_CURVE('',#10473,#10480,#10482,.T.);
#10480=VERTEX_POINT('',#10481);
#10481=CARTESIAN_POINT('',(-1.64,-4.5,-2.22044604925E-16));
#10482=LINE('',#10474,#153);
#10483=ORIENTED_EDGE('',*,*,#10484,.T.);
#10484=EDGE_CURVE('',#10480,#10485,#10487,.T.);
#10485=VERTEX_POINT('',#10486);
#10486=CARTESIAN_POINT('',(-1.64,-4.5,0.15));
#10487=LINE('',#10481,#220);
#10488=ORIENTED_EDGE('',*,*,#10489,.T.);
#10489=EDGE_CURVE('',#10485,#10490,#10492,.T.);
#10490=VERTEX_POINT('',#10491);
#10491=CARTESIAN_POINT('',(-1.64,-4.19,0.15));
#10492=LINE('',#10486,#181);
#10493=ORIENTED_EDGE('',*,*,#10494,.T.);
#10494=EDGE_CURVE('',#10490,#10495,#10497,.T.);
#10495=VERTEX_POINT('',#10496);
#10496=CARTESIAN_POINT('',(-1.64,-4.052126914578,0.265689255127));
#10497=CIRCLE('',#10498,0.14);
#10498=AXIS2_PLACEMENT_3D('',#10477,#14,#190);
#10499=ORIENTED_EDGE('',*,*,#10500,.T.);
#10500=EDGE_CURVE('',#10495,#10501,#10503,.T.);
#10501=VERTEX_POINT('',#10502);
#10502=CARTESIAN_POINT('',(-1.64,-3.987132399716,0.668412044417));
#10503=LINE('',#10496,#9196);
#10504=ORIENTED_EDGE('',*,*,#10505,.T.);
#10505=EDGE_CURVE('',#10501,#10506,#10507,.T.);
#10506=VERTEX_POINT('',#10447);
#10507=CIRCLE('',#10508,0.25);
#10508=AXIS2_PLACEMENT_3D('',#10465,#168,#9203);
#10509=ORIENTED_EDGE('',*,*,#10510,.T.);
#10510=EDGE_CURVE('',#10506,#4235,#10446,.T.);
#10511=PLANE('',#10512);
#10512=AXIS2_PLACEMENT_3D('',#10513,#168,#13);
#10513=CARTESIAN_POINT('',(-1.64,-3.931684054297,0.450095127207));
#10514=ADVANCED_FACE('',(#10515),#10529,.F.);
#10515=FACE_BOUND('',#10516,.F.);
#10516=EDGE_LOOP('',(#10517,#10518,#10525,#10528));
#10517=ORIENTED_EDGE('',*,*,#4258,.T.);
#10518=ORIENTED_EDGE('',*,*,#10519,.T.);
#10519=EDGE_CURVE('',#4253,#10520,#10522,.T.);
#10520=VERTEX_POINT('',#10521);
#10521=CARTESIAN_POINT('',(-1.86,-3.839411236764,0.642364817767));
#10522=CIRCLE('',#10523,1.E-01);
#10523=AXIS2_PLACEMENT_3D('',#10524,#14,#13);
#10524=CARTESIAN_POINT('',(-1.86,-3.740930461463,0.625));
#10525=ORIENTED_EDGE('',*,*,#10526,.F.);
#10526=EDGE_CURVE('',#10461,#10520,#10527,.T.);
#10527=LINE('',#10462,#167);
#10528=ORIENTED_EDGE('',*,*,#10460,.F.);
#10529=CYLINDRICAL_SURFACE('',#10464,1.E-01);
#10530=ADVANCED_FACE('',(#10531),#10580,.T.);
#10531=FACE_BOUND('',#10532,.T.);
#10532=EDGE_LOOP('',(#4265,#4251,#10518,#10533,#10538,#10545,#10550,#10555,#10560,#10566,#10571,#10577));
#10533=ORIENTED_EDGE('',*,*,#10534,.T.);
#10534=EDGE_CURVE('',#10520,#10535,#10537,.T.);
#10535=VERTEX_POINT('',#10536);
#10536=CARTESIAN_POINT('',(-1.86,-3.904405751626,0.239642028477));
#10537=LINE('',#10521,#9160);
#10538=ORIENTED_EDGE('',*,*,#10539,.T.);
#10539=EDGE_CURVE('',#10535,#10540,#10542,.T.);
#10540=VERTEX_POINT('',#10541);
#10541=CARTESIAN_POINT('',(-1.86,-4.19,-2.22044604925E-16));
#10542=CIRCLE('',#10543,0.29);
#10543=AXIS2_PLACEMENT_3D('',#10544,#168,#9169);
#10544=CARTESIAN_POINT('',(-1.86,-4.19,0.29));
#10545=ORIENTED_EDGE('',*,*,#10546,.T.);
#10546=EDGE_CURVE('',#10540,#10547,#10549,.T.);
#10547=VERTEX_POINT('',#10548);
#10548=CARTESIAN_POINT('',(-1.86,-4.5,-2.22044604925E-16));
#10549=LINE('',#10541,#153);
#10550=ORIENTED_EDGE('',*,*,#10551,.T.);
#10551=EDGE_CURVE('',#10547,#10552,#10554,.T.);
#10552=VERTEX_POINT('',#10553);
#10553=CARTESIAN_POINT('',(-1.86,-4.5,0.15));
#10554=LINE('',#10548,#220);
#10555=ORIENTED_EDGE('',*,*,#10556,.T.);
#10556=EDGE_CURVE('',#10552,#10557,#10559,.T.);
#10557=VERTEX_POINT('',#10558);
#10558=CARTESIAN_POINT('',(-1.86,-4.19,0.15));
#10559=LINE('',#10553,#181);
#10560=ORIENTED_EDGE('',*,*,#10561,.T.);
#10561=EDGE_CURVE('',#10557,#10562,#10564,.T.);
#10562=VERTEX_POINT('',#10563);
#10563=CARTESIAN_POINT('',(-1.86,-4.052126914578,0.265689255127));
#10564=CIRCLE('',#10565,0.14);
#10565=AXIS2_PLACEMENT_3D('',#10544,#14,#190);
#10566=ORIENTED_EDGE('',*,*,#10567,.T.);
#10567=EDGE_CURVE('',#10562,#10568,#10570,.T.);
#10568=VERTEX_POINT('',#10569);
#10569=CARTESIAN_POINT('',(-1.86,-3.987132399716,0.668412044417));
#10570=LINE('',#10563,#9196);
#10571=ORIENTED_EDGE('',*,*,#10572,.T.);
#10572=EDGE_CURVE('',#10568,#10573,#10575,.T.);
#10573=VERTEX_POINT('',#10574);
#10574=CARTESIAN_POINT('',(-1.86,-3.740930461463,0.875));
#10575=CIRCLE('',#10576,0.25);
#10576=AXIS2_PLACEMENT_3D('',#10524,#168,#9203);
#10577=ORIENTED_EDGE('',*,*,#10578,.T.);
#10578=EDGE_CURVE('',#10573,#4267,#10579,.T.);
#10579=LINE('',#10574,#181);
#10580=PLANE('',#10581);
#10581=AXIS2_PLACEMENT_3D('',#10582,#168,#13);
#10582=CARTESIAN_POINT('',(-1.86,-3.931684054297,0.450095127207));
#10583=ADVANCED_FACE('',(#10584),#1122,.F.);
#10584=FACE_BOUND('',#10585,.F.);
#10585=EDGE_LOOP('',(#10586,#10587,#10593,#10597));
#10586=ORIENTED_EDGE('',*,*,#4279,.T.);
#10587=ORIENTED_EDGE('',*,*,#10588,.T.);
#10588=EDGE_CURVE('',#4274,#10589,#10591,.T.);
#10589=VERTEX_POINT('',#10590);
#10590=CARTESIAN_POINT('',(-2.14,-3.425,0.875));
#10591=LINE('',#10592,#181);
#10592=CARTESIAN_POINT('',(-2.14,-3.740930461463,0.875));
#10593=ORIENTED_EDGE('',*,*,#10594,.F.);
#10594=EDGE_CURVE('',#10595,#10589,#5782,.T.);
#10595=VERTEX_POINT('',#10596);
#10596=CARTESIAN_POINT('',(-1.86,-3.425,0.875));
#10597=ORIENTED_EDGE('',*,*,#10598,.F.);
#10598=EDGE_CURVE('',#4267,#10595,#10579,.T.);
#10599=ADVANCED_FACE('',(#10600),#10656,.F.);
#10600=FACE_BOUND('',#10601,.F.);
#10601=EDGE_LOOP('',(#10602,#10603,#10604,#10611,#10616,#10623,#10628,#10633,#10638,#10644,#10649,#10654));
#10602=ORIENTED_EDGE('',*,*,#4273,.F.);
#10603=ORIENTED_EDGE('',*,*,#4284,.T.);
#10604=ORIENTED_EDGE('',*,*,#10605,.T.);
#10605=EDGE_CURVE('',#4285,#10606,#10608,.T.);
#10606=VERTEX_POINT('',#10607);
#10607=CARTESIAN_POINT('',(-2.14,-3.839411236764,0.642364817767));
#10608=CIRCLE('',#10609,1.E-01);
#10609=AXIS2_PLACEMENT_3D('',#10610,#14,#13);
#10610=CARTESIAN_POINT('',(-2.14,-3.740930461463,0.625));
#10611=ORIENTED_EDGE('',*,*,#10612,.T.);
#10612=EDGE_CURVE('',#10606,#10613,#10615,.T.);
#10613=VERTEX_POINT('',#10614);
#10614=CARTESIAN_POINT('',(-2.14,-3.904405751626,0.239642028477));
#10615=LINE('',#10607,#9160);
#10616=ORIENTED_EDGE('',*,*,#10617,.T.);
#10617=EDGE_CURVE('',#10613,#10618,#10620,.T.);
#10618=VERTEX_POINT('',#10619);
#10619=CARTESIAN_POINT('',(-2.14,-4.19,-2.22044604925E-16));
#10620=CIRCLE('',#10621,0.29);
#10621=AXIS2_PLACEMENT_3D('',#10622,#168,#9169);
#10622=CARTESIAN_POINT('',(-2.14,-4.19,0.29));
#10623=ORIENTED_EDGE('',*,*,#10624,.T.);
#10624=EDGE_CURVE('',#10618,#10625,#10627,.T.);
#10625=VERTEX_POINT('',#10626);
#10626=CARTESIAN_POINT('',(-2.14,-4.5,-2.22044604925E-16));
#10627=LINE('',#10619,#153);
#10628=ORIENTED_EDGE('',*,*,#10629,.T.);
#10629=EDGE_CURVE('',#10625,#10630,#10632,.T.);
#10630=VERTEX_POINT('',#10631);
#10631=CARTESIAN_POINT('',(-2.14,-4.5,0.15));
#10632=LINE('',#10626,#220);
#10633=ORIENTED_EDGE('',*,*,#10634,.T.);
#10634=EDGE_CURVE('',#10630,#10635,#10637,.T.);
#10635=VERTEX_POINT('',#10636);
#10636=CARTESIAN_POINT('',(-2.14,-4.19,0.15));
#10637=LINE('',#10631,#181);
#10638=ORIENTED_EDGE('',*,*,#10639,.T.);
#10639=EDGE_CURVE('',#10635,#10640,#10642,.T.);
#10640=VERTEX_POINT('',#10641);
#10641=CARTESIAN_POINT('',(-2.14,-4.052126914578,0.265689255127));
#10642=CIRCLE('',#10643,0.14);
#10643=AXIS2_PLACEMENT_3D('',#10622,#14,#190);
#10644=ORIENTED_EDGE('',*,*,#10645,.T.);
#10645=EDGE_CURVE('',#10640,#10646,#10648,.T.);
#10646=VERTEX_POINT('',#10647);
#10647=CARTESIAN_POINT('',(-2.14,-3.987132399716,0.668412044417));
#10648=LINE('',#10641,#9196);
#10649=ORIENTED_EDGE('',*,*,#10650,.T.);
#10650=EDGE_CURVE('',#10646,#10651,#10652,.T.);
#10651=VERTEX_POINT('',#10592);
#10652=CIRCLE('',#10653,0.25);
#10653=AXIS2_PLACEMENT_3D('',#10610,#168,#9203);
#10654=ORIENTED_EDGE('',*,*,#10655,.T.);
#10655=EDGE_CURVE('',#10651,#4274,#10591,.T.);
#10656=PLANE('',#10657);
#10657=AXIS2_PLACEMENT_3D('',#10658,#168,#13);
#10658=CARTESIAN_POINT('',(-2.14,-3.931684054297,0.450095127207));
#10659=ADVANCED_FACE('',(#10660),#10674,.F.);
#10660=FACE_BOUND('',#10661,.F.);
#10661=EDGE_LOOP('',(#10662,#10663,#10670,#10673));
#10662=ORIENTED_EDGE('',*,*,#4297,.T.);
#10663=ORIENTED_EDGE('',*,*,#10664,.T.);
#10664=EDGE_CURVE('',#4292,#10665,#10667,.T.);
#10665=VERTEX_POINT('',#10666);
#10666=CARTESIAN_POINT('',(-2.36,-3.839411236764,0.642364817767));
#10667=CIRCLE('',#10668,1.E-01);
#10668=AXIS2_PLACEMENT_3D('',#10669,#14,#13);
#10669=CARTESIAN_POINT('',(-2.36,-3.740930461463,0.625));
#10670=ORIENTED_EDGE('',*,*,#10671,.F.);
#10671=EDGE_CURVE('',#10606,#10665,#10672,.T.);
#10672=LINE('',#10607,#167);
#10673=ORIENTED_EDGE('',*,*,#10605,.F.);
#10674=CYLINDRICAL_SURFACE('',#10609,1.E-01);
#10675=ADVANCED_FACE('',(#10676),#10725,.T.);
#10676=FACE_BOUND('',#10677,.T.);
#10677=EDGE_LOOP('',(#4304,#4290,#10663,#10678,#10683,#10690,#10695,#10700,#10705,#10711,#10716,#10722));
#10678=ORIENTED_EDGE('',*,*,#10679,.T.);
#10679=EDGE_CURVE('',#10665,#10680,#10682,.T.);
#10680=VERTEX_POINT('',#10681);
#10681=CARTESIAN_POINT('',(-2.36,-3.904405751626,0.239642028477));
#10682=LINE('',#10666,#9160);
#10683=ORIENTED_EDGE('',*,*,#10684,.T.);
#10684=EDGE_CURVE('',#10680,#10685,#10687,.T.);
#10685=VERTEX_POINT('',#10686);
#10686=CARTESIAN_POINT('',(-2.36,-4.19,-2.22044604925E-16));
#10687=CIRCLE('',#10688,0.29);
#10688=AXIS2_PLACEMENT_3D('',#10689,#168,#9169);
#10689=CARTESIAN_POINT('',(-2.36,-4.19,0.29));
#10690=ORIENTED_EDGE('',*,*,#10691,.T.);
#10691=EDGE_CURVE('',#10685,#10692,#10694,.T.);
#10692=VERTEX_POINT('',#10693);
#10693=CARTESIAN_POINT('',(-2.36,-4.5,-2.22044604925E-16));
#10694=LINE('',#10686,#153);
#10695=ORIENTED_EDGE('',*,*,#10696,.T.);
#10696=EDGE_CURVE('',#10692,#10697,#10699,.T.);
#10697=VERTEX_POINT('',#10698);
#10698=CARTESIAN_POINT('',(-2.36,-4.5,0.15));
#10699=LINE('',#10693,#220);
#10700=ORIENTED_EDGE('',*,*,#10701,.T.);
#10701=EDGE_CURVE('',#10697,#10702,#10704,.T.);
#10702=VERTEX_POINT('',#10703);
#10703=CARTESIAN_POINT('',(-2.36,-4.19,0.15));
#10704=LINE('',#10698,#181);
#10705=ORIENTED_EDGE('',*,*,#10706,.T.);
#10706=EDGE_CURVE('',#10702,#10707,#10709,.T.);
#10707=VERTEX_POINT('',#10708);
#10708=CARTESIAN_POINT('',(-2.36,-4.052126914578,0.265689255127));
#10709=CIRCLE('',#10710,0.14);
#10710=AXIS2_PLACEMENT_3D('',#10689,#14,#190);
#10711=ORIENTED_EDGE('',*,*,#10712,.T.);
#10712=EDGE_CURVE('',#10707,#10713,#10715,.T.);
#10713=VERTEX_POINT('',#10714);
#10714=CARTESIAN_POINT('',(-2.36,-3.987132399716,0.668412044417));
#10715=LINE('',#10708,#9196);
#10716=ORIENTED_EDGE('',*,*,#10717,.T.);
#10717=EDGE_CURVE('',#10713,#10718,#10720,.T.);
#10718=VERTEX_POINT('',#10719);
#10719=CARTESIAN_POINT('',(-2.36,-3.740930461463,0.875));
#10720=CIRCLE('',#10721,0.25);
#10721=AXIS2_PLACEMENT_3D('',#10669,#168,#9203);
#10722=ORIENTED_EDGE('',*,*,#10723,.T.);
#10723=EDGE_CURVE('',#10718,#4306,#10724,.T.);
#10724=LINE('',#10719,#181);
#10725=PLANE('',#10726);
#10726=AXIS2_PLACEMENT_3D('',#10727,#168,#13);
#10727=CARTESIAN_POINT('',(-2.36,-3.931684054297,0.450095127207));
#10728=ADVANCED_FACE('',(#10729),#1122,.F.);
#10729=FACE_BOUND('',#10730,.F.);
#10730=EDGE_LOOP('',(#10731,#10732,#10738,#10742));
#10731=ORIENTED_EDGE('',*,*,#4318,.T.);
#10732=ORIENTED_EDGE('',*,*,#10733,.T.);
#10733=EDGE_CURVE('',#4313,#10734,#10736,.T.);
#10734=VERTEX_POINT('',#10735);
#10735=CARTESIAN_POINT('',(-2.64,-3.425,0.875));
#10736=LINE('',#10737,#181);
#10737=CARTESIAN_POINT('',(-2.64,-3.740930461463,0.875));
#10738=ORIENTED_EDGE('',*,*,#10739,.F.);
#10739=EDGE_CURVE('',#10740,#10734,#5782,.T.);
#10740=VERTEX_POINT('',#10741);
#10741=CARTESIAN_POINT('',(-2.36,-3.425,0.875));
#10742=ORIENTED_EDGE('',*,*,#10743,.F.);
#10743=EDGE_CURVE('',#4306,#10740,#10724,.T.);
#10744=ADVANCED_FACE('',(#10745),#10801,.F.);
#10745=FACE_BOUND('',#10746,.F.);
#10746=EDGE_LOOP('',(#10747,#10748,#10749,#10756,#10761,#10768,#10773,#10778,#10783,#10789,#10794,#10799));
#10747=ORIENTED_EDGE('',*,*,#4312,.F.);
#10748=ORIENTED_EDGE('',*,*,#4323,.T.);
#10749=ORIENTED_EDGE('',*,*,#10750,.T.);
#10750=EDGE_CURVE('',#4324,#10751,#10753,.T.);
#10751=VERTEX_POINT('',#10752);
#10752=CARTESIAN_POINT('',(-2.64,-3.839411236764,0.642364817767));
#10753=CIRCLE('',#10754,1.E-01);
#10754=AXIS2_PLACEMENT_3D('',#10755,#14,#13);
#10755=CARTESIAN_POINT('',(-2.64,-3.740930461463,0.625));
#10756=ORIENTED_EDGE('',*,*,#10757,.T.);
#10757=EDGE_CURVE('',#10751,#10758,#10760,.T.);
#10758=VERTEX_POINT('',#10759);
#10759=CARTESIAN_POINT('',(-2.64,-3.904405751626,0.239642028477));
#10760=LINE('',#10752,#9160);
#10761=ORIENTED_EDGE('',*,*,#10762,.T.);
#10762=EDGE_CURVE('',#10758,#10763,#10765,.T.);
#10763=VERTEX_POINT('',#10764);
#10764=CARTESIAN_POINT('',(-2.64,-4.19,-2.22044604925E-16));
#10765=CIRCLE('',#10766,0.29);
#10766=AXIS2_PLACEMENT_3D('',#10767,#168,#9169);
#10767=CARTESIAN_POINT('',(-2.64,-4.19,0.29));
#10768=ORIENTED_EDGE('',*,*,#10769,.T.);
#10769=EDGE_CURVE('',#10763,#10770,#10772,.T.);
#10770=VERTEX_POINT('',#10771);
#10771=CARTESIAN_POINT('',(-2.64,-4.5,-2.22044604925E-16));
#10772=LINE('',#10764,#153);
#10773=ORIENTED_EDGE('',*,*,#10774,.T.);
#10774=EDGE_CURVE('',#10770,#10775,#10777,.T.);
#10775=VERTEX_POINT('',#10776);
#10776=CARTESIAN_POINT('',(-2.64,-4.5,0.15));
#10777=LINE('',#10771,#220);
#10778=ORIENTED_EDGE('',*,*,#10779,.T.);
#10779=EDGE_CURVE('',#10775,#10780,#10782,.T.);
#10780=VERTEX_POINT('',#10781);
#10781=CARTESIAN_POINT('',(-2.64,-4.19,0.15));
#10782=LINE('',#10776,#181);
#10783=ORIENTED_EDGE('',*,*,#10784,.T.);
#10784=EDGE_CURVE('',#10780,#10785,#10787,.T.);
#10785=VERTEX_POINT('',#10786);
#10786=CARTESIAN_POINT('',(-2.64,-4.052126914578,0.265689255127));
#10787=CIRCLE('',#10788,0.14);
#10788=AXIS2_PLACEMENT_3D('',#10767,#14,#190);
#10789=ORIENTED_EDGE('',*,*,#10790,.T.);
#10790=EDGE_CURVE('',#10785,#10791,#10793,.T.);
#10791=VERTEX_POINT('',#10792);
#10792=CARTESIAN_POINT('',(-2.64,-3.987132399716,0.668412044417));
#10793=LINE('',#10786,#9196);
#10794=ORIENTED_EDGE('',*,*,#10795,.T.);
#10795=EDGE_CURVE('',#10791,#10796,#10797,.T.);
#10796=VERTEX_POINT('',#10737);
#10797=CIRCLE('',#10798,0.25);
#10798=AXIS2_PLACEMENT_3D('',#10755,#168,#9203);
#10799=ORIENTED_EDGE('',*,*,#10800,.T.);
#10800=EDGE_CURVE('',#10796,#4313,#10736,.T.);
#10801=PLANE('',#10802);
#10802=AXIS2_PLACEMENT_3D('',#10803,#168,#13);
#10803=CARTESIAN_POINT('',(-2.64,-3.931684054297,0.450095127207));
#10804=ADVANCED_FACE('',(#10805),#10819,.F.);
#10805=FACE_BOUND('',#10806,.F.);
#10806=EDGE_LOOP('',(#10807,#10808,#10815,#10818));
#10807=ORIENTED_EDGE('',*,*,#4336,.T.);
#10808=ORIENTED_EDGE('',*,*,#10809,.T.);
#10809=EDGE_CURVE('',#4331,#10810,#10812,.T.);
#10810=VERTEX_POINT('',#10811);
#10811=CARTESIAN_POINT('',(-2.86,-3.839411236764,0.642364817767));
#10812=CIRCLE('',#10813,1.E-01);
#10813=AXIS2_PLACEMENT_3D('',#10814,#14,#13);
#10814=CARTESIAN_POINT('',(-2.86,-3.740930461463,0.625));
#10815=ORIENTED_EDGE('',*,*,#10816,.F.);
#10816=EDGE_CURVE('',#10751,#10810,#10817,.T.);
#10817=LINE('',#10752,#167);
#10818=ORIENTED_EDGE('',*,*,#10750,.F.);
#10819=CYLINDRICAL_SURFACE('',#10754,1.E-01);
#10820=ADVANCED_FACE('',(#10821),#10868,.T.);
#10821=FACE_BOUND('',#10822,.T.);
#10822=EDGE_LOOP('',(#4343,#4329,#10808,#10823,#10828,#10835,#10840,#10845,#10850,#10856,#10861,#10866));
#10823=ORIENTED_EDGE('',*,*,#10824,.T.);
#10824=EDGE_CURVE('',#10810,#10825,#10827,.T.);
#10825=VERTEX_POINT('',#10826);
#10826=CARTESIAN_POINT('',(-2.86,-3.904405751626,0.239642028477));
#10827=LINE('',#10811,#9160);
#10828=ORIENTED_EDGE('',*,*,#10829,.T.);
#10829=EDGE_CURVE('',#10825,#10830,#10832,.T.);
#10830=VERTEX_POINT('',#10831);
#10831=CARTESIAN_POINT('',(-2.86,-4.19,-2.22044604925E-16));
#10832=CIRCLE('',#10833,0.29);
#10833=AXIS2_PLACEMENT_3D('',#10834,#168,#9169);
#10834=CARTESIAN_POINT('',(-2.86,-4.19,0.29));
#10835=ORIENTED_EDGE('',*,*,#10836,.T.);
#10836=EDGE_CURVE('',#10830,#10837,#10839,.T.);
#10837=VERTEX_POINT('',#10838);
#10838=CARTESIAN_POINT('',(-2.86,-4.5,-2.22044604925E-16));
#10839=LINE('',#10831,#153);
#10840=ORIENTED_EDGE('',*,*,#10841,.T.);
#10841=EDGE_CURVE('',#10837,#10842,#10844,.T.);
#10842=VERTEX_POINT('',#10843);
#10843=CARTESIAN_POINT('',(-2.86,-4.5,0.15));
#10844=LINE('',#10838,#220);
#10845=ORIENTED_EDGE('',*,*,#10846,.T.);
#10846=EDGE_CURVE('',#10842,#10847,#10849,.T.);
#10847=VERTEX_POINT('',#10848);
#10848=CARTESIAN_POINT('',(-2.86,-4.19,0.15));
#10849=LINE('',#10843,#181);
#10850=ORIENTED_EDGE('',*,*,#10851,.T.);
#10851=EDGE_CURVE('',#10847,#10852,#10854,.T.);
#10852=VERTEX_POINT('',#10853);
#10853=CARTESIAN_POINT('',(-2.86,-4.052126914578,0.265689255127));
#10854=CIRCLE('',#10855,0.14);
#10855=AXIS2_PLACEMENT_3D('',#10834,#14,#190);
#10856=ORIENTED_EDGE('',*,*,#10857,.T.);
#10857=EDGE_CURVE('',#10852,#10858,#10860,.T.);
#10858=VERTEX_POINT('',#10859);
#10859=CARTESIAN_POINT('',(-2.86,-3.987132399716,0.668412044417));
#10860=LINE('',#10853,#9196);
#10861=ORIENTED_EDGE('',*,*,#10862,.T.);
#10862=EDGE_CURVE('',#10858,#10863,#10864,.T.);
#10863=VERTEX_POINT('',#5787);
#10864=CIRCLE('',#10865,0.25);
#10865=AXIS2_PLACEMENT_3D('',#10814,#168,#9203);
#10866=ORIENTED_EDGE('',*,*,#10867,.T.);
#10867=EDGE_CURVE('',#10863,#4345,#5786,.T.);
#10868=PLANE('',#10869);
#10869=AXIS2_PLACEMENT_3D('',#10870,#168,#13);
#10870=CARTESIAN_POINT('',(-2.86,-3.931684054297,0.450095127207));
#10871=ADVANCED_FACE('',(#10872),#10879,.T.);
#10872=FACE_BOUND('',#10873,.F.);
#10873=EDGE_LOOP('',(#10874,#7448,#10877,#10878));
#10874=ORIENTED_EDGE('',*,*,#10875,.T.);
#10875=EDGE_CURVE('',#7380,#7445,#10876,.T.);
#10876=LINE('',#7381,#181);
#10877=ORIENTED_EDGE('',*,*,#4362,.F.);
#10878=ORIENTED_EDGE('',*,*,#7384,.F.);
#10879=CYLINDRICAL_SURFACE('',#10880,0.25);
#10880=AXIS2_PLACEMENT_3D('',#7344,#154,#5850);
#10881=ADVANCED_FACE('',(#10882),#10891,.F.);
#10882=FACE_BOUND('',#10883,.F.);
#10883=EDGE_LOOP('',(#10884,#10885,#5919,#10888,#10889,#10890));
#10884=ORIENTED_EDGE('',*,*,#5852,.F.);
#10885=ORIENTED_EDGE('',*,*,#10886,.T.);
#10886=EDGE_CURVE('',#5847,#5915,#10887,.T.);
#10887=LINE('',#5771,#181);
#10888=ORIENTED_EDGE('',*,*,#5935,.T.);
#10889=ORIENTED_EDGE('',*,*,#4385,.F.);
#10890=ORIENTED_EDGE('',*,*,#5769,.F.);
#10891=PLANE('',#10892);
#10892=AXIS2_PLACEMENT_3D('',#5771,#190,#14);
#10893=ADVANCED_FACE('',(#10894),#10903,.F.);
#10894=FACE_BOUND('',#10895,.F.);
#10895=EDGE_LOOP('',(#10896,#10897,#6059,#10900,#10901,#10902));
#10896=ORIENTED_EDGE('',*,*,#5992,.F.);
#10897=ORIENTED_EDGE('',*,*,#10898,.T.);
#10898=EDGE_CURVE('',#5988,#6055,#10899,.T.);
#10899=LINE('',#5932,#181);
#10900=ORIENTED_EDGE('',*,*,#6075,.T.);
#10901=ORIENTED_EDGE('',*,*,#4393,.F.);
#10902=ORIENTED_EDGE('',*,*,#5930,.F.);
#10903=PLANE('',#10904);
#10904=AXIS2_PLACEMENT_3D('',#5932,#190,#14);
#10905=ADVANCED_FACE('',(#10906),#10915,.F.);
#10906=FACE_BOUND('',#10907,.F.);
#10907=EDGE_LOOP('',(#10908,#10909,#6199,#10912,#10913,#10914));
#10908=ORIENTED_EDGE('',*,*,#6132,.F.);
#10909=ORIENTED_EDGE('',*,*,#10910,.T.);
#10910=EDGE_CURVE('',#6128,#6195,#10911,.T.);
#10911=LINE('',#6072,#181);
#10912=ORIENTED_EDGE('',*,*,#6215,.T.);
#10913=ORIENTED_EDGE('',*,*,#4401,.F.);
#10914=ORIENTED_EDGE('',*,*,#6070,.F.);
#10915=PLANE('',#10916);
#10916=AXIS2_PLACEMENT_3D('',#6072,#190,#14);
#10917=ADVANCED_FACE('',(#10918),#10927,.F.);
#10918=FACE_BOUND('',#10919,.F.);
#10919=EDGE_LOOP('',(#10920,#10921,#6339,#10924,#10925,#10926));
#10920=ORIENTED_EDGE('',*,*,#6272,.F.);
#10921=ORIENTED_EDGE('',*,*,#10922,.T.);
#10922=EDGE_CURVE('',#6268,#6335,#10923,.T.);
#10923=LINE('',#6212,#181);
#10924=ORIENTED_EDGE('',*,*,#6355,.T.);
#10925=ORIENTED_EDGE('',*,*,#4409,.F.);
#10926=ORIENTED_EDGE('',*,*,#6210,.F.);
#10927=PLANE('',#10928);
#10928=AXIS2_PLACEMENT_3D('',#6212,#190,#14);
#10929=ADVANCED_FACE('',(#10930),#10939,.F.);
#10930=FACE_BOUND('',#10931,.F.);
#10931=EDGE_LOOP('',(#10932,#10933,#6479,#10936,#10937,#10938));
#10932=ORIENTED_EDGE('',*,*,#6412,.F.);
#10933=ORIENTED_EDGE('',*,*,#10934,.T.);
#10934=EDGE_CURVE('',#6408,#6475,#10935,.T.);
#10935=LINE('',#6352,#181);
#10936=ORIENTED_EDGE('',*,*,#6495,.T.);
#10937=ORIENTED_EDGE('',*,*,#4417,.F.);
#10938=ORIENTED_EDGE('',*,*,#6350,.F.);
#10939=PLANE('',#10940);
#10940=AXIS2_PLACEMENT_3D('',#6352,#190,#14);
#10941=ADVANCED_FACE('',(#10942),#10951,.F.);
#10942=FACE_BOUND('',#10943,.F.);
#10943=EDGE_LOOP('',(#10944,#10945,#6619,#10948,#10949,#10950));
#10944=ORIENTED_EDGE('',*,*,#6552,.F.);
#10945=ORIENTED_EDGE('',*,*,#10946,.T.);
#10946=EDGE_CURVE('',#6548,#6615,#10947,.T.);
#10947=LINE('',#6492,#181);
#10948=ORIENTED_EDGE('',*,*,#6635,.T.);
#10949=ORIENTED_EDGE('',*,*,#4425,.F.);
#10950=ORIENTED_EDGE('',*,*,#6490,.F.);
#10951=PLANE('',#10952);
#10952=AXIS2_PLACEMENT_3D('',#6492,#190,#14);
#10953=ADVANCED_FACE('',(#10954),#10963,.F.);
#10954=FACE_BOUND('',#10955,.F.);
#10955=EDGE_LOOP('',(#10956,#10957,#6759,#10960,#10961,#10962));
#10956=ORIENTED_EDGE('',*,*,#6692,.F.);
#10957=ORIENTED_EDGE('',*,*,#10958,.T.);
#10958=EDGE_CURVE('',#6688,#6755,#10959,.T.);
#10959=LINE('',#6632,#181);
#10960=ORIENTED_EDGE('',*,*,#6775,.T.);
#10961=ORIENTED_EDGE('',*,*,#4433,.F.);
#10962=ORIENTED_EDGE('',*,*,#6630,.F.);
#10963=PLANE('',#10964);
#10964=AXIS2_PLACEMENT_3D('',#6632,#190,#14);
#10965=ADVANCED_FACE('',(#10966),#10975,.F.);
#10966=FACE_BOUND('',#10967,.F.);
#10967=EDGE_LOOP('',(#10968,#10969,#6899,#10972,#10973,#10974));
#10968=ORIENTED_EDGE('',*,*,#6832,.F.);
#10969=ORIENTED_EDGE('',*,*,#10970,.T.);
#10970=EDGE_CURVE('',#6828,#6895,#10971,.T.);
#10971=LINE('',#6772,#181);
#10972=ORIENTED_EDGE('',*,*,#6915,.T.);
#10973=ORIENTED_EDGE('',*,*,#4441,.F.);
#10974=ORIENTED_EDGE('',*,*,#6770,.F.);
#10975=PLANE('',#10976);
#10976=AXIS2_PLACEMENT_3D('',#6772,#190,#14);
#10977=ADVANCED_FACE('',(#10978),#10987,.F.);
#10978=FACE_BOUND('',#10979,.F.);
#10979=EDGE_LOOP('',(#10980,#10981,#7039,#10984,#10985,#10986));
#10980=ORIENTED_EDGE('',*,*,#6972,.F.);
#10981=ORIENTED_EDGE('',*,*,#10982,.T.);
#10982=EDGE_CURVE('',#6968,#7035,#10983,.T.);
#10983=LINE('',#6912,#181);
#10984=ORIENTED_EDGE('',*,*,#7055,.T.);
#10985=ORIENTED_EDGE('',*,*,#4449,.F.);
#10986=ORIENTED_EDGE('',*,*,#6910,.F.);
#10987=PLANE('',#10988);
#10988=AXIS2_PLACEMENT_3D('',#6912,#190,#14);
#10989=ADVANCED_FACE('',(#10990),#10999,.F.);
#10990=FACE_BOUND('',#10991,.F.);
#10991=EDGE_LOOP('',(#10992,#10993,#7179,#10996,#10997,#10998));
#10992=ORIENTED_EDGE('',*,*,#7112,.F.);
#10993=ORIENTED_EDGE('',*,*,#10994,.T.);
#10994=EDGE_CURVE('',#7108,#7175,#10995,.T.);
#10995=LINE('',#7052,#181);
#10996=ORIENTED_EDGE('',*,*,#7195,.T.);
#10997=ORIENTED_EDGE('',*,*,#4457,.F.);
#10998=ORIENTED_EDGE('',*,*,#7050,.F.);
#10999=PLANE('',#11000);
#11000=AXIS2_PLACEMENT_3D('',#7052,#190,#14);
#11001=ADVANCED_FACE('',(#11002),#11011,.F.);
#11002=FACE_BOUND('',#11003,.F.);
#11003=EDGE_LOOP('',(#11004,#11005,#7319,#11008,#11009,#11010));
#11004=ORIENTED_EDGE('',*,*,#7252,.F.);
#11005=ORIENTED_EDGE('',*,*,#11006,.T.);
#11006=EDGE_CURVE('',#7248,#7315,#11007,.T.);
#11007=LINE('',#7192,#181);
#11008=ORIENTED_EDGE('',*,*,#7332,.T.);
#11009=ORIENTED_EDGE('',*,*,#4465,.F.);
#11010=ORIENTED_EDGE('',*,*,#7190,.F.);
#11011=PLANE('',#11012);
#11012=AXIS2_PLACEMENT_3D('',#7192,#190,#14);
#11013=ADVANCED_FACE('',(#11014,#11029),#11038,.T.);
#11014=FACE_BOUND('',#11015,.T.);
#11015=EDGE_LOOP('',(#4545,#4495,#4477,#11016,#11021,#11026,#5739,#5629));
#11016=ORIENTED_EDGE('',*,*,#11017,.F.);
#11017=EDGE_CURVE('',#11018,#4479,#11020,.T.);
#11018=VERTEX_POINT('',#11019);
#11019=CARTESIAN_POINT('',(-3.221076074478,-3.292152148956,1.5));
#11020=LINE('',#11019,#174);
#11021=ORIENTED_EDGE('',*,*,#11022,.F.);
#11022=EDGE_CURVE('',#11023,#11018,#11025,.T.);
#11023=VERTEX_POINT('',#11024);
#11024=CARTESIAN_POINT('',(3.221076074478,-3.292152148956,1.5));
#11025=LINE('',#11024,#167);
#11026=ORIENTED_EDGE('',*,*,#11027,.F.);
#11027=EDGE_CURVE('',#5736,#11023,#11028,.T.);
#11028=LINE('',#5737,#160);
#11029=FACE_BOUND('',#11030,.T.);
#11030=EDGE_LOOP('',(#11031));
#11031=ORIENTED_EDGE('',*,*,#11032,.T.);
#11032=EDGE_CURVE('',#11033,#11033,#11035,.T.);
#11033=VERTEX_POINT('',#11034);
#11034=CARTESIAN_POINT('',(-2.392152148956,2.192152148956,1.5));
#11035=CIRCLE('',#11036,0.2);
#11036=AXIS2_PLACEMENT_3D('',#11037,#190,#154);
#11037=CARTESIAN_POINT('',(-2.392152148956,2.392152148956,1.5));
#11038=PLANE('',#11039);
#11039=AXIS2_PLACEMENT_3D('',#4493,#13,#11040);
#11040=DIRECTION('',(0.699348787781,-0.714780576841,0.));
#11041=ADVANCED_FACE('',(#11042),#11049,.F.);
#11042=FACE_BOUND('',#11043,.F.);
#11043=EDGE_LOOP('',(#11044,#11045,#11016,#11046));
#11044=ORIENTED_EDGE('',*,*,#5774,.T.);
#11045=ORIENTED_EDGE('',*,*,#4483,.T.);
#11046=ORIENTED_EDGE('',*,*,#11047,.F.);
#11047=EDGE_CURVE('',#5775,#11018,#11048,.T.);
#11048=B_SPLINE_CURVE_WITH_KNOTS('',1,(#5776,#11019),.UNSPECIFIED.,.F.,.F.,(2,2),(0.,1.),.PIECEWISE_BEZIER_KNOTS.);
#11049=B_SPLINE_SURFACE_WITH_KNOTS('',1,1,((#5776,#11019),(#1111,#4480)),.UNSPECIFIED.,.F.,.F.,.F.,(2,2),(2,2),(0.,0.194454364826),(0.,1.),.PIECEWISE_BEZIER_KNOTS.);
#11050=ADVANCED_FACE('',(#11051),#11060,.F.);
#11051=FACE_BOUND('',#11052,.F.);
#11052=EDGE_LOOP('',(#11053,#11054,#7716,#11057,#11058,#11059));
#11053=ORIENTED_EDGE('',*,*,#7649,.F.);
#11054=ORIENTED_EDGE('',*,*,#11055,.T.);
#11055=EDGE_CURVE('',#7645,#7712,#11056,.T.);
#11056=LINE('',#7591,#153);
#11057=ORIENTED_EDGE('',*,*,#7726,.T.);
#11058=ORIENTED_EDGE('',*,*,#5647,.F.);
#11059=ORIENTED_EDGE('',*,*,#7589,.F.);
#11060=PLANE('',#11061);
#11061=AXIS2_PLACEMENT_3D('',#7591,#190,#168);
#11062=ADVANCED_FACE('',(#11063),#11072,.F.);
#11063=FACE_BOUND('',#11064,.F.);
#11064=EDGE_LOOP('',(#11065,#11066,#7856,#11069,#11070,#11071));
#11065=ORIENTED_EDGE('',*,*,#7789,.F.);
#11066=ORIENTED_EDGE('',*,*,#11067,.T.);
#11067=EDGE_CURVE('',#7785,#7852,#11068,.T.);
#11068=LINE('',#7731,#153);
#11069=ORIENTED_EDGE('',*,*,#7866,.T.);
#11070=ORIENTED_EDGE('',*,*,#5655,.F.);
#11071=ORIENTED_EDGE('',*,*,#7729,.F.);
#11072=PLANE('',#11073);
#11073=AXIS2_PLACEMENT_3D('',#7731,#190,#168);
#11074=ADVANCED_FACE('',(#11075),#11084,.F.);
#11075=FACE_BOUND('',#11076,.F.);
#11076=EDGE_LOOP('',(#11077,#11078,#7996,#11081,#11082,#11083));
#11077=ORIENTED_EDGE('',*,*,#7929,.F.);
#11078=ORIENTED_EDGE('',*,*,#11079,.T.);
#11079=EDGE_CURVE('',#7925,#7992,#11080,.T.);
#11080=LINE('',#7871,#153);
#11081=ORIENTED_EDGE('',*,*,#8006,.T.);
#11082=ORIENTED_EDGE('',*,*,#5663,.F.);
#11083=ORIENTED_EDGE('',*,*,#7869,.F.);
#11084=PLANE('',#11085);
#11085=AXIS2_PLACEMENT_3D('',#7871,#190,#168);
#11086=ADVANCED_FACE('',(#11087),#11096,.F.);
#11087=FACE_BOUND('',#11088,.F.);
#11088=EDGE_LOOP('',(#11089,#11090,#8136,#11093,#11094,#11095));
#11089=ORIENTED_EDGE('',*,*,#8069,.F.);
#11090=ORIENTED_EDGE('',*,*,#11091,.T.);
#11091=EDGE_CURVE('',#8065,#8132,#11092,.T.);
#11092=LINE('',#8011,#153);
#11093=ORIENTED_EDGE('',*,*,#8146,.T.);
#11094=ORIENTED_EDGE('',*,*,#5671,.F.);
#11095=ORIENTED_EDGE('',*,*,#8009,.F.);
#11096=PLANE('',#11097);
#11097=AXIS2_PLACEMENT_3D('',#8011,#190,#168);
#11098=ADVANCED_FACE('',(#11099),#11108,.F.);
#11099=FACE_BOUND('',#11100,.F.);
#11100=EDGE_LOOP('',(#11101,#11102,#8276,#11105,#11106,#11107));
#11101=ORIENTED_EDGE('',*,*,#8209,.F.);
#11102=ORIENTED_EDGE('',*,*,#11103,.T.);
#11103=EDGE_CURVE('',#8205,#8272,#11104,.T.);
#11104=LINE('',#8151,#153);
#11105=ORIENTED_EDGE('',*,*,#8286,.T.);
#11106=ORIENTED_EDGE('',*,*,#5679,.F.);
#11107=ORIENTED_EDGE('',*,*,#8149,.F.);
#11108=PLANE('',#11109);
#11109=AXIS2_PLACEMENT_3D('',#8151,#190,#168);
#11110=ADVANCED_FACE('',(#11111),#11120,.F.);
#11111=FACE_BOUND('',#11112,.F.);
#11112=EDGE_LOOP('',(#11113,#11114,#8416,#11117,#11118,#11119));
#11113=ORIENTED_EDGE('',*,*,#8349,.F.);
#11114=ORIENTED_EDGE('',*,*,#11115,.T.);
#11115=EDGE_CURVE('',#8345,#8412,#11116,.T.);
#11116=LINE('',#8291,#153);
#11117=ORIENTED_EDGE('',*,*,#8426,.T.);
#11118=ORIENTED_EDGE('',*,*,#5687,.F.);
#11119=ORIENTED_EDGE('',*,*,#8289,.F.);
#11120=PLANE('',#11121);
#11121=AXIS2_PLACEMENT_3D('',#8291,#190,#168);
#11122=ADVANCED_FACE('',(#11123),#11132,.F.);
#11123=FACE_BOUND('',#11124,.F.);
#11124=EDGE_LOOP('',(#11125,#11126,#8556,#11129,#11130,#11131));
#11125=ORIENTED_EDGE('',*,*,#8489,.F.);
#11126=ORIENTED_EDGE('',*,*,#11127,.T.);
#11127=EDGE_CURVE('',#8485,#8552,#11128,.T.);
#11128=LINE('',#8431,#153);
#11129=ORIENTED_EDGE('',*,*,#8566,.T.);
#11130=ORIENTED_EDGE('',*,*,#5695,.F.);
#11131=ORIENTED_EDGE('',*,*,#8429,.F.);
#11132=PLANE('',#11133);
#11133=AXIS2_PLACEMENT_3D('',#8431,#190,#168);
#11134=ADVANCED_FACE('',(#11135),#11144,.F.);
#11135=FACE_BOUND('',#11136,.F.);
#11136=EDGE_LOOP('',(#11137,#11138,#8696,#11141,#11142,#11143));
#11137=ORIENTED_EDGE('',*,*,#8629,.F.);
#11138=ORIENTED_EDGE('',*,*,#11139,.T.);
#11139=EDGE_CURVE('',#8625,#8692,#11140,.T.);
#11140=LINE('',#8571,#153);
#11141=ORIENTED_EDGE('',*,*,#8706,.T.);
#11142=ORIENTED_EDGE('',*,*,#5703,.F.);
#11143=ORIENTED_EDGE('',*,*,#8569,.F.);
#11144=PLANE('',#11145);
#11145=AXIS2_PLACEMENT_3D('',#8571,#190,#168);
#11146=ADVANCED_FACE('',(#11147),#11156,.F.);
#11147=FACE_BOUND('',#11148,.F.);
#11148=EDGE_LOOP('',(#11149,#11150,#8836,#11153,#11154,#11155));
#11149=ORIENTED_EDGE('',*,*,#8769,.F.);
#11150=ORIENTED_EDGE('',*,*,#11151,.T.);
#11151=EDGE_CURVE('',#8765,#8832,#11152,.T.);
#11152=LINE('',#8711,#153);
#11153=ORIENTED_EDGE('',*,*,#8846,.T.);
#11154=ORIENTED_EDGE('',*,*,#5711,.F.);
#11155=ORIENTED_EDGE('',*,*,#8709,.F.);
#11156=PLANE('',#11157);
#11157=AXIS2_PLACEMENT_3D('',#8711,#190,#168);
#11158=ADVANCED_FACE('',(#11159),#11168,.F.);
#11159=FACE_BOUND('',#11160,.F.);
#11160=EDGE_LOOP('',(#11161,#11162,#8976,#11165,#11166,#11167));
#11161=ORIENTED_EDGE('',*,*,#8909,.F.);
#11162=ORIENTED_EDGE('',*,*,#11163,.T.);
#11163=EDGE_CURVE('',#8905,#8972,#11164,.T.);
#11164=LINE('',#8851,#153);
#11165=ORIENTED_EDGE('',*,*,#8986,.T.);
#11166=ORIENTED_EDGE('',*,*,#5719,.F.);
#11167=ORIENTED_EDGE('',*,*,#8849,.F.);
#11168=PLANE('',#11169);
#11169=AXIS2_PLACEMENT_3D('',#8851,#190,#168);
#11170=ADVANCED_FACE('',(#11171),#11180,.F.);
#11171=FACE_BOUND('',#11172,.F.);
#11172=EDGE_LOOP('',(#11173,#11174,#9116,#11177,#11178,#11179));
#11173=ORIENTED_EDGE('',*,*,#9049,.F.);
#11174=ORIENTED_EDGE('',*,*,#11175,.T.);
#11175=EDGE_CURVE('',#9045,#9112,#11176,.T.);
#11176=LINE('',#8991,#153);
#11177=ORIENTED_EDGE('',*,*,#9126,.T.);
#11178=ORIENTED_EDGE('',*,*,#5727,.F.);
#11179=ORIENTED_EDGE('',*,*,#8989,.F.);
#11180=PLANE('',#11181);
#11181=AXIS2_PLACEMENT_3D('',#8991,#190,#168);
#11182=ADVANCED_FACE('',(#11183),#11190,.F.);
#11183=FACE_BOUND('',#11184,.F.);
#11184=EDGE_LOOP('',(#11185,#11186,#11026,#11189));
#11185=ORIENTED_EDGE('',*,*,#9140,.T.);
#11186=ORIENTED_EDGE('',*,*,#11187,.T.);
#11187=EDGE_CURVE('',#9138,#11023,#11188,.T.);
#11188=B_SPLINE_CURVE_WITH_KNOTS('',1,(#5783,#11024),.UNSPECIFIED.,.F.,.F.,(2,2),(0.,1.),.PIECEWISE_BEZIER_KNOTS.);
#11189=ORIENTED_EDGE('',*,*,#5735,.F.);
#11190=B_SPLINE_SURFACE_WITH_KNOTS('',1,1,((#5733,#5737),(#5783,#11024)),.UNSPECIFIED.,.F.,.F.,.F.,(2,2),(2,2),(0.,0.194454364826),(0.,1.),.PIECEWISE_BEZIER_KNOTS.);
#11191=ADVANCED_FACE('',(#11192),#11199,.T.);
#11192=FACE_BOUND('',#11193,.F.);
#11193=EDGE_LOOP('',(#11194,#7576,#11197,#11198));
#11194=ORIENTED_EDGE('',*,*,#11195,.T.);
#11195=EDGE_CURVE('',#7505,#7573,#11196,.T.);
#11196=LINE('',#7506,#153);
#11197=ORIENTED_EDGE('',*,*,#5751,.F.);
#11198=ORIENTED_EDGE('',*,*,#7511,.F.);
#11199=CYLINDRICAL_SURFACE('',#11200,0.25);
#11200=AXIS2_PLACEMENT_3D('',#7466,#182,#7514);
#11201=ADVANCED_FACE('',(#11202),#11212,.F.);
#11202=FACE_BOUND('',#11203,.F.);
#11203=EDGE_LOOP('',(#11204,#11205,#10866,#11208,#11209,#11211));
#11204=ORIENTED_EDGE('',*,*,#10800,.F.);
#11205=ORIENTED_EDGE('',*,*,#11206,.T.);
#11206=EDGE_CURVE('',#10796,#10863,#11207,.T.);
#11207=LINE('',#10737,#167);
#11208=ORIENTED_EDGE('',*,*,#5785,.T.);
#11209=ORIENTED_EDGE('',*,*,#11210,.F.);
#11210=EDGE_CURVE('',#10734,#5780,#5782,.T.);
#11211=ORIENTED_EDGE('',*,*,#10733,.F.);
#11212=PLANE('',#11213);
#11213=AXIS2_PLACEMENT_3D('',#10737,#190,#182);
#11214=ADVANCED_FACE('',(#11215),#11255,.F.);
#11215=FACE_BOUND('',#11216,.F.);
#11216=EDGE_LOOP('',(#11217,#11218,#11220,#11221,#11223,#11224,#11226,#11227,#11229,#11230,#11232,#11233,#11235,#11236,#11238,#11239,#11241,#11242,#11244,#11245,#11247,#11248,#11250,#11251,#11252,#11253,#11021,#11254));
#11217=ORIENTED_EDGE('',*,*,#9137,.T.);
#11218=ORIENTED_EDGE('',*,*,#11219,.T.);
#11219=EDGE_CURVE('',#9132,#9290,#5782,.T.);
#11220=ORIENTED_EDGE('',*,*,#9289,.T.);
#11221=ORIENTED_EDGE('',*,*,#11222,.T.);
#11222=EDGE_CURVE('',#9284,#9435,#5782,.T.);
#11223=ORIENTED_EDGE('',*,*,#9434,.T.);
#11224=ORIENTED_EDGE('',*,*,#11225,.T.);
#11225=EDGE_CURVE('',#9429,#9580,#5782,.T.);
#11226=ORIENTED_EDGE('',*,*,#9579,.T.);
#11227=ORIENTED_EDGE('',*,*,#11228,.T.);
#11228=EDGE_CURVE('',#9574,#9725,#5782,.T.);
#11229=ORIENTED_EDGE('',*,*,#9724,.T.);
#11230=ORIENTED_EDGE('',*,*,#11231,.T.);
#11231=EDGE_CURVE('',#9719,#9870,#5782,.T.);
#11232=ORIENTED_EDGE('',*,*,#9869,.T.);
#11233=ORIENTED_EDGE('',*,*,#11234,.T.);
#11234=EDGE_CURVE('',#9864,#10015,#5782,.T.);
#11235=ORIENTED_EDGE('',*,*,#10014,.T.);
#11236=ORIENTED_EDGE('',*,*,#11237,.T.);
#11237=EDGE_CURVE('',#10009,#10160,#5782,.T.);
#11238=ORIENTED_EDGE('',*,*,#10159,.T.);
#11239=ORIENTED_EDGE('',*,*,#11240,.T.);
#11240=EDGE_CURVE('',#10154,#10305,#5782,.T.);
#11241=ORIENTED_EDGE('',*,*,#10304,.T.);
#11242=ORIENTED_EDGE('',*,*,#11243,.T.);
#11243=EDGE_CURVE('',#10299,#10450,#5782,.T.);
#11244=ORIENTED_EDGE('',*,*,#10449,.T.);
#11245=ORIENTED_EDGE('',*,*,#11246,.T.);
#11246=EDGE_CURVE('',#10444,#10595,#5782,.T.);
#11247=ORIENTED_EDGE('',*,*,#10594,.T.);
#11248=ORIENTED_EDGE('',*,*,#11249,.T.);
#11249=EDGE_CURVE('',#10589,#10740,#5782,.T.);
#11250=ORIENTED_EDGE('',*,*,#10739,.T.);
#11251=ORIENTED_EDGE('',*,*,#11210,.T.);
#11252=ORIENTED_EDGE('',*,*,#5779,.T.);
#11253=ORIENTED_EDGE('',*,*,#11047,.T.);
#11254=ORIENTED_EDGE('',*,*,#11187,.F.);
#11255=B_SPLINE_SURFACE_WITH_KNOTS('',1,1,((#5783,#11024),(#5776,#11019)),.UNSPECIFIED.,.F.,.F.,.F.,(2,2),(2,2),(0.,6.575),(0.,1.),.PIECEWISE_BEZIER_KNOTS.);
#11256=ADVANCED_FACE('',(#11257),#11264,.T.);
#11257=FACE_BOUND('',#11258,.F.);
#11258=EDGE_LOOP('',(#11259,#5913,#11262,#11263));
#11259=ORIENTED_EDGE('',*,*,#11260,.T.);
#11260=EDGE_CURVE('',#5840,#5910,#11261,.T.);
#11261=LINE('',#5841,#181);
#11262=ORIENTED_EDGE('',*,*,#10886,.F.);
#11263=ORIENTED_EDGE('',*,*,#5846,.F.);
#11264=CYLINDRICAL_SURFACE('',#11265,0.25);
#11265=AXIS2_PLACEMENT_3D('',#5801,#154,#5850);
#11266=ADVANCED_FACE('',(#11267),#11274,.F.);
#11267=FACE_BOUND('',#11268,.F.);
#11268=EDGE_LOOP('',(#11269,#5908,#11272,#11273));
#11269=ORIENTED_EDGE('',*,*,#11270,.T.);
#11270=EDGE_CURVE('',#5834,#5904,#11271,.T.);
#11271=LINE('',#5835,#181);
#11272=ORIENTED_EDGE('',*,*,#11260,.F.);
#11273=ORIENTED_EDGE('',*,*,#5839,.F.);
#11274=PLANE('',#11275);
#11275=AXIS2_PLACEMENT_3D('',#5835,#11276,#5844);
#11276=DIRECTION('',(0.987226000081,-1.129621252357E-17,-0.159326158443));
#11277=ADVANCED_FACE('',(#11278),#11285,.F.);
#11278=FACE_BOUND('',#11279,.F.);
#11279=EDGE_LOOP('',(#11280,#5902,#11283,#11284));
#11280=ORIENTED_EDGE('',*,*,#11281,.T.);
#11281=EDGE_CURVE('',#5829,#5899,#11282,.T.);
#11282=LINE('',#5830,#181);
#11283=ORIENTED_EDGE('',*,*,#11270,.F.);
#11284=ORIENTED_EDGE('',*,*,#5833,.F.);
#11285=CYLINDRICAL_SURFACE('',#5837,0.14);
#11286=ADVANCED_FACE('',(#11287),#11294,.F.);
#11287=FACE_BOUND('',#11288,.F.);
#11288=EDGE_LOOP('',(#11289,#5897,#11292,#11293));
#11289=ORIENTED_EDGE('',*,*,#11290,.T.);
#11290=EDGE_CURVE('',#5824,#5894,#11291,.T.);
#11291=LINE('',#5825,#181);
#11292=ORIENTED_EDGE('',*,*,#11281,.F.);
#11293=ORIENTED_EDGE('',*,*,#5828,.F.);
#11294=PLANE('',#11295);
#11295=AXIS2_PLACEMENT_3D('',#5825,#190,#14);
#11296=ADVANCED_FACE('',(#11297),#11304,.F.);
#11297=FACE_BOUND('',#11298,.F.);
#11298=EDGE_LOOP('',(#11299,#5892,#11302,#11303));
#11299=ORIENTED_EDGE('',*,*,#11300,.T.);
#11300=EDGE_CURVE('',#5819,#5889,#11301,.T.);
#11301=LINE('',#5820,#181);
#11302=ORIENTED_EDGE('',*,*,#11290,.F.);
#11303=ORIENTED_EDGE('',*,*,#5823,.F.);
#11304=PLANE('',#11305);
#11305=AXIS2_PLACEMENT_3D('',#5820,#14,#13);
#11306=ADVANCED_FACE('',(#11307),#11314,.F.);
#11307=FACE_BOUND('',#11308,.F.);
#11308=EDGE_LOOP('',(#11309,#5887,#11312,#11313));
#11309=ORIENTED_EDGE('',*,*,#11310,.T.);
#11310=EDGE_CURVE('',#5811,#5882,#11311,.T.);
#11311=LINE('',#5812,#181);
#11312=ORIENTED_EDGE('',*,*,#11300,.F.);
#11313=ORIENTED_EDGE('',*,*,#5818,.F.);
#11314=PLANE('',#11315);
#11315=AXIS2_PLACEMENT_3D('',#5812,#13,#168);
#11316=ADVANCED_FACE('',(#11317),#11324,.T.);
#11317=FACE_BOUND('',#11318,.F.);
#11318=EDGE_LOOP('',(#11319,#5880,#11322,#11323));
#11319=ORIENTED_EDGE('',*,*,#11320,.T.);
#11320=EDGE_CURVE('',#5804,#5877,#11321,.T.);
#11321=LINE('',#5805,#181);
#11322=ORIENTED_EDGE('',*,*,#11310,.F.);
#11323=ORIENTED_EDGE('',*,*,#5810,.F.);
#11324=CYLINDRICAL_SURFACE('',#11325,0.29);
#11325=AXIS2_PLACEMENT_3D('',#5815,#154,#5816);
#11326=ADVANCED_FACE('',(#11327),#11332,.F.);
#11327=FACE_BOUND('',#11328,.F.);
#11328=EDGE_LOOP('',(#11329,#5875,#11330,#11331));
#11329=ORIENTED_EDGE('',*,*,#5868,.T.);
#11330=ORIENTED_EDGE('',*,*,#11320,.F.);
#11331=ORIENTED_EDGE('',*,*,#5803,.F.);
#11332=PLANE('',#11333);
#11333=AXIS2_PLACEMENT_3D('',#5798,#11334,#5808);
#11334=DIRECTION('',(-0.987226000081,1.129621252357E-17,0.159326158443));
#11335=ADVANCED_FACE('',(#11336),#11343,.T.);
#11336=FACE_BOUND('',#11337,.F.);
#11337=EDGE_LOOP('',(#11338,#6053,#11341,#11342));
#11338=ORIENTED_EDGE('',*,*,#11339,.T.);
#11339=EDGE_CURVE('',#5983,#6050,#11340,.T.);
#11340=LINE('',#5984,#181);
#11341=ORIENTED_EDGE('',*,*,#10898,.F.);
#11342=ORIENTED_EDGE('',*,*,#5987,.F.);
#11343=CYLINDRICAL_SURFACE('',#11344,0.25);
#11344=AXIS2_PLACEMENT_3D('',#5947,#154,#5850);
#11345=ADVANCED_FACE('',(#11346),#11353,.F.);
#11346=FACE_BOUND('',#11347,.F.);
#11347=EDGE_LOOP('',(#11348,#6048,#11351,#11352));
#11348=ORIENTED_EDGE('',*,*,#11349,.T.);
#11349=EDGE_CURVE('',#5977,#6044,#11350,.T.);
#11350=LINE('',#5978,#181);
#11351=ORIENTED_EDGE('',*,*,#11339,.F.);
#11352=ORIENTED_EDGE('',*,*,#5982,.F.);
#11353=PLANE('',#11354);
#11354=AXIS2_PLACEMENT_3D('',#5978,#11276,#5844);
#11355=ADVANCED_FACE('',(#11356),#11363,.F.);
#11356=FACE_BOUND('',#11357,.F.);
#11357=EDGE_LOOP('',(#11358,#6042,#11361,#11362));
#11358=ORIENTED_EDGE('',*,*,#11359,.T.);
#11359=EDGE_CURVE('',#5972,#6039,#11360,.T.);
#11360=LINE('',#5973,#181);
#11361=ORIENTED_EDGE('',*,*,#11349,.F.);
#11362=ORIENTED_EDGE('',*,*,#5976,.F.);
#11363=CYLINDRICAL_SURFACE('',#5980,0.14);
#11364=ADVANCED_FACE('',(#11365),#11372,.F.);
#11365=FACE_BOUND('',#11366,.F.);
#11366=EDGE_LOOP('',(#11367,#6037,#11370,#11371));
#11367=ORIENTED_EDGE('',*,*,#11368,.T.);
#11368=EDGE_CURVE('',#5967,#6034,#11369,.T.);
#11369=LINE('',#5968,#181);
#11370=ORIENTED_EDGE('',*,*,#11359,.F.);
#11371=ORIENTED_EDGE('',*,*,#5971,.F.);
#11372=PLANE('',#11373);
#11373=AXIS2_PLACEMENT_3D('',#5968,#190,#14);
#11374=ADVANCED_FACE('',(#11375),#11382,.F.);
#11375=FACE_BOUND('',#11376,.F.);
#11376=EDGE_LOOP('',(#11377,#6032,#11380,#11381));
#11377=ORIENTED_EDGE('',*,*,#11378,.T.);
#11378=EDGE_CURVE('',#5962,#6029,#11379,.T.);
#11379=LINE('',#5963,#181);
#11380=ORIENTED_EDGE('',*,*,#11368,.F.);
#11381=ORIENTED_EDGE('',*,*,#5966,.F.);
#11382=PLANE('',#11383);
#11383=AXIS2_PLACEMENT_3D('',#5963,#14,#13);
#11384=ADVANCED_FACE('',(#11385),#11392,.F.);
#11385=FACE_BOUND('',#11386,.F.);
#11386=EDGE_LOOP('',(#11387,#6027,#11390,#11391));
#11387=ORIENTED_EDGE('',*,*,#11388,.T.);
#11388=EDGE_CURVE('',#5955,#6022,#11389,.T.);
#11389=LINE('',#5956,#181);
#11390=ORIENTED_EDGE('',*,*,#11378,.F.);
#11391=ORIENTED_EDGE('',*,*,#5961,.F.);
#11392=PLANE('',#11393);
#11393=AXIS2_PLACEMENT_3D('',#5956,#13,#168);
#11394=ADVANCED_FACE('',(#11395),#11402,.T.);
#11395=FACE_BOUND('',#11396,.F.);
#11396=EDGE_LOOP('',(#11397,#6020,#11400,#11401));
#11397=ORIENTED_EDGE('',*,*,#11398,.T.);
#11398=EDGE_CURVE('',#5950,#6017,#11399,.T.);
#11399=LINE('',#5951,#181);
#11400=ORIENTED_EDGE('',*,*,#11388,.F.);
#11401=ORIENTED_EDGE('',*,*,#5954,.F.);
#11402=CYLINDRICAL_SURFACE('',#11403,0.29);
#11403=AXIS2_PLACEMENT_3D('',#5959,#154,#5816);
#11404=ADVANCED_FACE('',(#11405),#11410,.F.);
#11405=FACE_BOUND('',#11406,.F.);
#11406=EDGE_LOOP('',(#11407,#6015,#11408,#11409));
#11407=ORIENTED_EDGE('',*,*,#6008,.T.);
#11408=ORIENTED_EDGE('',*,*,#11398,.F.);
#11409=ORIENTED_EDGE('',*,*,#5949,.F.);
#11410=PLANE('',#11411);
#11411=AXIS2_PLACEMENT_3D('',#5944,#11334,#5808);
#11412=ADVANCED_FACE('',(#11413),#11420,.T.);
#11413=FACE_BOUND('',#11414,.F.);
#11414=EDGE_LOOP('',(#11415,#6193,#11418,#11419));
#11415=ORIENTED_EDGE('',*,*,#11416,.T.);
#11416=EDGE_CURVE('',#6123,#6190,#11417,.T.);
#11417=LINE('',#6124,#181);
#11418=ORIENTED_EDGE('',*,*,#10910,.F.);
#11419=ORIENTED_EDGE('',*,*,#6127,.F.);
#11420=CYLINDRICAL_SURFACE('',#11421,0.25);
#11421=AXIS2_PLACEMENT_3D('',#6087,#154,#5850);
#11422=ADVANCED_FACE('',(#11423),#11430,.F.);
#11423=FACE_BOUND('',#11424,.F.);
#11424=EDGE_LOOP('',(#11425,#6188,#11428,#11429));
#11425=ORIENTED_EDGE('',*,*,#11426,.T.);
#11426=EDGE_CURVE('',#6117,#6184,#11427,.T.);
#11427=LINE('',#6118,#181);
#11428=ORIENTED_EDGE('',*,*,#11416,.F.);
#11429=ORIENTED_EDGE('',*,*,#6122,.F.);
#11430=PLANE('',#11431);
#11431=AXIS2_PLACEMENT_3D('',#6118,#11276,#5844);
#11432=ADVANCED_FACE('',(#11433),#11440,.F.);
#11433=FACE_BOUND('',#11434,.F.);
#11434=EDGE_LOOP('',(#11435,#6182,#11438,#11439));
#11435=ORIENTED_EDGE('',*,*,#11436,.T.);
#11436=EDGE_CURVE('',#6112,#6179,#11437,.T.);
#11437=LINE('',#6113,#181);
#11438=ORIENTED_EDGE('',*,*,#11426,.F.);
#11439=ORIENTED_EDGE('',*,*,#6116,.F.);
#11440=CYLINDRICAL_SURFACE('',#6120,0.14);
#11441=ADVANCED_FACE('',(#11442),#11449,.F.);
#11442=FACE_BOUND('',#11443,.F.);
#11443=EDGE_LOOP('',(#11444,#6177,#11447,#11448));
#11444=ORIENTED_EDGE('',*,*,#11445,.T.);
#11445=EDGE_CURVE('',#6107,#6174,#11446,.T.);
#11446=LINE('',#6108,#181);
#11447=ORIENTED_EDGE('',*,*,#11436,.F.);
#11448=ORIENTED_EDGE('',*,*,#6111,.F.);
#11449=PLANE('',#11450);
#11450=AXIS2_PLACEMENT_3D('',#6108,#190,#14);
#11451=ADVANCED_FACE('',(#11452),#11459,.F.);
#11452=FACE_BOUND('',#11453,.F.);
#11453=EDGE_LOOP('',(#11454,#6172,#11457,#11458));
#11454=ORIENTED_EDGE('',*,*,#11455,.T.);
#11455=EDGE_CURVE('',#6102,#6169,#11456,.T.);
#11456=LINE('',#6103,#181);
#11457=ORIENTED_EDGE('',*,*,#11445,.F.);
#11458=ORIENTED_EDGE('',*,*,#6106,.F.);
#11459=PLANE('',#11460);
#11460=AXIS2_PLACEMENT_3D('',#6103,#14,#13);
#11461=ADVANCED_FACE('',(#11462),#11469,.F.);
#11462=FACE_BOUND('',#11463,.F.);
#11463=EDGE_LOOP('',(#11464,#6167,#11467,#11468));
#11464=ORIENTED_EDGE('',*,*,#11465,.T.);
#11465=EDGE_CURVE('',#6095,#6162,#11466,.T.);
#11466=LINE('',#6096,#181);
#11467=ORIENTED_EDGE('',*,*,#11455,.F.);
#11468=ORIENTED_EDGE('',*,*,#6101,.F.);
#11469=PLANE('',#11470);
#11470=AXIS2_PLACEMENT_3D('',#6096,#13,#168);
#11471=ADVANCED_FACE('',(#11472),#11479,.T.);
#11472=FACE_BOUND('',#11473,.F.);
#11473=EDGE_LOOP('',(#11474,#6160,#11477,#11478));
#11474=ORIENTED_EDGE('',*,*,#11475,.T.);
#11475=EDGE_CURVE('',#6090,#6157,#11476,.T.);
#11476=LINE('',#6091,#181);
#11477=ORIENTED_EDGE('',*,*,#11465,.F.);
#11478=ORIENTED_EDGE('',*,*,#6094,.F.);
#11479=CYLINDRICAL_SURFACE('',#11480,0.29);
#11480=AXIS2_PLACEMENT_3D('',#6099,#154,#5816);
#11481=ADVANCED_FACE('',(#11482),#11487,.F.);
#11482=FACE_BOUND('',#11483,.F.);
#11483=EDGE_LOOP('',(#11484,#6155,#11485,#11486));
#11484=ORIENTED_EDGE('',*,*,#6148,.T.);
#11485=ORIENTED_EDGE('',*,*,#11475,.F.);
#11486=ORIENTED_EDGE('',*,*,#6089,.F.);
#11487=PLANE('',#11488);
#11488=AXIS2_PLACEMENT_3D('',#6084,#11334,#5808);
#11489=ADVANCED_FACE('',(#11490),#11497,.T.);
#11490=FACE_BOUND('',#11491,.F.);
#11491=EDGE_LOOP('',(#11492,#6333,#11495,#11496));
#11492=ORIENTED_EDGE('',*,*,#11493,.T.);
#11493=EDGE_CURVE('',#6263,#6330,#11494,.T.);
#11494=LINE('',#6264,#181);
#11495=ORIENTED_EDGE('',*,*,#10922,.F.);
#11496=ORIENTED_EDGE('',*,*,#6267,.F.);
#11497=CYLINDRICAL_SURFACE('',#11498,0.25);
#11498=AXIS2_PLACEMENT_3D('',#6227,#154,#5850);
#11499=ADVANCED_FACE('',(#11500),#11507,.F.);
#11500=FACE_BOUND('',#11501,.F.);
#11501=EDGE_LOOP('',(#11502,#6328,#11505,#11506));
#11502=ORIENTED_EDGE('',*,*,#11503,.T.);
#11503=EDGE_CURVE('',#6257,#6324,#11504,.T.);
#11504=LINE('',#6258,#181);
#11505=ORIENTED_EDGE('',*,*,#11493,.F.);
#11506=ORIENTED_EDGE('',*,*,#6262,.F.);
#11507=PLANE('',#11508);
#11508=AXIS2_PLACEMENT_3D('',#6258,#11276,#5844);
#11509=ADVANCED_FACE('',(#11510),#11517,.F.);
#11510=FACE_BOUND('',#11511,.F.);
#11511=EDGE_LOOP('',(#11512,#6322,#11515,#11516));
#11512=ORIENTED_EDGE('',*,*,#11513,.T.);
#11513=EDGE_CURVE('',#6252,#6319,#11514,.T.);
#11514=LINE('',#6253,#181);
#11515=ORIENTED_EDGE('',*,*,#11503,.F.);
#11516=ORIENTED_EDGE('',*,*,#6256,.F.);
#11517=CYLINDRICAL_SURFACE('',#6260,0.14);
#11518=ADVANCED_FACE('',(#11519),#11526,.F.);
#11519=FACE_BOUND('',#11520,.F.);
#11520=EDGE_LOOP('',(#11521,#6317,#11524,#11525));
#11521=ORIENTED_EDGE('',*,*,#11522,.T.);
#11522=EDGE_CURVE('',#6247,#6314,#11523,.T.);
#11523=LINE('',#6248,#181);
#11524=ORIENTED_EDGE('',*,*,#11513,.F.);
#11525=ORIENTED_EDGE('',*,*,#6251,.F.);
#11526=PLANE('',#11527);
#11527=AXIS2_PLACEMENT_3D('',#6248,#190,#14);
#11528=ADVANCED_FACE('',(#11529),#11536,.F.);
#11529=FACE_BOUND('',#11530,.F.);
#11530=EDGE_LOOP('',(#11531,#6312,#11534,#11535));
#11531=ORIENTED_EDGE('',*,*,#11532,.T.);
#11532=EDGE_CURVE('',#6242,#6309,#11533,.T.);
#11533=LINE('',#6243,#181);
#11534=ORIENTED_EDGE('',*,*,#11522,.F.);
#11535=ORIENTED_EDGE('',*,*,#6246,.F.);
#11536=PLANE('',#11537);
#11537=AXIS2_PLACEMENT_3D('',#6243,#14,#13);
#11538=ADVANCED_FACE('',(#11539),#11546,.F.);
#11539=FACE_BOUND('',#11540,.F.);
#11540=EDGE_LOOP('',(#11541,#6307,#11544,#11545));
#11541=ORIENTED_EDGE('',*,*,#11542,.T.);
#11542=EDGE_CURVE('',#6235,#6302,#11543,.T.);
#11543=LINE('',#6236,#181);
#11544=ORIENTED_EDGE('',*,*,#11532,.F.);
#11545=ORIENTED_EDGE('',*,*,#6241,.F.);
#11546=PLANE('',#11547);
#11547=AXIS2_PLACEMENT_3D('',#6236,#13,#168);
#11548=ADVANCED_FACE('',(#11549),#11556,.T.);
#11549=FACE_BOUND('',#11550,.F.);
#11550=EDGE_LOOP('',(#11551,#6300,#11554,#11555));
#11551=ORIENTED_EDGE('',*,*,#11552,.T.);
#11552=EDGE_CURVE('',#6230,#6297,#11553,.T.);
#11553=LINE('',#6231,#181);
#11554=ORIENTED_EDGE('',*,*,#11542,.F.);
#11555=ORIENTED_EDGE('',*,*,#6234,.F.);
#11556=CYLINDRICAL_SURFACE('',#11557,0.29);
#11557=AXIS2_PLACEMENT_3D('',#6239,#154,#5816);
#11558=ADVANCED_FACE('',(#11559),#11564,.F.);
#11559=FACE_BOUND('',#11560,.F.);
#11560=EDGE_LOOP('',(#11561,#6295,#11562,#11563));
#11561=ORIENTED_EDGE('',*,*,#6288,.T.);
#11562=ORIENTED_EDGE('',*,*,#11552,.F.);
#11563=ORIENTED_EDGE('',*,*,#6229,.F.);
#11564=PLANE('',#11565);
#11565=AXIS2_PLACEMENT_3D('',#6224,#11334,#5808);
#11566=ADVANCED_FACE('',(#11567),#11574,.T.);
#11567=FACE_BOUND('',#11568,.F.);
#11568=EDGE_LOOP('',(#11569,#6473,#11572,#11573));
#11569=ORIENTED_EDGE('',*,*,#11570,.T.);
#11570=EDGE_CURVE('',#6403,#6470,#11571,.T.);
#11571=LINE('',#6404,#181);
#11572=ORIENTED_EDGE('',*,*,#10934,.F.);
#11573=ORIENTED_EDGE('',*,*,#6407,.F.);
#11574=CYLINDRICAL_SURFACE('',#11575,0.25);
#11575=AXIS2_PLACEMENT_3D('',#6367,#154,#5850);
#11576=ADVANCED_FACE('',(#11577),#11584,.F.);
#11577=FACE_BOUND('',#11578,.F.);
#11578=EDGE_LOOP('',(#11579,#6468,#11582,#11583));
#11579=ORIENTED_EDGE('',*,*,#11580,.T.);
#11580=EDGE_CURVE('',#6397,#6464,#11581,.T.);
#11581=LINE('',#6398,#181);
#11582=ORIENTED_EDGE('',*,*,#11570,.F.);
#11583=ORIENTED_EDGE('',*,*,#6402,.F.);
#11584=PLANE('',#11585);
#11585=AXIS2_PLACEMENT_3D('',#6398,#11276,#5844);
#11586=ADVANCED_FACE('',(#11587),#11594,.F.);
#11587=FACE_BOUND('',#11588,.F.);
#11588=EDGE_LOOP('',(#11589,#6462,#11592,#11593));
#11589=ORIENTED_EDGE('',*,*,#11590,.T.);
#11590=EDGE_CURVE('',#6392,#6459,#11591,.T.);
#11591=LINE('',#6393,#181);
#11592=ORIENTED_EDGE('',*,*,#11580,.F.);
#11593=ORIENTED_EDGE('',*,*,#6396,.F.);
#11594=CYLINDRICAL_SURFACE('',#6400,0.14);
#11595=ADVANCED_FACE('',(#11596),#11603,.F.);
#11596=FACE_BOUND('',#11597,.F.);
#11597=EDGE_LOOP('',(#11598,#6457,#11601,#11602));
#11598=ORIENTED_EDGE('',*,*,#11599,.T.);
#11599=EDGE_CURVE('',#6387,#6454,#11600,.T.);
#11600=LINE('',#6388,#181);
#11601=ORIENTED_EDGE('',*,*,#11590,.F.);
#11602=ORIENTED_EDGE('',*,*,#6391,.F.);
#11603=PLANE('',#11604);
#11604=AXIS2_PLACEMENT_3D('',#6388,#190,#14);
#11605=ADVANCED_FACE('',(#11606),#11613,.F.);
#11606=FACE_BOUND('',#11607,.F.);
#11607=EDGE_LOOP('',(#11608,#6452,#11611,#11612));
#11608=ORIENTED_EDGE('',*,*,#11609,.T.);
#11609=EDGE_CURVE('',#6382,#6449,#11610,.T.);
#11610=LINE('',#6383,#181);
#11611=ORIENTED_EDGE('',*,*,#11599,.F.);
#11612=ORIENTED_EDGE('',*,*,#6386,.F.);
#11613=PLANE('',#11614);
#11614=AXIS2_PLACEMENT_3D('',#6383,#14,#13);
#11615=ADVANCED_FACE('',(#11616),#11623,.F.);
#11616=FACE_BOUND('',#11617,.F.);
#11617=EDGE_LOOP('',(#11618,#6447,#11621,#11622));
#11618=ORIENTED_EDGE('',*,*,#11619,.T.);
#11619=EDGE_CURVE('',#6375,#6442,#11620,.T.);
#11620=LINE('',#6376,#181);
#11621=ORIENTED_EDGE('',*,*,#11609,.F.);
#11622=ORIENTED_EDGE('',*,*,#6381,.F.);
#11623=PLANE('',#11624);
#11624=AXIS2_PLACEMENT_3D('',#6376,#13,#168);
#11625=ADVANCED_FACE('',(#11626),#11633,.T.);
#11626=FACE_BOUND('',#11627,.F.);
#11627=EDGE_LOOP('',(#11628,#6440,#11631,#11632));
#11628=ORIENTED_EDGE('',*,*,#11629,.T.);
#11629=EDGE_CURVE('',#6370,#6437,#11630,.T.);
#11630=LINE('',#6371,#181);
#11631=ORIENTED_EDGE('',*,*,#11619,.F.);
#11632=ORIENTED_EDGE('',*,*,#6374,.F.);
#11633=CYLINDRICAL_SURFACE('',#11634,0.29);
#11634=AXIS2_PLACEMENT_3D('',#6379,#154,#5816);
#11635=ADVANCED_FACE('',(#11636),#11641,.F.);
#11636=FACE_BOUND('',#11637,.F.);
#11637=EDGE_LOOP('',(#11638,#6435,#11639,#11640));
#11638=ORIENTED_EDGE('',*,*,#6428,.T.);
#11639=ORIENTED_EDGE('',*,*,#11629,.F.);
#11640=ORIENTED_EDGE('',*,*,#6369,.F.);
#11641=PLANE('',#11642);
#11642=AXIS2_PLACEMENT_3D('',#6364,#11334,#5808);
#11643=ADVANCED_FACE('',(#11644),#11651,.T.);
#11644=FACE_BOUND('',#11645,.F.);
#11645=EDGE_LOOP('',(#11646,#6613,#11649,#11650));
#11646=ORIENTED_EDGE('',*,*,#11647,.T.);
#11647=EDGE_CURVE('',#6543,#6610,#11648,.T.);
#11648=LINE('',#6544,#181);
#11649=ORIENTED_EDGE('',*,*,#10946,.F.);
#11650=ORIENTED_EDGE('',*,*,#6547,.F.);
#11651=CYLINDRICAL_SURFACE('',#11652,0.25);
#11652=AXIS2_PLACEMENT_3D('',#6507,#154,#5850);
#11653=ADVANCED_FACE('',(#11654),#11661,.F.);
#11654=FACE_BOUND('',#11655,.F.);
#11655=EDGE_LOOP('',(#11656,#6608,#11659,#11660));
#11656=ORIENTED_EDGE('',*,*,#11657,.T.);
#11657=EDGE_CURVE('',#6537,#6604,#11658,.T.);
#11658=LINE('',#6538,#181);
#11659=ORIENTED_EDGE('',*,*,#11647,.F.);
#11660=ORIENTED_EDGE('',*,*,#6542,.F.);
#11661=PLANE('',#11662);
#11662=AXIS2_PLACEMENT_3D('',#6538,#11276,#5844);
#11663=ADVANCED_FACE('',(#11664),#11671,.F.);
#11664=FACE_BOUND('',#11665,.F.);
#11665=EDGE_LOOP('',(#11666,#6602,#11669,#11670));
#11666=ORIENTED_EDGE('',*,*,#11667,.T.);
#11667=EDGE_CURVE('',#6532,#6599,#11668,.T.);
#11668=LINE('',#6533,#181);
#11669=ORIENTED_EDGE('',*,*,#11657,.F.);
#11670=ORIENTED_EDGE('',*,*,#6536,.F.);
#11671=CYLINDRICAL_SURFACE('',#6540,0.14);
#11672=ADVANCED_FACE('',(#11673),#11680,.F.);
#11673=FACE_BOUND('',#11674,.F.);
#11674=EDGE_LOOP('',(#11675,#6597,#11678,#11679));
#11675=ORIENTED_EDGE('',*,*,#11676,.T.);
#11676=EDGE_CURVE('',#6527,#6594,#11677,.T.);
#11677=LINE('',#6528,#181);
#11678=ORIENTED_EDGE('',*,*,#11667,.F.);
#11679=ORIENTED_EDGE('',*,*,#6531,.F.);
#11680=PLANE('',#11681);
#11681=AXIS2_PLACEMENT_3D('',#6528,#190,#14);
#11682=ADVANCED_FACE('',(#11683),#11690,.F.);
#11683=FACE_BOUND('',#11684,.F.);
#11684=EDGE_LOOP('',(#11685,#6592,#11688,#11689));
#11685=ORIENTED_EDGE('',*,*,#11686,.T.);
#11686=EDGE_CURVE('',#6522,#6589,#11687,.T.);
#11687=LINE('',#6523,#181);
#11688=ORIENTED_EDGE('',*,*,#11676,.F.);
#11689=ORIENTED_EDGE('',*,*,#6526,.F.);
#11690=PLANE('',#11691);
#11691=AXIS2_PLACEMENT_3D('',#6523,#14,#13);
#11692=ADVANCED_FACE('',(#11693),#11700,.F.);
#11693=FACE_BOUND('',#11694,.F.);
#11694=EDGE_LOOP('',(#11695,#6587,#11698,#11699));
#11695=ORIENTED_EDGE('',*,*,#11696,.T.);
#11696=EDGE_CURVE('',#6515,#6582,#11697,.T.);
#11697=LINE('',#6516,#181);
#11698=ORIENTED_EDGE('',*,*,#11686,.F.);
#11699=ORIENTED_EDGE('',*,*,#6521,.F.);
#11700=PLANE('',#11701);
#11701=AXIS2_PLACEMENT_3D('',#6516,#13,#168);
#11702=ADVANCED_FACE('',(#11703),#11710,.T.);
#11703=FACE_BOUND('',#11704,.F.);
#11704=EDGE_LOOP('',(#11705,#6580,#11708,#11709));
#11705=ORIENTED_EDGE('',*,*,#11706,.T.);
#11706=EDGE_CURVE('',#6510,#6577,#11707,.T.);
#11707=LINE('',#6511,#181);
#11708=ORIENTED_EDGE('',*,*,#11696,.F.);
#11709=ORIENTED_EDGE('',*,*,#6514,.F.);
#11710=CYLINDRICAL_SURFACE('',#11711,0.29);
#11711=AXIS2_PLACEMENT_3D('',#6519,#154,#5816);
#11712=ADVANCED_FACE('',(#11713),#11718,.F.);
#11713=FACE_BOUND('',#11714,.F.);
#11714=EDGE_LOOP('',(#11715,#6575,#11716,#11717));
#11715=ORIENTED_EDGE('',*,*,#6568,.T.);
#11716=ORIENTED_EDGE('',*,*,#11706,.F.);
#11717=ORIENTED_EDGE('',*,*,#6509,.F.);
#11718=PLANE('',#11719);
#11719=AXIS2_PLACEMENT_3D('',#6504,#11334,#5808);
#11720=ADVANCED_FACE('',(#11721),#11728,.T.);
#11721=FACE_BOUND('',#11722,.F.);
#11722=EDGE_LOOP('',(#11723,#6753,#11726,#11727));
#11723=ORIENTED_EDGE('',*,*,#11724,.T.);
#11724=EDGE_CURVE('',#6683,#6750,#11725,.T.);
#11725=LINE('',#6684,#181);
#11726=ORIENTED_EDGE('',*,*,#10958,.F.);
#11727=ORIENTED_EDGE('',*,*,#6687,.F.);
#11728=CYLINDRICAL_SURFACE('',#11729,0.25);
#11729=AXIS2_PLACEMENT_3D('',#6647,#154,#5850);
#11730=ADVANCED_FACE('',(#11731),#11738,.F.);
#11731=FACE_BOUND('',#11732,.F.);
#11732=EDGE_LOOP('',(#11733,#6748,#11736,#11737));
#11733=ORIENTED_EDGE('',*,*,#11734,.T.);
#11734=EDGE_CURVE('',#6677,#6744,#11735,.T.);
#11735=LINE('',#6678,#181);
#11736=ORIENTED_EDGE('',*,*,#11724,.F.);
#11737=ORIENTED_EDGE('',*,*,#6682,.F.);
#11738=PLANE('',#11739);
#11739=AXIS2_PLACEMENT_3D('',#6678,#11276,#5844);
#11740=ADVANCED_FACE('',(#11741),#11748,.F.);
#11741=FACE_BOUND('',#11742,.F.);
#11742=EDGE_LOOP('',(#11743,#6742,#11746,#11747));
#11743=ORIENTED_EDGE('',*,*,#11744,.T.);
#11744=EDGE_CURVE('',#6672,#6739,#11745,.T.);
#11745=LINE('',#6673,#181);
#11746=ORIENTED_EDGE('',*,*,#11734,.F.);
#11747=ORIENTED_EDGE('',*,*,#6676,.F.);
#11748=CYLINDRICAL_SURFACE('',#6680,0.14);
#11749=ADVANCED_FACE('',(#11750),#11757,.F.);
#11750=FACE_BOUND('',#11751,.F.);
#11751=EDGE_LOOP('',(#11752,#6737,#11755,#11756));
#11752=ORIENTED_EDGE('',*,*,#11753,.T.);
#11753=EDGE_CURVE('',#6667,#6734,#11754,.T.);
#11754=LINE('',#6668,#181);
#11755=ORIENTED_EDGE('',*,*,#11744,.F.);
#11756=ORIENTED_EDGE('',*,*,#6671,.F.);
#11757=PLANE('',#11758);
#11758=AXIS2_PLACEMENT_3D('',#6668,#190,#14);
#11759=ADVANCED_FACE('',(#11760),#11767,.F.);
#11760=FACE_BOUND('',#11761,.F.);
#11761=EDGE_LOOP('',(#11762,#6732,#11765,#11766));
#11762=ORIENTED_EDGE('',*,*,#11763,.T.);
#11763=EDGE_CURVE('',#6662,#6729,#11764,.T.);
#11764=LINE('',#6663,#181);
#11765=ORIENTED_EDGE('',*,*,#11753,.F.);
#11766=ORIENTED_EDGE('',*,*,#6666,.F.);
#11767=PLANE('',#11768);
#11768=AXIS2_PLACEMENT_3D('',#6663,#14,#13);
#11769=ADVANCED_FACE('',(#11770),#11777,.F.);
#11770=FACE_BOUND('',#11771,.F.);
#11771=EDGE_LOOP('',(#11772,#6727,#11775,#11776));
#11772=ORIENTED_EDGE('',*,*,#11773,.T.);
#11773=EDGE_CURVE('',#6655,#6722,#11774,.T.);
#11774=LINE('',#6656,#181);
#11775=ORIENTED_EDGE('',*,*,#11763,.F.);
#11776=ORIENTED_EDGE('',*,*,#6661,.F.);
#11777=PLANE('',#11778);
#11778=AXIS2_PLACEMENT_3D('',#6656,#13,#168);
#11779=ADVANCED_FACE('',(#11780),#11787,.T.);
#11780=FACE_BOUND('',#11781,.F.);
#11781=EDGE_LOOP('',(#11782,#6720,#11785,#11786));
#11782=ORIENTED_EDGE('',*,*,#11783,.T.);
#11783=EDGE_CURVE('',#6650,#6717,#11784,.T.);
#11784=LINE('',#6651,#181);
#11785=ORIENTED_EDGE('',*,*,#11773,.F.);
#11786=ORIENTED_EDGE('',*,*,#6654,.F.);
#11787=CYLINDRICAL_SURFACE('',#11788,0.29);
#11788=AXIS2_PLACEMENT_3D('',#6659,#154,#5816);
#11789=ADVANCED_FACE('',(#11790),#11795,.F.);
#11790=FACE_BOUND('',#11791,.F.);
#11791=EDGE_LOOP('',(#11792,#6715,#11793,#11794));
#11792=ORIENTED_EDGE('',*,*,#6708,.T.);
#11793=ORIENTED_EDGE('',*,*,#11783,.F.);
#11794=ORIENTED_EDGE('',*,*,#6649,.F.);
#11795=PLANE('',#11796);
#11796=AXIS2_PLACEMENT_3D('',#6644,#11334,#5808);
#11797=ADVANCED_FACE('',(#11798),#11805,.T.);
#11798=FACE_BOUND('',#11799,.F.);
#11799=EDGE_LOOP('',(#11800,#6893,#11803,#11804));
#11800=ORIENTED_EDGE('',*,*,#11801,.T.);
#11801=EDGE_CURVE('',#6823,#6890,#11802,.T.);
#11802=LINE('',#6824,#181);
#11803=ORIENTED_EDGE('',*,*,#10970,.F.);
#11804=ORIENTED_EDGE('',*,*,#6827,.F.);
#11805=CYLINDRICAL_SURFACE('',#11806,0.25);
#11806=AXIS2_PLACEMENT_3D('',#6787,#154,#5850);
#11807=ADVANCED_FACE('',(#11808),#11815,.F.);
#11808=FACE_BOUND('',#11809,.F.);
#11809=EDGE_LOOP('',(#11810,#6888,#11813,#11814));
#11810=ORIENTED_EDGE('',*,*,#11811,.T.);
#11811=EDGE_CURVE('',#6817,#6884,#11812,.T.);
#11812=LINE('',#6818,#181);
#11813=ORIENTED_EDGE('',*,*,#11801,.F.);
#11814=ORIENTED_EDGE('',*,*,#6822,.F.);
#11815=PLANE('',#11816);
#11816=AXIS2_PLACEMENT_3D('',#6818,#11276,#5844);
#11817=ADVANCED_FACE('',(#11818),#11825,.F.);
#11818=FACE_BOUND('',#11819,.F.);
#11819=EDGE_LOOP('',(#11820,#6882,#11823,#11824));
#11820=ORIENTED_EDGE('',*,*,#11821,.T.);
#11821=EDGE_CURVE('',#6812,#6879,#11822,.T.);
#11822=LINE('',#6813,#181);
#11823=ORIENTED_EDGE('',*,*,#11811,.F.);
#11824=ORIENTED_EDGE('',*,*,#6816,.F.);
#11825=CYLINDRICAL_SURFACE('',#6820,0.14);
#11826=ADVANCED_FACE('',(#11827),#11834,.F.);
#11827=FACE_BOUND('',#11828,.F.);
#11828=EDGE_LOOP('',(#11829,#6877,#11832,#11833));
#11829=ORIENTED_EDGE('',*,*,#11830,.T.);
#11830=EDGE_CURVE('',#6807,#6874,#11831,.T.);
#11831=LINE('',#6808,#181);
#11832=ORIENTED_EDGE('',*,*,#11821,.F.);
#11833=ORIENTED_EDGE('',*,*,#6811,.F.);
#11834=PLANE('',#11835);
#11835=AXIS2_PLACEMENT_3D('',#6808,#190,#14);
#11836=ADVANCED_FACE('',(#11837),#11844,.F.);
#11837=FACE_BOUND('',#11838,.F.);
#11838=EDGE_LOOP('',(#11839,#6872,#11842,#11843));
#11839=ORIENTED_EDGE('',*,*,#11840,.T.);
#11840=EDGE_CURVE('',#6802,#6869,#11841,.T.);
#11841=LINE('',#6803,#181);
#11842=ORIENTED_EDGE('',*,*,#11830,.F.);
#11843=ORIENTED_EDGE('',*,*,#6806,.F.);
#11844=PLANE('',#11845);
#11845=AXIS2_PLACEMENT_3D('',#6803,#14,#13);
#11846=ADVANCED_FACE('',(#11847),#11854,.F.);
#11847=FACE_BOUND('',#11848,.F.);
#11848=EDGE_LOOP('',(#11849,#6867,#11852,#11853));
#11849=ORIENTED_EDGE('',*,*,#11850,.T.);
#11850=EDGE_CURVE('',#6795,#6862,#11851,.T.);
#11851=LINE('',#6796,#181);
#11852=ORIENTED_EDGE('',*,*,#11840,.F.);
#11853=ORIENTED_EDGE('',*,*,#6801,.F.);
#11854=PLANE('',#11855);
#11855=AXIS2_PLACEMENT_3D('',#6796,#13,#168);
#11856=ADVANCED_FACE('',(#11857),#11864,.T.);
#11857=FACE_BOUND('',#11858,.F.);
#11858=EDGE_LOOP('',(#11859,#6860,#11862,#11863));
#11859=ORIENTED_EDGE('',*,*,#11860,.T.);
#11860=EDGE_CURVE('',#6790,#6857,#11861,.T.);
#11861=LINE('',#6791,#181);
#11862=ORIENTED_EDGE('',*,*,#11850,.F.);
#11863=ORIENTED_EDGE('',*,*,#6794,.F.);
#11864=CYLINDRICAL_SURFACE('',#11865,0.29);
#11865=AXIS2_PLACEMENT_3D('',#6799,#154,#5816);
#11866=ADVANCED_FACE('',(#11867),#11872,.F.);
#11867=FACE_BOUND('',#11868,.F.);
#11868=EDGE_LOOP('',(#11869,#6855,#11870,#11871));
#11869=ORIENTED_EDGE('',*,*,#6848,.T.);
#11870=ORIENTED_EDGE('',*,*,#11860,.F.);
#11871=ORIENTED_EDGE('',*,*,#6789,.F.);
#11872=PLANE('',#11873);
#11873=AXIS2_PLACEMENT_3D('',#6784,#11334,#5808);
#11874=ADVANCED_FACE('',(#11875),#11882,.T.);
#11875=FACE_BOUND('',#11876,.F.);
#11876=EDGE_LOOP('',(#11877,#7033,#11880,#11881));
#11877=ORIENTED_EDGE('',*,*,#11878,.T.);
#11878=EDGE_CURVE('',#6963,#7030,#11879,.T.);
#11879=LINE('',#6964,#181);
#11880=ORIENTED_EDGE('',*,*,#10982,.F.);
#11881=ORIENTED_EDGE('',*,*,#6967,.F.);
#11882=CYLINDRICAL_SURFACE('',#11883,0.25);
#11883=AXIS2_PLACEMENT_3D('',#6927,#154,#5850);
#11884=ADVANCED_FACE('',(#11885),#11892,.F.);
#11885=FACE_BOUND('',#11886,.F.);
#11886=EDGE_LOOP('',(#11887,#7028,#11890,#11891));
#11887=ORIENTED_EDGE('',*,*,#11888,.T.);
#11888=EDGE_CURVE('',#6957,#7024,#11889,.T.);
#11889=LINE('',#6958,#181);
#11890=ORIENTED_EDGE('',*,*,#11878,.F.);
#11891=ORIENTED_EDGE('',*,*,#6962,.F.);
#11892=PLANE('',#11893);
#11893=AXIS2_PLACEMENT_3D('',#6958,#11276,#5844);
#11894=ADVANCED_FACE('',(#11895),#11902,.F.);
#11895=FACE_BOUND('',#11896,.F.);
#11896=EDGE_LOOP('',(#11897,#7022,#11900,#11901));
#11897=ORIENTED_EDGE('',*,*,#11898,.T.);
#11898=EDGE_CURVE('',#6952,#7019,#11899,.T.);
#11899=LINE('',#6953,#181);
#11900=ORIENTED_EDGE('',*,*,#11888,.F.);
#11901=ORIENTED_EDGE('',*,*,#6956,.F.);
#11902=CYLINDRICAL_SURFACE('',#6960,0.14);
#11903=ADVANCED_FACE('',(#11904),#11911,.F.);
#11904=FACE_BOUND('',#11905,.F.);
#11905=EDGE_LOOP('',(#11906,#7017,#11909,#11910));
#11906=ORIENTED_EDGE('',*,*,#11907,.T.);
#11907=EDGE_CURVE('',#6947,#7014,#11908,.T.);
#11908=LINE('',#6948,#181);
#11909=ORIENTED_EDGE('',*,*,#11898,.F.);
#11910=ORIENTED_EDGE('',*,*,#6951,.F.);
#11911=PLANE('',#11912);
#11912=AXIS2_PLACEMENT_3D('',#6948,#190,#14);
#11913=ADVANCED_FACE('',(#11914),#11921,.F.);
#11914=FACE_BOUND('',#11915,.F.);
#11915=EDGE_LOOP('',(#11916,#7012,#11919,#11920));
#11916=ORIENTED_EDGE('',*,*,#11917,.T.);
#11917=EDGE_CURVE('',#6942,#7009,#11918,.T.);
#11918=LINE('',#6943,#181);
#11919=ORIENTED_EDGE('',*,*,#11907,.F.);
#11920=ORIENTED_EDGE('',*,*,#6946,.F.);
#11921=PLANE('',#11922);
#11922=AXIS2_PLACEMENT_3D('',#6943,#14,#13);
#11923=ADVANCED_FACE('',(#11924),#11931,.F.);
#11924=FACE_BOUND('',#11925,.F.);
#11925=EDGE_LOOP('',(#11926,#7007,#11929,#11930));
#11926=ORIENTED_EDGE('',*,*,#11927,.T.);
#11927=EDGE_CURVE('',#6935,#7002,#11928,.T.);
#11928=LINE('',#6936,#181);
#11929=ORIENTED_EDGE('',*,*,#11917,.F.);
#11930=ORIENTED_EDGE('',*,*,#6941,.F.);
#11931=PLANE('',#11932);
#11932=AXIS2_PLACEMENT_3D('',#6936,#13,#168);
#11933=ADVANCED_FACE('',(#11934),#11941,.T.);
#11934=FACE_BOUND('',#11935,.F.);
#11935=EDGE_LOOP('',(#11936,#7000,#11939,#11940));
#11936=ORIENTED_EDGE('',*,*,#11937,.T.);
#11937=EDGE_CURVE('',#6930,#6997,#11938,.T.);
#11938=LINE('',#6931,#181);
#11939=ORIENTED_EDGE('',*,*,#11927,.F.);
#11940=ORIENTED_EDGE('',*,*,#6934,.F.);
#11941=CYLINDRICAL_SURFACE('',#11942,0.29);
#11942=AXIS2_PLACEMENT_3D('',#6939,#154,#5816);
#11943=ADVANCED_FACE('',(#11944),#11949,.F.);
#11944=FACE_BOUND('',#11945,.F.);
#11945=EDGE_LOOP('',(#11946,#6995,#11947,#11948));
#11946=ORIENTED_EDGE('',*,*,#6988,.T.);
#11947=ORIENTED_EDGE('',*,*,#11937,.F.);
#11948=ORIENTED_EDGE('',*,*,#6929,.F.);
#11949=PLANE('',#11950);
#11950=AXIS2_PLACEMENT_3D('',#6924,#11334,#5808);
#11951=ADVANCED_FACE('',(#11952),#11959,.T.);
#11952=FACE_BOUND('',#11953,.F.);
#11953=EDGE_LOOP('',(#11954,#7173,#11957,#11958));
#11954=ORIENTED_EDGE('',*,*,#11955,.T.);
#11955=EDGE_CURVE('',#7103,#7170,#11956,.T.);
#11956=LINE('',#7104,#181);
#11957=ORIENTED_EDGE('',*,*,#10994,.F.);
#11958=ORIENTED_EDGE('',*,*,#7107,.F.);
#11959=CYLINDRICAL_SURFACE('',#11960,0.25);
#11960=AXIS2_PLACEMENT_3D('',#7067,#154,#5850);
#11961=ADVANCED_FACE('',(#11962),#11969,.F.);
#11962=FACE_BOUND('',#11963,.F.);
#11963=EDGE_LOOP('',(#11964,#7168,#11967,#11968));
#11964=ORIENTED_EDGE('',*,*,#11965,.T.);
#11965=EDGE_CURVE('',#7097,#7164,#11966,.T.);
#11966=LINE('',#7098,#181);
#11967=ORIENTED_EDGE('',*,*,#11955,.F.);
#11968=ORIENTED_EDGE('',*,*,#7102,.F.);
#11969=PLANE('',#11970);
#11970=AXIS2_PLACEMENT_3D('',#7098,#11276,#5844);
#11971=ADVANCED_FACE('',(#11972),#11979,.F.);
#11972=FACE_BOUND('',#11973,.F.);
#11973=EDGE_LOOP('',(#11974,#7162,#11977,#11978));
#11974=ORIENTED_EDGE('',*,*,#11975,.T.);
#11975=EDGE_CURVE('',#7092,#7159,#11976,.T.);
#11976=LINE('',#7093,#181);
#11977=ORIENTED_EDGE('',*,*,#11965,.F.);
#11978=ORIENTED_EDGE('',*,*,#7096,.F.);
#11979=CYLINDRICAL_SURFACE('',#7100,0.14);
#11980=ADVANCED_FACE('',(#11981),#11988,.F.);
#11981=FACE_BOUND('',#11982,.F.);
#11982=EDGE_LOOP('',(#11983,#7157,#11986,#11987));
#11983=ORIENTED_EDGE('',*,*,#11984,.T.);
#11984=EDGE_CURVE('',#7087,#7154,#11985,.T.);
#11985=LINE('',#7088,#181);
#11986=ORIENTED_EDGE('',*,*,#11975,.F.);
#11987=ORIENTED_EDGE('',*,*,#7091,.F.);
#11988=PLANE('',#11989);
#11989=AXIS2_PLACEMENT_3D('',#7088,#190,#14);
#11990=ADVANCED_FACE('',(#11991),#11998,.F.);
#11991=FACE_BOUND('',#11992,.F.);
#11992=EDGE_LOOP('',(#11993,#7152,#11996,#11997));
#11993=ORIENTED_EDGE('',*,*,#11994,.T.);
#11994=EDGE_CURVE('',#7082,#7149,#11995,.T.);
#11995=LINE('',#7083,#181);
#11996=ORIENTED_EDGE('',*,*,#11984,.F.);
#11997=ORIENTED_EDGE('',*,*,#7086,.F.);
#11998=PLANE('',#11999);
#11999=AXIS2_PLACEMENT_3D('',#7083,#14,#13);
#12000=ADVANCED_FACE('',(#12001),#12008,.F.);
#12001=FACE_BOUND('',#12002,.F.);
#12002=EDGE_LOOP('',(#12003,#7147,#12006,#12007));
#12003=ORIENTED_EDGE('',*,*,#12004,.T.);
#12004=EDGE_CURVE('',#7075,#7142,#12005,.T.);
#12005=LINE('',#7076,#181);
#12006=ORIENTED_EDGE('',*,*,#11994,.F.);
#12007=ORIENTED_EDGE('',*,*,#7081,.F.);
#12008=PLANE('',#12009);
#12009=AXIS2_PLACEMENT_3D('',#7076,#13,#168);
#12010=ADVANCED_FACE('',(#12011),#12018,.T.);
#12011=FACE_BOUND('',#12012,.F.);
#12012=EDGE_LOOP('',(#12013,#7140,#12016,#12017));
#12013=ORIENTED_EDGE('',*,*,#12014,.T.);
#12014=EDGE_CURVE('',#7070,#7137,#12015,.T.);
#12015=LINE('',#7071,#181);
#12016=ORIENTED_EDGE('',*,*,#12004,.F.);
#12017=ORIENTED_EDGE('',*,*,#7074,.F.);
#12018=CYLINDRICAL_SURFACE('',#12019,0.29);
#12019=AXIS2_PLACEMENT_3D('',#7079,#154,#5816);
#12020=ADVANCED_FACE('',(#12021),#12026,.F.);
#12021=FACE_BOUND('',#12022,.F.);
#12022=EDGE_LOOP('',(#12023,#7135,#12024,#12025));
#12023=ORIENTED_EDGE('',*,*,#7128,.T.);
#12024=ORIENTED_EDGE('',*,*,#12014,.F.);
#12025=ORIENTED_EDGE('',*,*,#7069,.F.);
#12026=PLANE('',#12027);
#12027=AXIS2_PLACEMENT_3D('',#7064,#11334,#5808);
#12028=ADVANCED_FACE('',(#12029),#12036,.T.);
#12029=FACE_BOUND('',#12030,.F.);
#12030=EDGE_LOOP('',(#12031,#7313,#12034,#12035));
#12031=ORIENTED_EDGE('',*,*,#12032,.T.);
#12032=EDGE_CURVE('',#7243,#7310,#12033,.T.);
#12033=LINE('',#7244,#181);
#12034=ORIENTED_EDGE('',*,*,#11006,.F.);
#12035=ORIENTED_EDGE('',*,*,#7247,.F.);
#12036=CYLINDRICAL_SURFACE('',#12037,0.25);
#12037=AXIS2_PLACEMENT_3D('',#7207,#154,#5850);
#12038=ADVANCED_FACE('',(#12039),#12046,.F.);
#12039=FACE_BOUND('',#12040,.F.);
#12040=EDGE_LOOP('',(#12041,#7308,#12044,#12045));
#12041=ORIENTED_EDGE('',*,*,#12042,.T.);
#12042=EDGE_CURVE('',#7237,#7304,#12043,.T.);
#12043=LINE('',#7238,#181);
#12044=ORIENTED_EDGE('',*,*,#12032,.F.);
#12045=ORIENTED_EDGE('',*,*,#7242,.F.);
#12046=PLANE('',#12047);
#12047=AXIS2_PLACEMENT_3D('',#7238,#11276,#5844);
#12048=ADVANCED_FACE('',(#12049),#12056,.F.);
#12049=FACE_BOUND('',#12050,.F.);
#12050=EDGE_LOOP('',(#12051,#7302,#12054,#12055));
#12051=ORIENTED_EDGE('',*,*,#12052,.T.);
#12052=EDGE_CURVE('',#7232,#7299,#12053,.T.);
#12053=LINE('',#7233,#181);
#12054=ORIENTED_EDGE('',*,*,#12042,.F.);
#12055=ORIENTED_EDGE('',*,*,#7236,.F.);
#12056=CYLINDRICAL_SURFACE('',#7240,0.14);
#12057=ADVANCED_FACE('',(#12058),#12065,.F.);
#12058=FACE_BOUND('',#12059,.F.);
#12059=EDGE_LOOP('',(#12060,#7297,#12063,#12064));
#12060=ORIENTED_EDGE('',*,*,#12061,.T.);
#12061=EDGE_CURVE('',#7227,#7294,#12062,.T.);
#12062=LINE('',#7228,#181);
#12063=ORIENTED_EDGE('',*,*,#12052,.F.);
#12064=ORIENTED_EDGE('',*,*,#7231,.F.);
#12065=PLANE('',#12066);
#12066=AXIS2_PLACEMENT_3D('',#7228,#190,#14);
#12067=ADVANCED_FACE('',(#12068),#12075,.F.);
#12068=FACE_BOUND('',#12069,.F.);
#12069=EDGE_LOOP('',(#12070,#7292,#12073,#12074));
#12070=ORIENTED_EDGE('',*,*,#12071,.T.);
#12071=EDGE_CURVE('',#7222,#7289,#12072,.T.);
#12072=LINE('',#7223,#181);
#12073=ORIENTED_EDGE('',*,*,#12061,.F.);
#12074=ORIENTED_EDGE('',*,*,#7226,.F.);
#12075=PLANE('',#12076);
#12076=AXIS2_PLACEMENT_3D('',#7223,#14,#13);
#12077=ADVANCED_FACE('',(#12078),#12085,.F.);
#12078=FACE_BOUND('',#12079,.F.);
#12079=EDGE_LOOP('',(#12080,#7287,#12083,#12084));
#12080=ORIENTED_EDGE('',*,*,#12081,.T.);
#12081=EDGE_CURVE('',#7215,#7282,#12082,.T.);
#12082=LINE('',#7216,#181);
#12083=ORIENTED_EDGE('',*,*,#12071,.F.);
#12084=ORIENTED_EDGE('',*,*,#7221,.F.);
#12085=PLANE('',#12086);
#12086=AXIS2_PLACEMENT_3D('',#7216,#13,#168);
#12087=ADVANCED_FACE('',(#12088),#12095,.T.);
#12088=FACE_BOUND('',#12089,.F.);
#12089=EDGE_LOOP('',(#12090,#7280,#12093,#12094));
#12090=ORIENTED_EDGE('',*,*,#12091,.T.);
#12091=EDGE_CURVE('',#7210,#7277,#12092,.T.);
#12092=LINE('',#7211,#181);
#12093=ORIENTED_EDGE('',*,*,#12081,.F.);
#12094=ORIENTED_EDGE('',*,*,#7214,.F.);
#12095=CYLINDRICAL_SURFACE('',#12096,0.29);
#12096=AXIS2_PLACEMENT_3D('',#7219,#154,#5816);
#12097=ADVANCED_FACE('',(#12098),#12103,.F.);
#12098=FACE_BOUND('',#12099,.F.);
#12099=EDGE_LOOP('',(#12100,#7275,#12101,#12102));
#12100=ORIENTED_EDGE('',*,*,#7268,.T.);
#12101=ORIENTED_EDGE('',*,*,#12091,.F.);
#12102=ORIENTED_EDGE('',*,*,#7209,.F.);
#12103=PLANE('',#12104);
#12104=AXIS2_PLACEMENT_3D('',#7204,#11334,#5808);
#12105=ADVANCED_FACE('',(#12106),#12113,.F.);
#12106=FACE_BOUND('',#12107,.F.);
#12107=EDGE_LOOP('',(#12108,#7443,#12111,#12112));
#12108=ORIENTED_EDGE('',*,*,#12109,.T.);
#12109=EDGE_CURVE('',#7374,#7439,#12110,.T.);
#12110=LINE('',#7375,#181);
#12111=ORIENTED_EDGE('',*,*,#10875,.F.);
#12112=ORIENTED_EDGE('',*,*,#7379,.F.);
#12113=PLANE('',#12114);
#12114=AXIS2_PLACEMENT_3D('',#7375,#11276,#5844);
#12115=ADVANCED_FACE('',(#12116),#12123,.F.);
#12116=FACE_BOUND('',#12117,.F.);
#12117=EDGE_LOOP('',(#12118,#7437,#12121,#12122));
#12118=ORIENTED_EDGE('',*,*,#12119,.T.);
#12119=EDGE_CURVE('',#7369,#7434,#12120,.T.);
#12120=LINE('',#7370,#181);
#12121=ORIENTED_EDGE('',*,*,#12109,.F.);
#12122=ORIENTED_EDGE('',*,*,#7373,.F.);
#12123=CYLINDRICAL_SURFACE('',#7377,0.14);
#12124=ADVANCED_FACE('',(#12125),#12132,.F.);
#12125=FACE_BOUND('',#12126,.F.);
#12126=EDGE_LOOP('',(#12127,#7432,#12130,#12131));
#12127=ORIENTED_EDGE('',*,*,#12128,.T.);
#12128=EDGE_CURVE('',#7364,#7429,#12129,.T.);
#12129=LINE('',#7365,#181);
#12130=ORIENTED_EDGE('',*,*,#12119,.F.);
#12131=ORIENTED_EDGE('',*,*,#7368,.F.);
#12132=PLANE('',#12133);
#12133=AXIS2_PLACEMENT_3D('',#7365,#190,#14);
#12134=ADVANCED_FACE('',(#12135),#12142,.F.);
#12135=FACE_BOUND('',#12136,.F.);
#12136=EDGE_LOOP('',(#12137,#7427,#12140,#12141));
#12137=ORIENTED_EDGE('',*,*,#12138,.T.);
#12138=EDGE_CURVE('',#7359,#7424,#12139,.T.);
#12139=LINE('',#7360,#181);
#12140=ORIENTED_EDGE('',*,*,#12128,.F.);
#12141=ORIENTED_EDGE('',*,*,#7363,.F.);
#12142=PLANE('',#12143);
#12143=AXIS2_PLACEMENT_3D('',#7360,#14,#13);
#12144=ADVANCED_FACE('',(#12145),#12152,.F.);
#12145=FACE_BOUND('',#12146,.F.);
#12146=EDGE_LOOP('',(#12147,#7422,#12150,#12151));
#12147=ORIENTED_EDGE('',*,*,#12148,.T.);
#12148=EDGE_CURVE('',#7352,#7417,#12149,.T.);
#12149=LINE('',#7353,#181);
#12150=ORIENTED_EDGE('',*,*,#12138,.F.);
#12151=ORIENTED_EDGE('',*,*,#7358,.F.);
#12152=PLANE('',#12153);
#12153=AXIS2_PLACEMENT_3D('',#7353,#13,#168);
#12154=ADVANCED_FACE('',(#12155),#12162,.T.);
#12155=FACE_BOUND('',#12156,.F.);
#12156=EDGE_LOOP('',(#12157,#7415,#12160,#12161));
#12157=ORIENTED_EDGE('',*,*,#12158,.T.);
#12158=EDGE_CURVE('',#7347,#7412,#12159,.T.);
#12159=LINE('',#7348,#181);
#12160=ORIENTED_EDGE('',*,*,#12148,.F.);
#12161=ORIENTED_EDGE('',*,*,#7351,.F.);
#12162=CYLINDRICAL_SURFACE('',#12163,0.29);
#12163=AXIS2_PLACEMENT_3D('',#7356,#154,#5816);
#12164=ADVANCED_FACE('',(#12165),#12170,.F.);
#12165=FACE_BOUND('',#12166,.F.);
#12166=EDGE_LOOP('',(#12167,#7410,#12168,#12169));
#12167=ORIENTED_EDGE('',*,*,#7403,.T.);
#12168=ORIENTED_EDGE('',*,*,#12158,.F.);
#12169=ORIENTED_EDGE('',*,*,#7346,.F.);
#12170=PLANE('',#12171);
#12171=AXIS2_PLACEMENT_3D('',#7341,#11334,#5808);
#12172=ADVANCED_FACE('',(#12173),#12180,.F.);
#12173=FACE_BOUND('',#12174,.F.);
#12174=EDGE_LOOP('',(#12175,#7571,#12178,#12179));
#12175=ORIENTED_EDGE('',*,*,#12176,.T.);
#12176=EDGE_CURVE('',#7499,#7567,#12177,.T.);
#12177=LINE('',#7500,#153);
#12178=ORIENTED_EDGE('',*,*,#11195,.F.);
#12179=ORIENTED_EDGE('',*,*,#7504,.F.);
#12180=PLANE('',#12181);
#12181=AXIS2_PLACEMENT_3D('',#7500,#12182,#7509);
#12182=DIRECTION('',(-0.987226000081,-1.096041035798E-16,-0.159326158443));
#12183=ADVANCED_FACE('',(#12184),#12191,.F.);
#12184=FACE_BOUND('',#12185,.F.);
#12185=EDGE_LOOP('',(#12186,#7565,#12189,#12190));
#12186=ORIENTED_EDGE('',*,*,#12187,.T.);
#12187=EDGE_CURVE('',#7494,#7562,#12188,.T.);
#12188=LINE('',#7495,#153);
#12189=ORIENTED_EDGE('',*,*,#12176,.F.);
#12190=ORIENTED_EDGE('',*,*,#7498,.F.);
#12191=CYLINDRICAL_SURFACE('',#7502,0.14);
#12192=ADVANCED_FACE('',(#12193),#12200,.F.);
#12193=FACE_BOUND('',#12194,.F.);
#12194=EDGE_LOOP('',(#12195,#7560,#12198,#12199));
#12195=ORIENTED_EDGE('',*,*,#12196,.T.);
#12196=EDGE_CURVE('',#7489,#7557,#12197,.T.);
#12197=LINE('',#7490,#153);
#12198=ORIENTED_EDGE('',*,*,#12187,.F.);
#12199=ORIENTED_EDGE('',*,*,#7493,.F.);
#12200=PLANE('',#12201);
#12201=AXIS2_PLACEMENT_3D('',#7490,#190,#168);
#12202=ADVANCED_FACE('',(#12203),#12210,.F.);
#12203=FACE_BOUND('',#12204,.F.);
#12204=EDGE_LOOP('',(#12205,#7555,#12208,#12209));
#12205=ORIENTED_EDGE('',*,*,#12206,.T.);
#12206=EDGE_CURVE('',#7484,#7552,#12207,.T.);
#12207=LINE('',#7485,#153);
#12208=ORIENTED_EDGE('',*,*,#12196,.F.);
#12209=ORIENTED_EDGE('',*,*,#7488,.F.);
#12210=PLANE('',#12211);
#12211=AXIS2_PLACEMENT_3D('',#7485,#168,#13);
#12212=ADVANCED_FACE('',(#12213),#12220,.F.);
#12213=FACE_BOUND('',#12214,.F.);
#12214=EDGE_LOOP('',(#12215,#7550,#12218,#12219));
#12215=ORIENTED_EDGE('',*,*,#12216,.T.);
#12216=EDGE_CURVE('',#7476,#7545,#12217,.T.);
#12217=LINE('',#7477,#153);
#12218=ORIENTED_EDGE('',*,*,#12206,.F.);
#12219=ORIENTED_EDGE('',*,*,#7483,.F.);
#12220=PLANE('',#12221);
#12221=AXIS2_PLACEMENT_3D('',#7477,#13,#14);
#12222=ADVANCED_FACE('',(#12223),#12230,.T.);
#12223=FACE_BOUND('',#12224,.F.);
#12224=EDGE_LOOP('',(#12225,#7543,#12228,#12229));
#12225=ORIENTED_EDGE('',*,*,#12226,.T.);
#12226=EDGE_CURVE('',#7469,#7540,#12227,.T.);
#12227=LINE('',#7470,#153);
#12228=ORIENTED_EDGE('',*,*,#12216,.F.);
#12229=ORIENTED_EDGE('',*,*,#7475,.F.);
#12230=CYLINDRICAL_SURFACE('',#12231,0.29);
#12231=AXIS2_PLACEMENT_3D('',#7480,#182,#7481);
#12232=ADVANCED_FACE('',(#12233),#12238,.F.);
#12233=FACE_BOUND('',#12234,.F.);
#12234=EDGE_LOOP('',(#12235,#7538,#12236,#12237));
#12235=ORIENTED_EDGE('',*,*,#7531,.T.);
#12236=ORIENTED_EDGE('',*,*,#12226,.F.);
#12237=ORIENTED_EDGE('',*,*,#7468,.F.);
#12238=PLANE('',#12239);
#12239=AXIS2_PLACEMENT_3D('',#7463,#12240,#7473);
#12240=DIRECTION('',(0.987226000081,1.096041035798E-16,0.159326158443));
#12241=ADVANCED_FACE('',(#12242),#12249,.T.);
#12242=FACE_BOUND('',#12243,.F.);
#12243=EDGE_LOOP('',(#12244,#7710,#12247,#12248));
#12244=ORIENTED_EDGE('',*,*,#12245,.T.);
#12245=EDGE_CURVE('',#7640,#7707,#12246,.T.);
#12246=LINE('',#7641,#153);
#12247=ORIENTED_EDGE('',*,*,#11055,.F.);
#12248=ORIENTED_EDGE('',*,*,#7644,.F.);
#12249=CYLINDRICAL_SURFACE('',#12250,0.25);
#12250=AXIS2_PLACEMENT_3D('',#7604,#182,#7514);
#12251=ADVANCED_FACE('',(#12252),#12259,.F.);
#12252=FACE_BOUND('',#12253,.F.);
#12253=EDGE_LOOP('',(#12254,#7705,#12257,#12258));
#12254=ORIENTED_EDGE('',*,*,#12255,.T.);
#12255=EDGE_CURVE('',#7634,#7701,#12256,.T.);
#12256=LINE('',#7635,#153);
#12257=ORIENTED_EDGE('',*,*,#12245,.F.);
#12258=ORIENTED_EDGE('',*,*,#7639,.F.);
#12259=PLANE('',#12260);
#12260=AXIS2_PLACEMENT_3D('',#7635,#12182,#7509);
#12261=ADVANCED_FACE('',(#12262),#12269,.F.);
#12262=FACE_BOUND('',#12263,.F.);
#12263=EDGE_LOOP('',(#12264,#7699,#12267,#12268));
#12264=ORIENTED_EDGE('',*,*,#12265,.T.);
#12265=EDGE_CURVE('',#7629,#7696,#12266,.T.);
#12266=LINE('',#7630,#153);
#12267=ORIENTED_EDGE('',*,*,#12255,.F.);
#12268=ORIENTED_EDGE('',*,*,#7633,.F.);
#12269=CYLINDRICAL_SURFACE('',#7637,0.14);
#12270=ADVANCED_FACE('',(#12271),#12278,.F.);
#12271=FACE_BOUND('',#12272,.F.);
#12272=EDGE_LOOP('',(#12273,#7694,#12276,#12277));
#12273=ORIENTED_EDGE('',*,*,#12274,.T.);
#12274=EDGE_CURVE('',#7624,#7691,#12275,.T.);
#12275=LINE('',#7625,#153);
#12276=ORIENTED_EDGE('',*,*,#12265,.F.);
#12277=ORIENTED_EDGE('',*,*,#7628,.F.);
#12278=PLANE('',#12279);
#12279=AXIS2_PLACEMENT_3D('',#7625,#190,#168);
#12280=ADVANCED_FACE('',(#12281),#12288,.F.);
#12281=FACE_BOUND('',#12282,.F.);
#12282=EDGE_LOOP('',(#12283,#7689,#12286,#12287));
#12283=ORIENTED_EDGE('',*,*,#12284,.T.);
#12284=EDGE_CURVE('',#7619,#7686,#12285,.T.);
#12285=LINE('',#7620,#153);
#12286=ORIENTED_EDGE('',*,*,#12274,.F.);
#12287=ORIENTED_EDGE('',*,*,#7623,.F.);
#12288=PLANE('',#12289);
#12289=AXIS2_PLACEMENT_3D('',#7620,#168,#13);
#12290=ADVANCED_FACE('',(#12291),#12298,.F.);
#12291=FACE_BOUND('',#12292,.F.);
#12292=EDGE_LOOP('',(#12293,#7684,#12296,#12297));
#12293=ORIENTED_EDGE('',*,*,#12294,.T.);
#12294=EDGE_CURVE('',#7612,#7679,#12295,.T.);
#12295=LINE('',#7613,#153);
#12296=ORIENTED_EDGE('',*,*,#12284,.F.);
#12297=ORIENTED_EDGE('',*,*,#7618,.F.);
#12298=PLANE('',#12299);
#12299=AXIS2_PLACEMENT_3D('',#7613,#13,#14);
#12300=ADVANCED_FACE('',(#12301),#12308,.T.);
#12301=FACE_BOUND('',#12302,.F.);
#12302=EDGE_LOOP('',(#12303,#7677,#12306,#12307));
#12303=ORIENTED_EDGE('',*,*,#12304,.T.);
#12304=EDGE_CURVE('',#7607,#7674,#12305,.T.);
#12305=LINE('',#7608,#153);
#12306=ORIENTED_EDGE('',*,*,#12294,.F.);
#12307=ORIENTED_EDGE('',*,*,#7611,.F.);
#12308=CYLINDRICAL_SURFACE('',#12309,0.29);
#12309=AXIS2_PLACEMENT_3D('',#7616,#182,#7481);
#12310=ADVANCED_FACE('',(#12311),#12316,.F.);
#12311=FACE_BOUND('',#12312,.F.);
#12312=EDGE_LOOP('',(#12313,#7672,#12314,#12315));
#12313=ORIENTED_EDGE('',*,*,#7665,.T.);
#12314=ORIENTED_EDGE('',*,*,#12304,.F.);
#12315=ORIENTED_EDGE('',*,*,#7606,.F.);
#12316=PLANE('',#12317);
#12317=AXIS2_PLACEMENT_3D('',#7601,#12240,#7473);
#12318=ADVANCED_FACE('',(#12319),#12326,.T.);
#12319=FACE_BOUND('',#12320,.F.);
#12320=EDGE_LOOP('',(#12321,#7850,#12324,#12325));
#12321=ORIENTED_EDGE('',*,*,#12322,.T.);
#12322=EDGE_CURVE('',#7780,#7847,#12323,.T.);
#12323=LINE('',#7781,#153);
#12324=ORIENTED_EDGE('',*,*,#11067,.F.);
#12325=ORIENTED_EDGE('',*,*,#7784,.F.);
#12326=CYLINDRICAL_SURFACE('',#12327,0.25);
#12327=AXIS2_PLACEMENT_3D('',#7744,#182,#7514);
#12328=ADVANCED_FACE('',(#12329),#12336,.F.);
#12329=FACE_BOUND('',#12330,.F.);
#12330=EDGE_LOOP('',(#12331,#7845,#12334,#12335));
#12331=ORIENTED_EDGE('',*,*,#12332,.T.);
#12332=EDGE_CURVE('',#7774,#7841,#12333,.T.);
#12333=LINE('',#7775,#153);
#12334=ORIENTED_EDGE('',*,*,#12322,.F.);
#12335=ORIENTED_EDGE('',*,*,#7779,.F.);
#12336=PLANE('',#12337);
#12337=AXIS2_PLACEMENT_3D('',#7775,#12182,#7509);
#12338=ADVANCED_FACE('',(#12339),#12346,.F.);
#12339=FACE_BOUND('',#12340,.F.);
#12340=EDGE_LOOP('',(#12341,#7839,#12344,#12345));
#12341=ORIENTED_EDGE('',*,*,#12342,.T.);
#12342=EDGE_CURVE('',#7769,#7836,#12343,.T.);
#12343=LINE('',#7770,#153);
#12344=ORIENTED_EDGE('',*,*,#12332,.F.);
#12345=ORIENTED_EDGE('',*,*,#7773,.F.);
#12346=CYLINDRICAL_SURFACE('',#7777,0.14);
#12347=ADVANCED_FACE('',(#12348),#12355,.F.);
#12348=FACE_BOUND('',#12349,.F.);
#12349=EDGE_LOOP('',(#12350,#7834,#12353,#12354));
#12350=ORIENTED_EDGE('',*,*,#12351,.T.);
#12351=EDGE_CURVE('',#7764,#7831,#12352,.T.);
#12352=LINE('',#7765,#153);
#12353=ORIENTED_EDGE('',*,*,#12342,.F.);
#12354=ORIENTED_EDGE('',*,*,#7768,.F.);
#12355=PLANE('',#12356);
#12356=AXIS2_PLACEMENT_3D('',#7765,#190,#168);
#12357=ADVANCED_FACE('',(#12358),#12365,.F.);
#12358=FACE_BOUND('',#12359,.F.);
#12359=EDGE_LOOP('',(#12360,#7829,#12363,#12364));
#12360=ORIENTED_EDGE('',*,*,#12361,.T.);
#12361=EDGE_CURVE('',#7759,#7826,#12362,.T.);
#12362=LINE('',#7760,#153);
#12363=ORIENTED_EDGE('',*,*,#12351,.F.);
#12364=ORIENTED_EDGE('',*,*,#7763,.F.);
#12365=PLANE('',#12366);
#12366=AXIS2_PLACEMENT_3D('',#7760,#168,#13);
#12367=ADVANCED_FACE('',(#12368),#12375,.F.);
#12368=FACE_BOUND('',#12369,.F.);
#12369=EDGE_LOOP('',(#12370,#7824,#12373,#12374));
#12370=ORIENTED_EDGE('',*,*,#12371,.T.);
#12371=EDGE_CURVE('',#7752,#7819,#12372,.T.);
#12372=LINE('',#7753,#153);
#12373=ORIENTED_EDGE('',*,*,#12361,.F.);
#12374=ORIENTED_EDGE('',*,*,#7758,.F.);
#12375=PLANE('',#12376);
#12376=AXIS2_PLACEMENT_3D('',#7753,#13,#14);
#12377=ADVANCED_FACE('',(#12378),#12385,.T.);
#12378=FACE_BOUND('',#12379,.F.);
#12379=EDGE_LOOP('',(#12380,#7817,#12383,#12384));
#12380=ORIENTED_EDGE('',*,*,#12381,.T.);
#12381=EDGE_CURVE('',#7747,#7814,#12382,.T.);
#12382=LINE('',#7748,#153);
#12383=ORIENTED_EDGE('',*,*,#12371,.F.);
#12384=ORIENTED_EDGE('',*,*,#7751,.F.);
#12385=CYLINDRICAL_SURFACE('',#12386,0.29);
#12386=AXIS2_PLACEMENT_3D('',#7756,#182,#7481);
#12387=ADVANCED_FACE('',(#12388),#12393,.F.);
#12388=FACE_BOUND('',#12389,.F.);
#12389=EDGE_LOOP('',(#12390,#7812,#12391,#12392));
#12390=ORIENTED_EDGE('',*,*,#7805,.T.);
#12391=ORIENTED_EDGE('',*,*,#12381,.F.);
#12392=ORIENTED_EDGE('',*,*,#7746,.F.);
#12393=PLANE('',#12394);
#12394=AXIS2_PLACEMENT_3D('',#7741,#12240,#7473);
#12395=ADVANCED_FACE('',(#12396),#12403,.T.);
#12396=FACE_BOUND('',#12397,.F.);
#12397=EDGE_LOOP('',(#12398,#7990,#12401,#12402));
#12398=ORIENTED_EDGE('',*,*,#12399,.T.);
#12399=EDGE_CURVE('',#7920,#7987,#12400,.T.);
#12400=LINE('',#7921,#153);
#12401=ORIENTED_EDGE('',*,*,#11079,.F.);
#12402=ORIENTED_EDGE('',*,*,#7924,.F.);
#12403=CYLINDRICAL_SURFACE('',#12404,0.25);
#12404=AXIS2_PLACEMENT_3D('',#7884,#182,#7514);
#12405=ADVANCED_FACE('',(#12406),#12413,.F.);
#12406=FACE_BOUND('',#12407,.F.);
#12407=EDGE_LOOP('',(#12408,#7985,#12411,#12412));
#12408=ORIENTED_EDGE('',*,*,#12409,.T.);
#12409=EDGE_CURVE('',#7914,#7981,#12410,.T.);
#12410=LINE('',#7915,#153);
#12411=ORIENTED_EDGE('',*,*,#12399,.F.);
#12412=ORIENTED_EDGE('',*,*,#7919,.F.);
#12413=PLANE('',#12414);
#12414=AXIS2_PLACEMENT_3D('',#7915,#12182,#7509);
#12415=ADVANCED_FACE('',(#12416),#12423,.F.);
#12416=FACE_BOUND('',#12417,.F.);
#12417=EDGE_LOOP('',(#12418,#7979,#12421,#12422));
#12418=ORIENTED_EDGE('',*,*,#12419,.T.);
#12419=EDGE_CURVE('',#7909,#7976,#12420,.T.);
#12420=LINE('',#7910,#153);
#12421=ORIENTED_EDGE('',*,*,#12409,.F.);
#12422=ORIENTED_EDGE('',*,*,#7913,.F.);
#12423=CYLINDRICAL_SURFACE('',#7917,0.14);
#12424=ADVANCED_FACE('',(#12425),#12432,.F.);
#12425=FACE_BOUND('',#12426,.F.);
#12426=EDGE_LOOP('',(#12427,#7974,#12430,#12431));
#12427=ORIENTED_EDGE('',*,*,#12428,.T.);
#12428=EDGE_CURVE('',#7904,#7971,#12429,.T.);
#12429=LINE('',#7905,#153);
#12430=ORIENTED_EDGE('',*,*,#12419,.F.);
#12431=ORIENTED_EDGE('',*,*,#7908,.F.);
#12432=PLANE('',#12433);
#12433=AXIS2_PLACEMENT_3D('',#7905,#190,#168);
#12434=ADVANCED_FACE('',(#12435),#12442,.F.);
#12435=FACE_BOUND('',#12436,.F.);
#12436=EDGE_LOOP('',(#12437,#7969,#12440,#12441));
#12437=ORIENTED_EDGE('',*,*,#12438,.T.);
#12438=EDGE_CURVE('',#7899,#7966,#12439,.T.);
#12439=LINE('',#7900,#153);
#12440=ORIENTED_EDGE('',*,*,#12428,.F.);
#12441=ORIENTED_EDGE('',*,*,#7903,.F.);
#12442=PLANE('',#12443);
#12443=AXIS2_PLACEMENT_3D('',#7900,#168,#13);
#12444=ADVANCED_FACE('',(#12445),#12452,.F.);
#12445=FACE_BOUND('',#12446,.F.);
#12446=EDGE_LOOP('',(#12447,#7964,#12450,#12451));
#12447=ORIENTED_EDGE('',*,*,#12448,.T.);
#12448=EDGE_CURVE('',#7892,#7959,#12449,.T.);
#12449=LINE('',#7893,#153);
#12450=ORIENTED_EDGE('',*,*,#12438,.F.);
#12451=ORIENTED_EDGE('',*,*,#7898,.F.);
#12452=PLANE('',#12453);
#12453=AXIS2_PLACEMENT_3D('',#7893,#13,#14);
#12454=ADVANCED_FACE('',(#12455),#12462,.T.);
#12455=FACE_BOUND('',#12456,.F.);
#12456=EDGE_LOOP('',(#12457,#7957,#12460,#12461));
#12457=ORIENTED_EDGE('',*,*,#12458,.T.);
#12458=EDGE_CURVE('',#7887,#7954,#12459,.T.);
#12459=LINE('',#7888,#153);
#12460=ORIENTED_EDGE('',*,*,#12448,.F.);
#12461=ORIENTED_EDGE('',*,*,#7891,.F.);
#12462=CYLINDRICAL_SURFACE('',#12463,0.29);
#12463=AXIS2_PLACEMENT_3D('',#7896,#182,#7481);
#12464=ADVANCED_FACE('',(#12465),#12470,.F.);
#12465=FACE_BOUND('',#12466,.F.);
#12466=EDGE_LOOP('',(#12467,#7952,#12468,#12469));
#12467=ORIENTED_EDGE('',*,*,#7945,.T.);
#12468=ORIENTED_EDGE('',*,*,#12458,.F.);
#12469=ORIENTED_EDGE('',*,*,#7886,.F.);
#12470=PLANE('',#12471);
#12471=AXIS2_PLACEMENT_3D('',#7881,#12240,#7473);
#12472=ADVANCED_FACE('',(#12473),#12480,.T.);
#12473=FACE_BOUND('',#12474,.F.);
#12474=EDGE_LOOP('',(#12475,#8130,#12478,#12479));
#12475=ORIENTED_EDGE('',*,*,#12476,.T.);
#12476=EDGE_CURVE('',#8060,#8127,#12477,.T.);
#12477=LINE('',#8061,#153);
#12478=ORIENTED_EDGE('',*,*,#11091,.F.);
#12479=ORIENTED_EDGE('',*,*,#8064,.F.);
#12480=CYLINDRICAL_SURFACE('',#12481,0.25);
#12481=AXIS2_PLACEMENT_3D('',#8024,#182,#7514);
#12482=ADVANCED_FACE('',(#12483),#12490,.F.);
#12483=FACE_BOUND('',#12484,.F.);
#12484=EDGE_LOOP('',(#12485,#8125,#12488,#12489));
#12485=ORIENTED_EDGE('',*,*,#12486,.T.);
#12486=EDGE_CURVE('',#8054,#8121,#12487,.T.);
#12487=LINE('',#8055,#153);
#12488=ORIENTED_EDGE('',*,*,#12476,.F.);
#12489=ORIENTED_EDGE('',*,*,#8059,.F.);
#12490=PLANE('',#12491);
#12491=AXIS2_PLACEMENT_3D('',#8055,#12182,#7509);
#12492=ADVANCED_FACE('',(#12493),#12500,.F.);
#12493=FACE_BOUND('',#12494,.F.);
#12494=EDGE_LOOP('',(#12495,#8119,#12498,#12499));
#12495=ORIENTED_EDGE('',*,*,#12496,.T.);
#12496=EDGE_CURVE('',#8049,#8116,#12497,.T.);
#12497=LINE('',#8050,#153);
#12498=ORIENTED_EDGE('',*,*,#12486,.F.);
#12499=ORIENTED_EDGE('',*,*,#8053,.F.);
#12500=CYLINDRICAL_SURFACE('',#8057,0.14);
#12501=ADVANCED_FACE('',(#12502),#12509,.F.);
#12502=FACE_BOUND('',#12503,.F.);
#12503=EDGE_LOOP('',(#12504,#8114,#12507,#12508));
#12504=ORIENTED_EDGE('',*,*,#12505,.T.);
#12505=EDGE_CURVE('',#8044,#8111,#12506,.T.);
#12506=LINE('',#8045,#153);
#12507=ORIENTED_EDGE('',*,*,#12496,.F.);
#12508=ORIENTED_EDGE('',*,*,#8048,.F.);
#12509=PLANE('',#12510);
#12510=AXIS2_PLACEMENT_3D('',#8045,#190,#168);
#12511=ADVANCED_FACE('',(#12512),#12519,.F.);
#12512=FACE_BOUND('',#12513,.F.);
#12513=EDGE_LOOP('',(#12514,#8109,#12517,#12518));
#12514=ORIENTED_EDGE('',*,*,#12515,.T.);
#12515=EDGE_CURVE('',#8039,#8106,#12516,.T.);
#12516=LINE('',#8040,#153);
#12517=ORIENTED_EDGE('',*,*,#12505,.F.);
#12518=ORIENTED_EDGE('',*,*,#8043,.F.);
#12519=PLANE('',#12520);
#12520=AXIS2_PLACEMENT_3D('',#8040,#168,#13);
#12521=ADVANCED_FACE('',(#12522),#12529,.F.);
#12522=FACE_BOUND('',#12523,.F.);
#12523=EDGE_LOOP('',(#12524,#8104,#12527,#12528));
#12524=ORIENTED_EDGE('',*,*,#12525,.T.);
#12525=EDGE_CURVE('',#8032,#8099,#12526,.T.);
#12526=LINE('',#8033,#153);
#12527=ORIENTED_EDGE('',*,*,#12515,.F.);
#12528=ORIENTED_EDGE('',*,*,#8038,.F.);
#12529=PLANE('',#12530);
#12530=AXIS2_PLACEMENT_3D('',#8033,#13,#14);
#12531=ADVANCED_FACE('',(#12532),#12539,.T.);
#12532=FACE_BOUND('',#12533,.F.);
#12533=EDGE_LOOP('',(#12534,#8097,#12537,#12538));
#12534=ORIENTED_EDGE('',*,*,#12535,.T.);
#12535=EDGE_CURVE('',#8027,#8094,#12536,.T.);
#12536=LINE('',#8028,#153);
#12537=ORIENTED_EDGE('',*,*,#12525,.F.);
#12538=ORIENTED_EDGE('',*,*,#8031,.F.);
#12539=CYLINDRICAL_SURFACE('',#12540,0.29);
#12540=AXIS2_PLACEMENT_3D('',#8036,#182,#7481);
#12541=ADVANCED_FACE('',(#12542),#12547,.F.);
#12542=FACE_BOUND('',#12543,.F.);
#12543=EDGE_LOOP('',(#12544,#8092,#12545,#12546));
#12544=ORIENTED_EDGE('',*,*,#8085,.T.);
#12545=ORIENTED_EDGE('',*,*,#12535,.F.);
#12546=ORIENTED_EDGE('',*,*,#8026,.F.);
#12547=PLANE('',#12548);
#12548=AXIS2_PLACEMENT_3D('',#8021,#12240,#7473);
#12549=ADVANCED_FACE('',(#12550),#12557,.T.);
#12550=FACE_BOUND('',#12551,.F.);
#12551=EDGE_LOOP('',(#12552,#8270,#12555,#12556));
#12552=ORIENTED_EDGE('',*,*,#12553,.T.);
#12553=EDGE_CURVE('',#8200,#8267,#12554,.T.);
#12554=LINE('',#8201,#153);
#12555=ORIENTED_EDGE('',*,*,#11103,.F.);
#12556=ORIENTED_EDGE('',*,*,#8204,.F.);
#12557=CYLINDRICAL_SURFACE('',#12558,0.25);
#12558=AXIS2_PLACEMENT_3D('',#8164,#182,#7514);
#12559=ADVANCED_FACE('',(#12560),#12567,.F.);
#12560=FACE_BOUND('',#12561,.F.);
#12561=EDGE_LOOP('',(#12562,#8265,#12565,#12566));
#12562=ORIENTED_EDGE('',*,*,#12563,.T.);
#12563=EDGE_CURVE('',#8194,#8261,#12564,.T.);
#12564=LINE('',#8195,#153);
#12565=ORIENTED_EDGE('',*,*,#12553,.F.);
#12566=ORIENTED_EDGE('',*,*,#8199,.F.);
#12567=PLANE('',#12568);
#12568=AXIS2_PLACEMENT_3D('',#8195,#12182,#7509);
#12569=ADVANCED_FACE('',(#12570),#12577,.F.);
#12570=FACE_BOUND('',#12571,.F.);
#12571=EDGE_LOOP('',(#12572,#8259,#12575,#12576));
#12572=ORIENTED_EDGE('',*,*,#12573,.T.);
#12573=EDGE_CURVE('',#8189,#8256,#12574,.T.);
#12574=LINE('',#8190,#153);
#12575=ORIENTED_EDGE('',*,*,#12563,.F.);
#12576=ORIENTED_EDGE('',*,*,#8193,.F.);
#12577=CYLINDRICAL_SURFACE('',#8197,0.14);
#12578=ADVANCED_FACE('',(#12579),#12586,.F.);
#12579=FACE_BOUND('',#12580,.F.);
#12580=EDGE_LOOP('',(#12581,#8254,#12584,#12585));
#12581=ORIENTED_EDGE('',*,*,#12582,.T.);
#12582=EDGE_CURVE('',#8184,#8251,#12583,.T.);
#12583=LINE('',#8185,#153);
#12584=ORIENTED_EDGE('',*,*,#12573,.F.);
#12585=ORIENTED_EDGE('',*,*,#8188,.F.);
#12586=PLANE('',#12587);
#12587=AXIS2_PLACEMENT_3D('',#8185,#190,#168);
#12588=ADVANCED_FACE('',(#12589),#12596,.F.);
#12589=FACE_BOUND('',#12590,.F.);
#12590=EDGE_LOOP('',(#12591,#8249,#12594,#12595));
#12591=ORIENTED_EDGE('',*,*,#12592,.T.);
#12592=EDGE_CURVE('',#8179,#8246,#12593,.T.);
#12593=LINE('',#8180,#153);
#12594=ORIENTED_EDGE('',*,*,#12582,.F.);
#12595=ORIENTED_EDGE('',*,*,#8183,.F.);
#12596=PLANE('',#12597);
#12597=AXIS2_PLACEMENT_3D('',#8180,#168,#13);
#12598=ADVANCED_FACE('',(#12599),#12606,.F.);
#12599=FACE_BOUND('',#12600,.F.);
#12600=EDGE_LOOP('',(#12601,#8244,#12604,#12605));
#12601=ORIENTED_EDGE('',*,*,#12602,.T.);
#12602=EDGE_CURVE('',#8172,#8239,#12603,.T.);
#12603=LINE('',#8173,#153);
#12604=ORIENTED_EDGE('',*,*,#12592,.F.);
#12605=ORIENTED_EDGE('',*,*,#8178,.F.);
#12606=PLANE('',#12607);
#12607=AXIS2_PLACEMENT_3D('',#8173,#13,#14);
#12608=ADVANCED_FACE('',(#12609),#12616,.T.);
#12609=FACE_BOUND('',#12610,.F.);
#12610=EDGE_LOOP('',(#12611,#8237,#12614,#12615));
#12611=ORIENTED_EDGE('',*,*,#12612,.T.);
#12612=EDGE_CURVE('',#8167,#8234,#12613,.T.);
#12613=LINE('',#8168,#153);
#12614=ORIENTED_EDGE('',*,*,#12602,.F.);
#12615=ORIENTED_EDGE('',*,*,#8171,.F.);
#12616=CYLINDRICAL_SURFACE('',#12617,0.29);
#12617=AXIS2_PLACEMENT_3D('',#8176,#182,#7481);
#12618=ADVANCED_FACE('',(#12619),#12624,.F.);
#12619=FACE_BOUND('',#12620,.F.);
#12620=EDGE_LOOP('',(#12621,#8232,#12622,#12623));
#12621=ORIENTED_EDGE('',*,*,#8225,.T.);
#12622=ORIENTED_EDGE('',*,*,#12612,.F.);
#12623=ORIENTED_EDGE('',*,*,#8166,.F.);
#12624=PLANE('',#12625);
#12625=AXIS2_PLACEMENT_3D('',#8161,#12240,#7473);
#12626=ADVANCED_FACE('',(#12627),#12634,.T.);
#12627=FACE_BOUND('',#12628,.F.);
#12628=EDGE_LOOP('',(#12629,#8410,#12632,#12633));
#12629=ORIENTED_EDGE('',*,*,#12630,.T.);
#12630=EDGE_CURVE('',#8340,#8407,#12631,.T.);
#12631=LINE('',#8341,#153);
#12632=ORIENTED_EDGE('',*,*,#11115,.F.);
#12633=ORIENTED_EDGE('',*,*,#8344,.F.);
#12634=CYLINDRICAL_SURFACE('',#12635,0.25);
#12635=AXIS2_PLACEMENT_3D('',#8304,#182,#7514);
#12636=ADVANCED_FACE('',(#12637),#12644,.F.);
#12637=FACE_BOUND('',#12638,.F.);
#12638=EDGE_LOOP('',(#12639,#8405,#12642,#12643));
#12639=ORIENTED_EDGE('',*,*,#12640,.T.);
#12640=EDGE_CURVE('',#8334,#8401,#12641,.T.);
#12641=LINE('',#8335,#153);
#12642=ORIENTED_EDGE('',*,*,#12630,.F.);
#12643=ORIENTED_EDGE('',*,*,#8339,.F.);
#12644=PLANE('',#12645);
#12645=AXIS2_PLACEMENT_3D('',#8335,#12182,#7509);
#12646=ADVANCED_FACE('',(#12647),#12654,.F.);
#12647=FACE_BOUND('',#12648,.F.);
#12648=EDGE_LOOP('',(#12649,#8399,#12652,#12653));
#12649=ORIENTED_EDGE('',*,*,#12650,.T.);
#12650=EDGE_CURVE('',#8329,#8396,#12651,.T.);
#12651=LINE('',#8330,#153);
#12652=ORIENTED_EDGE('',*,*,#12640,.F.);
#12653=ORIENTED_EDGE('',*,*,#8333,.F.);
#12654=CYLINDRICAL_SURFACE('',#8337,0.14);
#12655=ADVANCED_FACE('',(#12656),#12663,.F.);
#12656=FACE_BOUND('',#12657,.F.);
#12657=EDGE_LOOP('',(#12658,#8394,#12661,#12662));
#12658=ORIENTED_EDGE('',*,*,#12659,.T.);
#12659=EDGE_CURVE('',#8324,#8391,#12660,.T.);
#12660=LINE('',#8325,#153);
#12661=ORIENTED_EDGE('',*,*,#12650,.F.);
#12662=ORIENTED_EDGE('',*,*,#8328,.F.);
#12663=PLANE('',#12664);
#12664=AXIS2_PLACEMENT_3D('',#8325,#190,#168);
#12665=ADVANCED_FACE('',(#12666),#12673,.F.);
#12666=FACE_BOUND('',#12667,.F.);
#12667=EDGE_LOOP('',(#12668,#8389,#12671,#12672));
#12668=ORIENTED_EDGE('',*,*,#12669,.T.);
#12669=EDGE_CURVE('',#8319,#8386,#12670,.T.);
#12670=LINE('',#8320,#153);
#12671=ORIENTED_EDGE('',*,*,#12659,.F.);
#12672=ORIENTED_EDGE('',*,*,#8323,.F.);
#12673=PLANE('',#12674);
#12674=AXIS2_PLACEMENT_3D('',#8320,#168,#13);
#12675=ADVANCED_FACE('',(#12676),#12683,.F.);
#12676=FACE_BOUND('',#12677,.F.);
#12677=EDGE_LOOP('',(#12678,#8384,#12681,#12682));
#12678=ORIENTED_EDGE('',*,*,#12679,.T.);
#12679=EDGE_CURVE('',#8312,#8379,#12680,.T.);
#12680=LINE('',#8313,#153);
#12681=ORIENTED_EDGE('',*,*,#12669,.F.);
#12682=ORIENTED_EDGE('',*,*,#8318,.F.);
#12683=PLANE('',#12684);
#12684=AXIS2_PLACEMENT_3D('',#8313,#13,#14);
#12685=ADVANCED_FACE('',(#12686),#12693,.T.);
#12686=FACE_BOUND('',#12687,.F.);
#12687=EDGE_LOOP('',(#12688,#8377,#12691,#12692));
#12688=ORIENTED_EDGE('',*,*,#12689,.T.);
#12689=EDGE_CURVE('',#8307,#8374,#12690,.T.);
#12690=LINE('',#8308,#153);
#12691=ORIENTED_EDGE('',*,*,#12679,.F.);
#12692=ORIENTED_EDGE('',*,*,#8311,.F.);
#12693=CYLINDRICAL_SURFACE('',#12694,0.29);
#12694=AXIS2_PLACEMENT_3D('',#8316,#182,#7481);
#12695=ADVANCED_FACE('',(#12696),#12701,.F.);
#12696=FACE_BOUND('',#12697,.F.);
#12697=EDGE_LOOP('',(#12698,#8372,#12699,#12700));
#12698=ORIENTED_EDGE('',*,*,#8365,.T.);
#12699=ORIENTED_EDGE('',*,*,#12689,.F.);
#12700=ORIENTED_EDGE('',*,*,#8306,.F.);
#12701=PLANE('',#12702);
#12702=AXIS2_PLACEMENT_3D('',#8301,#12240,#7473);
#12703=ADVANCED_FACE('',(#12704),#12711,.T.);
#12704=FACE_BOUND('',#12705,.F.);
#12705=EDGE_LOOP('',(#12706,#8550,#12709,#12710));
#12706=ORIENTED_EDGE('',*,*,#12707,.T.);
#12707=EDGE_CURVE('',#8480,#8547,#12708,.T.);
#12708=LINE('',#8481,#153);
#12709=ORIENTED_EDGE('',*,*,#11127,.F.);
#12710=ORIENTED_EDGE('',*,*,#8484,.F.);
#12711=CYLINDRICAL_SURFACE('',#12712,0.25);
#12712=AXIS2_PLACEMENT_3D('',#8444,#182,#7514);
#12713=ADVANCED_FACE('',(#12714),#12721,.F.);
#12714=FACE_BOUND('',#12715,.F.);
#12715=EDGE_LOOP('',(#12716,#8545,#12719,#12720));
#12716=ORIENTED_EDGE('',*,*,#12717,.T.);
#12717=EDGE_CURVE('',#8474,#8541,#12718,.T.);
#12718=LINE('',#8475,#153);
#12719=ORIENTED_EDGE('',*,*,#12707,.F.);
#12720=ORIENTED_EDGE('',*,*,#8479,.F.);
#12721=PLANE('',#12722);
#12722=AXIS2_PLACEMENT_3D('',#8475,#12182,#7509);
#12723=ADVANCED_FACE('',(#12724),#12731,.F.);
#12724=FACE_BOUND('',#12725,.F.);
#12725=EDGE_LOOP('',(#12726,#8539,#12729,#12730));
#12726=ORIENTED_EDGE('',*,*,#12727,.T.);
#12727=EDGE_CURVE('',#8469,#8536,#12728,.T.);
#12728=LINE('',#8470,#153);
#12729=ORIENTED_EDGE('',*,*,#12717,.F.);
#12730=ORIENTED_EDGE('',*,*,#8473,.F.);
#12731=CYLINDRICAL_SURFACE('',#8477,0.14);
#12732=ADVANCED_FACE('',(#12733),#12740,.F.);
#12733=FACE_BOUND('',#12734,.F.);
#12734=EDGE_LOOP('',(#12735,#8534,#12738,#12739));
#12735=ORIENTED_EDGE('',*,*,#12736,.T.);
#12736=EDGE_CURVE('',#8464,#8531,#12737,.T.);
#12737=LINE('',#8465,#153);
#12738=ORIENTED_EDGE('',*,*,#12727,.F.);
#12739=ORIENTED_EDGE('',*,*,#8468,.F.);
#12740=PLANE('',#12741);
#12741=AXIS2_PLACEMENT_3D('',#8465,#190,#168);
#12742=ADVANCED_FACE('',(#12743),#12750,.F.);
#12743=FACE_BOUND('',#12744,.F.);
#12744=EDGE_LOOP('',(#12745,#8529,#12748,#12749));
#12745=ORIENTED_EDGE('',*,*,#12746,.T.);
#12746=EDGE_CURVE('',#8459,#8526,#12747,.T.);
#12747=LINE('',#8460,#153);
#12748=ORIENTED_EDGE('',*,*,#12736,.F.);
#12749=ORIENTED_EDGE('',*,*,#8463,.F.);
#12750=PLANE('',#12751);
#12751=AXIS2_PLACEMENT_3D('',#8460,#168,#13);
#12752=ADVANCED_FACE('',(#12753),#12760,.F.);
#12753=FACE_BOUND('',#12754,.F.);
#12754=EDGE_LOOP('',(#12755,#8524,#12758,#12759));
#12755=ORIENTED_EDGE('',*,*,#12756,.T.);
#12756=EDGE_CURVE('',#8452,#8519,#12757,.T.);
#12757=LINE('',#8453,#153);
#12758=ORIENTED_EDGE('',*,*,#12746,.F.);
#12759=ORIENTED_EDGE('',*,*,#8458,.F.);
#12760=PLANE('',#12761);
#12761=AXIS2_PLACEMENT_3D('',#8453,#13,#14);
#12762=ADVANCED_FACE('',(#12763),#12770,.T.);
#12763=FACE_BOUND('',#12764,.F.);
#12764=EDGE_LOOP('',(#12765,#8517,#12768,#12769));
#12765=ORIENTED_EDGE('',*,*,#12766,.T.);
#12766=EDGE_CURVE('',#8447,#8514,#12767,.T.);
#12767=LINE('',#8448,#153);
#12768=ORIENTED_EDGE('',*,*,#12756,.F.);
#12769=ORIENTED_EDGE('',*,*,#8451,.F.);
#12770=CYLINDRICAL_SURFACE('',#12771,0.29);
#12771=AXIS2_PLACEMENT_3D('',#8456,#182,#7481);
#12772=ADVANCED_FACE('',(#12773),#12778,.F.);
#12773=FACE_BOUND('',#12774,.F.);
#12774=EDGE_LOOP('',(#12775,#8512,#12776,#12777));
#12775=ORIENTED_EDGE('',*,*,#8505,.T.);
#12776=ORIENTED_EDGE('',*,*,#12766,.F.);
#12777=ORIENTED_EDGE('',*,*,#8446,.F.);
#12778=PLANE('',#12779);
#12779=AXIS2_PLACEMENT_3D('',#8441,#12240,#7473);
#12780=ADVANCED_FACE('',(#12781),#12788,.T.);
#12781=FACE_BOUND('',#12782,.F.);
#12782=EDGE_LOOP('',(#12783,#8690,#12786,#12787));
#12783=ORIENTED_EDGE('',*,*,#12784,.T.);
#12784=EDGE_CURVE('',#8620,#8687,#12785,.T.);
#12785=LINE('',#8621,#153);
#12786=ORIENTED_EDGE('',*,*,#11139,.F.);
#12787=ORIENTED_EDGE('',*,*,#8624,.F.);
#12788=CYLINDRICAL_SURFACE('',#12789,0.25);
#12789=AXIS2_PLACEMENT_3D('',#8584,#182,#7514);
#12790=ADVANCED_FACE('',(#12791),#12798,.F.);
#12791=FACE_BOUND('',#12792,.F.);
#12792=EDGE_LOOP('',(#12793,#8685,#12796,#12797));
#12793=ORIENTED_EDGE('',*,*,#12794,.T.);
#12794=EDGE_CURVE('',#8614,#8681,#12795,.T.);
#12795=LINE('',#8615,#153);
#12796=ORIENTED_EDGE('',*,*,#12784,.F.);
#12797=ORIENTED_EDGE('',*,*,#8619,.F.);
#12798=PLANE('',#12799);
#12799=AXIS2_PLACEMENT_3D('',#8615,#12182,#7509);
#12800=ADVANCED_FACE('',(#12801),#12808,.F.);
#12801=FACE_BOUND('',#12802,.F.);
#12802=EDGE_LOOP('',(#12803,#8679,#12806,#12807));
#12803=ORIENTED_EDGE('',*,*,#12804,.T.);
#12804=EDGE_CURVE('',#8609,#8676,#12805,.T.);
#12805=LINE('',#8610,#153);
#12806=ORIENTED_EDGE('',*,*,#12794,.F.);
#12807=ORIENTED_EDGE('',*,*,#8613,.F.);
#12808=CYLINDRICAL_SURFACE('',#8617,0.14);
#12809=ADVANCED_FACE('',(#12810),#12817,.F.);
#12810=FACE_BOUND('',#12811,.F.);
#12811=EDGE_LOOP('',(#12812,#8674,#12815,#12816));
#12812=ORIENTED_EDGE('',*,*,#12813,.T.);
#12813=EDGE_CURVE('',#8604,#8671,#12814,.T.);
#12814=LINE('',#8605,#153);
#12815=ORIENTED_EDGE('',*,*,#12804,.F.);
#12816=ORIENTED_EDGE('',*,*,#8608,.F.);
#12817=PLANE('',#12818);
#12818=AXIS2_PLACEMENT_3D('',#8605,#190,#168);
#12819=ADVANCED_FACE('',(#12820),#12827,.F.);
#12820=FACE_BOUND('',#12821,.F.);
#12821=EDGE_LOOP('',(#12822,#8669,#12825,#12826));
#12822=ORIENTED_EDGE('',*,*,#12823,.T.);
#12823=EDGE_CURVE('',#8599,#8666,#12824,.T.);
#12824=LINE('',#8600,#153);
#12825=ORIENTED_EDGE('',*,*,#12813,.F.);
#12826=ORIENTED_EDGE('',*,*,#8603,.F.);
#12827=PLANE('',#12828);
#12828=AXIS2_PLACEMENT_3D('',#8600,#168,#13);
#12829=ADVANCED_FACE('',(#12830),#12837,.F.);
#12830=FACE_BOUND('',#12831,.F.);
#12831=EDGE_LOOP('',(#12832,#8664,#12835,#12836));
#12832=ORIENTED_EDGE('',*,*,#12833,.T.);
#12833=EDGE_CURVE('',#8592,#8659,#12834,.T.);
#12834=LINE('',#8593,#153);
#12835=ORIENTED_EDGE('',*,*,#12823,.F.);
#12836=ORIENTED_EDGE('',*,*,#8598,.F.);
#12837=PLANE('',#12838);
#12838=AXIS2_PLACEMENT_3D('',#8593,#13,#14);
#12839=ADVANCED_FACE('',(#12840),#12847,.T.);
#12840=FACE_BOUND('',#12841,.F.);
#12841=EDGE_LOOP('',(#12842,#8657,#12845,#12846));
#12842=ORIENTED_EDGE('',*,*,#12843,.T.);
#12843=EDGE_CURVE('',#8587,#8654,#12844,.T.);
#12844=LINE('',#8588,#153);
#12845=ORIENTED_EDGE('',*,*,#12833,.F.);
#12846=ORIENTED_EDGE('',*,*,#8591,.F.);
#12847=CYLINDRICAL_SURFACE('',#12848,0.29);
#12848=AXIS2_PLACEMENT_3D('',#8596,#182,#7481);
#12849=ADVANCED_FACE('',(#12850),#12855,.F.);
#12850=FACE_BOUND('',#12851,.F.);
#12851=EDGE_LOOP('',(#12852,#8652,#12853,#12854));
#12852=ORIENTED_EDGE('',*,*,#8645,.T.);
#12853=ORIENTED_EDGE('',*,*,#12843,.F.);
#12854=ORIENTED_EDGE('',*,*,#8586,.F.);
#12855=PLANE('',#12856);
#12856=AXIS2_PLACEMENT_3D('',#8581,#12240,#7473);
#12857=ADVANCED_FACE('',(#12858),#12865,.T.);
#12858=FACE_BOUND('',#12859,.F.);
#12859=EDGE_LOOP('',(#12860,#8830,#12863,#12864));
#12860=ORIENTED_EDGE('',*,*,#12861,.T.);
#12861=EDGE_CURVE('',#8760,#8827,#12862,.T.);
#12862=LINE('',#8761,#153);
#12863=ORIENTED_EDGE('',*,*,#11151,.F.);
#12864=ORIENTED_EDGE('',*,*,#8764,.F.);
#12865=CYLINDRICAL_SURFACE('',#12866,0.25);
#12866=AXIS2_PLACEMENT_3D('',#8724,#182,#7514);
#12867=ADVANCED_FACE('',(#12868),#12875,.F.);
#12868=FACE_BOUND('',#12869,.F.);
#12869=EDGE_LOOP('',(#12870,#8825,#12873,#12874));
#12870=ORIENTED_EDGE('',*,*,#12871,.T.);
#12871=EDGE_CURVE('',#8754,#8821,#12872,.T.);
#12872=LINE('',#8755,#153);
#12873=ORIENTED_EDGE('',*,*,#12861,.F.);
#12874=ORIENTED_EDGE('',*,*,#8759,.F.);
#12875=PLANE('',#12876);
#12876=AXIS2_PLACEMENT_3D('',#8755,#12182,#7509);
#12877=ADVANCED_FACE('',(#12878),#12885,.F.);
#12878=FACE_BOUND('',#12879,.F.);
#12879=EDGE_LOOP('',(#12880,#8819,#12883,#12884));
#12880=ORIENTED_EDGE('',*,*,#12881,.T.);
#12881=EDGE_CURVE('',#8749,#8816,#12882,.T.);
#12882=LINE('',#8750,#153);
#12883=ORIENTED_EDGE('',*,*,#12871,.F.);
#12884=ORIENTED_EDGE('',*,*,#8753,.F.);
#12885=CYLINDRICAL_SURFACE('',#8757,0.14);
#12886=ADVANCED_FACE('',(#12887),#12894,.F.);
#12887=FACE_BOUND('',#12888,.F.);
#12888=EDGE_LOOP('',(#12889,#8814,#12892,#12893));
#12889=ORIENTED_EDGE('',*,*,#12890,.T.);
#12890=EDGE_CURVE('',#8744,#8811,#12891,.T.);
#12891=LINE('',#8745,#153);
#12892=ORIENTED_EDGE('',*,*,#12881,.F.);
#12893=ORIENTED_EDGE('',*,*,#8748,.F.);
#12894=PLANE('',#12895);
#12895=AXIS2_PLACEMENT_3D('',#8745,#190,#168);
#12896=ADVANCED_FACE('',(#12897),#12904,.F.);
#12897=FACE_BOUND('',#12898,.F.);
#12898=EDGE_LOOP('',(#12899,#8809,#12902,#12903));
#12899=ORIENTED_EDGE('',*,*,#12900,.T.);
#12900=EDGE_CURVE('',#8739,#8806,#12901,.T.);
#12901=LINE('',#8740,#153);
#12902=ORIENTED_EDGE('',*,*,#12890,.F.);
#12903=ORIENTED_EDGE('',*,*,#8743,.F.);
#12904=PLANE('',#12905);
#12905=AXIS2_PLACEMENT_3D('',#8740,#168,#13);
#12906=ADVANCED_FACE('',(#12907),#12914,.F.);
#12907=FACE_BOUND('',#12908,.F.);
#12908=EDGE_LOOP('',(#12909,#8804,#12912,#12913));
#12909=ORIENTED_EDGE('',*,*,#12910,.T.);
#12910=EDGE_CURVE('',#8732,#8799,#12911,.T.);
#12911=LINE('',#8733,#153);
#12912=ORIENTED_EDGE('',*,*,#12900,.F.);
#12913=ORIENTED_EDGE('',*,*,#8738,.F.);
#12914=PLANE('',#12915);
#12915=AXIS2_PLACEMENT_3D('',#8733,#13,#14);
#12916=ADVANCED_FACE('',(#12917),#12924,.T.);
#12917=FACE_BOUND('',#12918,.F.);
#12918=EDGE_LOOP('',(#12919,#8797,#12922,#12923));
#12919=ORIENTED_EDGE('',*,*,#12920,.T.);
#12920=EDGE_CURVE('',#8727,#8794,#12921,.T.);
#12921=LINE('',#8728,#153);
#12922=ORIENTED_EDGE('',*,*,#12910,.F.);
#12923=ORIENTED_EDGE('',*,*,#8731,.F.);
#12924=CYLINDRICAL_SURFACE('',#12925,0.29);
#12925=AXIS2_PLACEMENT_3D('',#8736,#182,#7481);
#12926=ADVANCED_FACE('',(#12927),#12932,.F.);
#12927=FACE_BOUND('',#12928,.F.);
#12928=EDGE_LOOP('',(#12929,#8792,#12930,#12931));
#12929=ORIENTED_EDGE('',*,*,#8785,.T.);
#12930=ORIENTED_EDGE('',*,*,#12920,.F.);
#12931=ORIENTED_EDGE('',*,*,#8726,.F.);
#12932=PLANE('',#12933);
#12933=AXIS2_PLACEMENT_3D('',#8721,#12240,#7473);
#12934=ADVANCED_FACE('',(#12935),#12942,.T.);
#12935=FACE_BOUND('',#12936,.F.);
#12936=EDGE_LOOP('',(#12937,#8970,#12940,#12941));
#12937=ORIENTED_EDGE('',*,*,#12938,.T.);
#12938=EDGE_CURVE('',#8900,#8967,#12939,.T.);
#12939=LINE('',#8901,#153);
#12940=ORIENTED_EDGE('',*,*,#11163,.F.);
#12941=ORIENTED_EDGE('',*,*,#8904,.F.);
#12942=CYLINDRICAL_SURFACE('',#12943,0.25);
#12943=AXIS2_PLACEMENT_3D('',#8864,#182,#7514);
#12944=ADVANCED_FACE('',(#12945),#12952,.F.);
#12945=FACE_BOUND('',#12946,.F.);
#12946=EDGE_LOOP('',(#12947,#8965,#12950,#12951));
#12947=ORIENTED_EDGE('',*,*,#12948,.T.);
#12948=EDGE_CURVE('',#8894,#8961,#12949,.T.);
#12949=LINE('',#8895,#153);
#12950=ORIENTED_EDGE('',*,*,#12938,.F.);
#12951=ORIENTED_EDGE('',*,*,#8899,.F.);
#12952=PLANE('',#12953);
#12953=AXIS2_PLACEMENT_3D('',#8895,#12182,#7509);
#12954=ADVANCED_FACE('',(#12955),#12962,.F.);
#12955=FACE_BOUND('',#12956,.F.);
#12956=EDGE_LOOP('',(#12957,#8959,#12960,#12961));
#12957=ORIENTED_EDGE('',*,*,#12958,.T.);
#12958=EDGE_CURVE('',#8889,#8956,#12959,.T.);
#12959=LINE('',#8890,#153);
#12960=ORIENTED_EDGE('',*,*,#12948,.F.);
#12961=ORIENTED_EDGE('',*,*,#8893,.F.);
#12962=CYLINDRICAL_SURFACE('',#8897,0.14);
#12963=ADVANCED_FACE('',(#12964),#12971,.F.);
#12964=FACE_BOUND('',#12965,.F.);
#12965=EDGE_LOOP('',(#12966,#8954,#12969,#12970));
#12966=ORIENTED_EDGE('',*,*,#12967,.T.);
#12967=EDGE_CURVE('',#8884,#8951,#12968,.T.);
#12968=LINE('',#8885,#153);
#12969=ORIENTED_EDGE('',*,*,#12958,.F.);
#12970=ORIENTED_EDGE('',*,*,#8888,.F.);
#12971=PLANE('',#12972);
#12972=AXIS2_PLACEMENT_3D('',#8885,#190,#168);
#12973=ADVANCED_FACE('',(#12974),#12981,.F.);
#12974=FACE_BOUND('',#12975,.F.);
#12975=EDGE_LOOP('',(#12976,#8949,#12979,#12980));
#12976=ORIENTED_EDGE('',*,*,#12977,.T.);
#12977=EDGE_CURVE('',#8879,#8946,#12978,.T.);
#12978=LINE('',#8880,#153);
#12979=ORIENTED_EDGE('',*,*,#12967,.F.);
#12980=ORIENTED_EDGE('',*,*,#8883,.F.);
#12981=PLANE('',#12982);
#12982=AXIS2_PLACEMENT_3D('',#8880,#168,#13);
#12983=ADVANCED_FACE('',(#12984),#12991,.F.);
#12984=FACE_BOUND('',#12985,.F.);
#12985=EDGE_LOOP('',(#12986,#8944,#12989,#12990));
#12986=ORIENTED_EDGE('',*,*,#12987,.T.);
#12987=EDGE_CURVE('',#8872,#8939,#12988,.T.);
#12988=LINE('',#8873,#153);
#12989=ORIENTED_EDGE('',*,*,#12977,.F.);
#12990=ORIENTED_EDGE('',*,*,#8878,.F.);
#12991=PLANE('',#12992);
#12992=AXIS2_PLACEMENT_3D('',#8873,#13,#14);
#12993=ADVANCED_FACE('',(#12994),#13001,.T.);
#12994=FACE_BOUND('',#12995,.F.);
#12995=EDGE_LOOP('',(#12996,#8937,#12999,#13000));
#12996=ORIENTED_EDGE('',*,*,#12997,.T.);
#12997=EDGE_CURVE('',#8867,#8934,#12998,.T.);
#12998=LINE('',#8868,#153);
#12999=ORIENTED_EDGE('',*,*,#12987,.F.);
#13000=ORIENTED_EDGE('',*,*,#8871,.F.);
#13001=CYLINDRICAL_SURFACE('',#13002,0.29);
#13002=AXIS2_PLACEMENT_3D('',#8876,#182,#7481);
#13003=ADVANCED_FACE('',(#13004),#13009,.F.);
#13004=FACE_BOUND('',#13005,.F.);
#13005=EDGE_LOOP('',(#13006,#8932,#13007,#13008));
#13006=ORIENTED_EDGE('',*,*,#8925,.T.);
#13007=ORIENTED_EDGE('',*,*,#12997,.F.);
#13008=ORIENTED_EDGE('',*,*,#8866,.F.);
#13009=PLANE('',#13010);
#13010=AXIS2_PLACEMENT_3D('',#8861,#12240,#7473);
#13011=ADVANCED_FACE('',(#13012),#13019,.T.);
#13012=FACE_BOUND('',#13013,.F.);
#13013=EDGE_LOOP('',(#13014,#9110,#13017,#13018));
#13014=ORIENTED_EDGE('',*,*,#13015,.T.);
#13015=EDGE_CURVE('',#9040,#9107,#13016,.T.);
#13016=LINE('',#9041,#153);
#13017=ORIENTED_EDGE('',*,*,#11175,.F.);
#13018=ORIENTED_EDGE('',*,*,#9044,.F.);
#13019=CYLINDRICAL_SURFACE('',#13020,0.25);
#13020=AXIS2_PLACEMENT_3D('',#9004,#182,#7514);
#13021=ADVANCED_FACE('',(#13022),#13029,.F.);
#13022=FACE_BOUND('',#13023,.F.);
#13023=EDGE_LOOP('',(#13024,#9105,#13027,#13028));
#13024=ORIENTED_EDGE('',*,*,#13025,.T.);
#13025=EDGE_CURVE('',#9034,#9101,#13026,.T.);
#13026=LINE('',#9035,#153);
#13027=ORIENTED_EDGE('',*,*,#13015,.F.);
#13028=ORIENTED_EDGE('',*,*,#9039,.F.);
#13029=PLANE('',#13030);
#13030=AXIS2_PLACEMENT_3D('',#9035,#12182,#7509);
#13031=ADVANCED_FACE('',(#13032),#13039,.F.);
#13032=FACE_BOUND('',#13033,.F.);
#13033=EDGE_LOOP('',(#13034,#9099,#13037,#13038));
#13034=ORIENTED_EDGE('',*,*,#13035,.T.);
#13035=EDGE_CURVE('',#9029,#9096,#13036,.T.);
#13036=LINE('',#9030,#153);
#13037=ORIENTED_EDGE('',*,*,#13025,.F.);
#13038=ORIENTED_EDGE('',*,*,#9033,.F.);
#13039=CYLINDRICAL_SURFACE('',#9037,0.14);
#13040=ADVANCED_FACE('',(#13041),#13048,.F.);
#13041=FACE_BOUND('',#13042,.F.);
#13042=EDGE_LOOP('',(#13043,#9094,#13046,#13047));
#13043=ORIENTED_EDGE('',*,*,#13044,.T.);
#13044=EDGE_CURVE('',#9024,#9091,#13045,.T.);
#13045=LINE('',#9025,#153);
#13046=ORIENTED_EDGE('',*,*,#13035,.F.);
#13047=ORIENTED_EDGE('',*,*,#9028,.F.);
#13048=PLANE('',#13049);
#13049=AXIS2_PLACEMENT_3D('',#9025,#190,#168);
#13050=ADVANCED_FACE('',(#13051),#13058,.F.);
#13051=FACE_BOUND('',#13052,.F.);
#13052=EDGE_LOOP('',(#13053,#9089,#13056,#13057));
#13053=ORIENTED_EDGE('',*,*,#13054,.T.);
#13054=EDGE_CURVE('',#9019,#9086,#13055,.T.);
#13055=LINE('',#9020,#153);
#13056=ORIENTED_EDGE('',*,*,#13044,.F.);
#13057=ORIENTED_EDGE('',*,*,#9023,.F.);
#13058=PLANE('',#13059);
#13059=AXIS2_PLACEMENT_3D('',#9020,#168,#13);
#13060=ADVANCED_FACE('',(#13061),#13068,.F.);
#13061=FACE_BOUND('',#13062,.F.);
#13062=EDGE_LOOP('',(#13063,#9084,#13066,#13067));
#13063=ORIENTED_EDGE('',*,*,#13064,.T.);
#13064=EDGE_CURVE('',#9012,#9079,#13065,.T.);
#13065=LINE('',#9013,#153);
#13066=ORIENTED_EDGE('',*,*,#13054,.F.);
#13067=ORIENTED_EDGE('',*,*,#9018,.F.);
#13068=PLANE('',#13069);
#13069=AXIS2_PLACEMENT_3D('',#9013,#13,#14);
#13070=ADVANCED_FACE('',(#13071),#13078,.T.);
#13071=FACE_BOUND('',#13072,.F.);
#13072=EDGE_LOOP('',(#13073,#9077,#13076,#13077));
#13073=ORIENTED_EDGE('',*,*,#13074,.T.);
#13074=EDGE_CURVE('',#9007,#9074,#13075,.T.);
#13075=LINE('',#9008,#153);
#13076=ORIENTED_EDGE('',*,*,#13064,.F.);
#13077=ORIENTED_EDGE('',*,*,#9011,.F.);
#13078=CYLINDRICAL_SURFACE('',#13079,0.29);
#13079=AXIS2_PLACEMENT_3D('',#9016,#182,#7481);
#13080=ADVANCED_FACE('',(#13081),#13086,.F.);
#13081=FACE_BOUND('',#13082,.F.);
#13082=EDGE_LOOP('',(#13083,#9072,#13084,#13085));
#13083=ORIENTED_EDGE('',*,*,#9065,.T.);
#13084=ORIENTED_EDGE('',*,*,#13074,.F.);
#13085=ORIENTED_EDGE('',*,*,#9006,.F.);
#13086=PLANE('',#13087);
#13087=AXIS2_PLACEMENT_3D('',#9001,#12240,#7473);
#13088=ADVANCED_FACE('',(#13089),#13098,.F.);
#13089=FACE_BOUND('',#13090,.F.);
#13090=EDGE_LOOP('',(#13091,#13092,#9272,#13095,#13096,#13097));
#13091=ORIENTED_EDGE('',*,*,#9205,.F.);
#13092=ORIENTED_EDGE('',*,*,#13093,.T.);
#13093=EDGE_CURVE('',#9200,#9268,#13094,.T.);
#13094=LINE('',#9135,#167);
#13095=ORIENTED_EDGE('',*,*,#9293,.T.);
#13096=ORIENTED_EDGE('',*,*,#11219,.F.);
#13097=ORIENTED_EDGE('',*,*,#9131,.F.);
#13098=PLANE('',#13099);
#13099=AXIS2_PLACEMENT_3D('',#9135,#190,#182);
#13100=ADVANCED_FACE('',(#13101),#13108,.T.);
#13101=FACE_BOUND('',#13102,.F.);
#13102=EDGE_LOOP('',(#13103,#9266,#13106,#13107));
#13103=ORIENTED_EDGE('',*,*,#13104,.T.);
#13104=EDGE_CURVE('',#9193,#9263,#13105,.T.);
#13105=LINE('',#9194,#167);
#13106=ORIENTED_EDGE('',*,*,#13093,.F.);
#13107=ORIENTED_EDGE('',*,*,#9199,.F.);
#13108=CYLINDRICAL_SURFACE('',#13109,0.25);
#13109=AXIS2_PLACEMENT_3D('',#9154,#14,#9203);
#13110=ADVANCED_FACE('',(#13111),#13118,.F.);
#13111=FACE_BOUND('',#13112,.F.);
#13112=EDGE_LOOP('',(#13113,#9261,#13116,#13117));
#13113=ORIENTED_EDGE('',*,*,#13114,.T.);
#13114=EDGE_CURVE('',#9187,#9257,#13115,.T.);
#13115=LINE('',#9188,#167);
#13116=ORIENTED_EDGE('',*,*,#13104,.F.);
#13117=ORIENTED_EDGE('',*,*,#9192,.F.);
#13118=PLANE('',#13119);
#13119=AXIS2_PLACEMENT_3D('',#9188,#13120,#9197);
#13120=DIRECTION('',(1.096041035798E-16,0.987226000081,-0.159326158443));
#13121=ADVANCED_FACE('',(#13122),#13129,.F.);
#13122=FACE_BOUND('',#13123,.F.);
#13123=EDGE_LOOP('',(#13124,#9255,#13127,#13128));
#13124=ORIENTED_EDGE('',*,*,#13125,.T.);
#13125=EDGE_CURVE('',#9182,#9252,#13126,.T.);
#13126=LINE('',#9183,#167);
#13127=ORIENTED_EDGE('',*,*,#13114,.F.);
#13128=ORIENTED_EDGE('',*,*,#9186,.F.);
#13129=CYLINDRICAL_SURFACE('',#9190,0.14);
#13130=ADVANCED_FACE('',(#13131),#13138,.F.);
#13131=FACE_BOUND('',#13132,.F.);
#13132=EDGE_LOOP('',(#13133,#9250,#13136,#13137));
#13133=ORIENTED_EDGE('',*,*,#13134,.T.);
#13134=EDGE_CURVE('',#9177,#9247,#13135,.T.);
#13135=LINE('',#9178,#167);
#13136=ORIENTED_EDGE('',*,*,#13125,.F.);
#13137=ORIENTED_EDGE('',*,*,#9181,.F.);
#13138=PLANE('',#13139);
#13139=AXIS2_PLACEMENT_3D('',#9178,#190,#182);
#13140=ADVANCED_FACE('',(#13141),#13148,.F.);
#13141=FACE_BOUND('',#13142,.F.);
#13142=EDGE_LOOP('',(#13143,#9245,#13146,#13147));
#13143=ORIENTED_EDGE('',*,*,#13144,.T.);
#13144=EDGE_CURVE('',#9172,#9242,#13145,.T.);
#13145=LINE('',#9173,#167);
#13146=ORIENTED_EDGE('',*,*,#13134,.F.);
#13147=ORIENTED_EDGE('',*,*,#9176,.F.);
#13148=PLANE('',#13149);
#13149=AXIS2_PLACEMENT_3D('',#9173,#182,#13);
#13150=ADVANCED_FACE('',(#13151),#13158,.F.);
#13151=FACE_BOUND('',#13152,.F.);
#13152=EDGE_LOOP('',(#13153,#9240,#13156,#13157));
#13153=ORIENTED_EDGE('',*,*,#13154,.T.);
#13154=EDGE_CURVE('',#9164,#9235,#13155,.T.);
#13155=LINE('',#9165,#167);
#13156=ORIENTED_EDGE('',*,*,#13144,.F.);
#13157=ORIENTED_EDGE('',*,*,#9171,.F.);
#13158=PLANE('',#13159);
#13159=AXIS2_PLACEMENT_3D('',#9165,#13,#154);
#13160=ADVANCED_FACE('',(#13161),#13168,.T.);
#13161=FACE_BOUND('',#13162,.F.);
#13162=EDGE_LOOP('',(#13163,#9233,#13166,#13167));
#13163=ORIENTED_EDGE('',*,*,#13164,.T.);
#13164=EDGE_CURVE('',#9157,#9230,#13165,.T.);
#13165=LINE('',#9158,#167);
#13166=ORIENTED_EDGE('',*,*,#13154,.F.);
#13167=ORIENTED_EDGE('',*,*,#9163,.F.);
#13168=CYLINDRICAL_SURFACE('',#13169,0.29);
#13169=AXIS2_PLACEMENT_3D('',#9168,#14,#9169);
#13170=ADVANCED_FACE('',(#13171),#13176,.F.);
#13171=FACE_BOUND('',#13172,.F.);
#13172=EDGE_LOOP('',(#13173,#9228,#13174,#13175));
#13173=ORIENTED_EDGE('',*,*,#9221,.T.);
#13174=ORIENTED_EDGE('',*,*,#13164,.F.);
#13175=ORIENTED_EDGE('',*,*,#9156,.F.);
#13176=PLANE('',#13177);
#13177=AXIS2_PLACEMENT_3D('',#9151,#13178,#9161);
#13178=DIRECTION('',(-1.096041035798E-16,-0.987226000081,0.159326158443));
#13179=ADVANCED_FACE('',(#13180),#13189,.F.);
#13180=FACE_BOUND('',#13181,.F.);
#13181=EDGE_LOOP('',(#13182,#13183,#9417,#13186,#13187,#13188));
#13182=ORIENTED_EDGE('',*,*,#9350,.F.);
#13183=ORIENTED_EDGE('',*,*,#13184,.T.);
#13184=EDGE_CURVE('',#9346,#9413,#13185,.T.);
#13185=LINE('',#9287,#167);
#13186=ORIENTED_EDGE('',*,*,#9438,.T.);
#13187=ORIENTED_EDGE('',*,*,#11222,.F.);
#13188=ORIENTED_EDGE('',*,*,#9283,.F.);
#13189=PLANE('',#13190);
#13190=AXIS2_PLACEMENT_3D('',#9287,#190,#182);
#13191=ADVANCED_FACE('',(#13192),#13199,.T.);
#13192=FACE_BOUND('',#13193,.F.);
#13193=EDGE_LOOP('',(#13194,#9411,#13197,#13198));
#13194=ORIENTED_EDGE('',*,*,#13195,.T.);
#13195=EDGE_CURVE('',#9341,#9408,#13196,.T.);
#13196=LINE('',#9342,#167);
#13197=ORIENTED_EDGE('',*,*,#13184,.F.);
#13198=ORIENTED_EDGE('',*,*,#9345,.F.);
#13199=CYLINDRICAL_SURFACE('',#13200,0.25);
#13200=AXIS2_PLACEMENT_3D('',#9305,#14,#9203);
#13201=ADVANCED_FACE('',(#13202),#13209,.F.);
#13202=FACE_BOUND('',#13203,.F.);
#13203=EDGE_LOOP('',(#13204,#9406,#13207,#13208));
#13204=ORIENTED_EDGE('',*,*,#13205,.T.);
#13205=EDGE_CURVE('',#9335,#9402,#13206,.T.);
#13206=LINE('',#9336,#167);
#13207=ORIENTED_EDGE('',*,*,#13195,.F.);
#13208=ORIENTED_EDGE('',*,*,#9340,.F.);
#13209=PLANE('',#13210);
#13210=AXIS2_PLACEMENT_3D('',#9336,#13120,#9197);
#13211=ADVANCED_FACE('',(#13212),#13219,.F.);
#13212=FACE_BOUND('',#13213,.F.);
#13213=EDGE_LOOP('',(#13214,#9400,#13217,#13218));
#13214=ORIENTED_EDGE('',*,*,#13215,.T.);
#13215=EDGE_CURVE('',#9330,#9397,#13216,.T.);
#13216=LINE('',#9331,#167);
#13217=ORIENTED_EDGE('',*,*,#13205,.F.);
#13218=ORIENTED_EDGE('',*,*,#9334,.F.);
#13219=CYLINDRICAL_SURFACE('',#9338,0.14);
#13220=ADVANCED_FACE('',(#13221),#13228,.F.);
#13221=FACE_BOUND('',#13222,.F.);
#13222=EDGE_LOOP('',(#13223,#9395,#13226,#13227));
#13223=ORIENTED_EDGE('',*,*,#13224,.T.);
#13224=EDGE_CURVE('',#9325,#9392,#13225,.T.);
#13225=LINE('',#9326,#167);
#13226=ORIENTED_EDGE('',*,*,#13215,.F.);
#13227=ORIENTED_EDGE('',*,*,#9329,.F.);
#13228=PLANE('',#13229);
#13229=AXIS2_PLACEMENT_3D('',#9326,#190,#182);
#13230=ADVANCED_FACE('',(#13231),#13238,.F.);
#13231=FACE_BOUND('',#13232,.F.);
#13232=EDGE_LOOP('',(#13233,#9390,#13236,#13237));
#13233=ORIENTED_EDGE('',*,*,#13234,.T.);
#13234=EDGE_CURVE('',#9320,#9387,#13235,.T.);
#13235=LINE('',#9321,#167);
#13236=ORIENTED_EDGE('',*,*,#13224,.F.);
#13237=ORIENTED_EDGE('',*,*,#9324,.F.);
#13238=PLANE('',#13239);
#13239=AXIS2_PLACEMENT_3D('',#9321,#182,#13);
#13240=ADVANCED_FACE('',(#13241),#13248,.F.);
#13241=FACE_BOUND('',#13242,.F.);
#13242=EDGE_LOOP('',(#13243,#9385,#13246,#13247));
#13243=ORIENTED_EDGE('',*,*,#13244,.T.);
#13244=EDGE_CURVE('',#9313,#9380,#13245,.T.);
#13245=LINE('',#9314,#167);
#13246=ORIENTED_EDGE('',*,*,#13234,.F.);
#13247=ORIENTED_EDGE('',*,*,#9319,.F.);
#13248=PLANE('',#13249);
#13249=AXIS2_PLACEMENT_3D('',#9314,#13,#154);
#13250=ADVANCED_FACE('',(#13251),#13258,.T.);
#13251=FACE_BOUND('',#13252,.F.);
#13252=EDGE_LOOP('',(#13253,#9378,#13256,#13257));
#13253=ORIENTED_EDGE('',*,*,#13254,.T.);
#13254=EDGE_CURVE('',#9308,#9375,#13255,.T.);
#13255=LINE('',#9309,#167);
#13256=ORIENTED_EDGE('',*,*,#13244,.F.);
#13257=ORIENTED_EDGE('',*,*,#9312,.F.);
#13258=CYLINDRICAL_SURFACE('',#13259,0.29);
#13259=AXIS2_PLACEMENT_3D('',#9317,#14,#9169);
#13260=ADVANCED_FACE('',(#13261),#13266,.F.);
#13261=FACE_BOUND('',#13262,.F.);
#13262=EDGE_LOOP('',(#13263,#9373,#13264,#13265));
#13263=ORIENTED_EDGE('',*,*,#9366,.T.);
#13264=ORIENTED_EDGE('',*,*,#13254,.F.);
#13265=ORIENTED_EDGE('',*,*,#9307,.F.);
#13266=PLANE('',#13267);
#13267=AXIS2_PLACEMENT_3D('',#9302,#13178,#9161);
#13268=ADVANCED_FACE('',(#13269),#13278,.F.);
#13269=FACE_BOUND('',#13270,.F.);
#13270=EDGE_LOOP('',(#13271,#13272,#9562,#13275,#13276,#13277));
#13271=ORIENTED_EDGE('',*,*,#9495,.F.);
#13272=ORIENTED_EDGE('',*,*,#13273,.T.);
#13273=EDGE_CURVE('',#9491,#9558,#13274,.T.);
#13274=LINE('',#9432,#167);
#13275=ORIENTED_EDGE('',*,*,#9583,.T.);
#13276=ORIENTED_EDGE('',*,*,#11225,.F.);
#13277=ORIENTED_EDGE('',*,*,#9428,.F.);
#13278=PLANE('',#13279);
#13279=AXIS2_PLACEMENT_3D('',#9432,#190,#182);
#13280=ADVANCED_FACE('',(#13281),#13288,.T.);
#13281=FACE_BOUND('',#13282,.F.);
#13282=EDGE_LOOP('',(#13283,#9556,#13286,#13287));
#13283=ORIENTED_EDGE('',*,*,#13284,.T.);
#13284=EDGE_CURVE('',#9486,#9553,#13285,.T.);
#13285=LINE('',#9487,#167);
#13286=ORIENTED_EDGE('',*,*,#13273,.F.);
#13287=ORIENTED_EDGE('',*,*,#9490,.F.);
#13288=CYLINDRICAL_SURFACE('',#13289,0.25);
#13289=AXIS2_PLACEMENT_3D('',#9450,#14,#9203);
#13290=ADVANCED_FACE('',(#13291),#13298,.F.);
#13291=FACE_BOUND('',#13292,.F.);
#13292=EDGE_LOOP('',(#13293,#9551,#13296,#13297));
#13293=ORIENTED_EDGE('',*,*,#13294,.T.);
#13294=EDGE_CURVE('',#9480,#9547,#13295,.T.);
#13295=LINE('',#9481,#167);
#13296=ORIENTED_EDGE('',*,*,#13284,.F.);
#13297=ORIENTED_EDGE('',*,*,#9485,.F.);
#13298=PLANE('',#13299);
#13299=AXIS2_PLACEMENT_3D('',#9481,#13120,#9197);
#13300=ADVANCED_FACE('',(#13301),#13308,.F.);
#13301=FACE_BOUND('',#13302,.F.);
#13302=EDGE_LOOP('',(#13303,#9545,#13306,#13307));
#13303=ORIENTED_EDGE('',*,*,#13304,.T.);
#13304=EDGE_CURVE('',#9475,#9542,#13305,.T.);
#13305=LINE('',#9476,#167);
#13306=ORIENTED_EDGE('',*,*,#13294,.F.);
#13307=ORIENTED_EDGE('',*,*,#9479,.F.);
#13308=CYLINDRICAL_SURFACE('',#9483,0.14);
#13309=ADVANCED_FACE('',(#13310),#13317,.F.);
#13310=FACE_BOUND('',#13311,.F.);
#13311=EDGE_LOOP('',(#13312,#9540,#13315,#13316));
#13312=ORIENTED_EDGE('',*,*,#13313,.T.);
#13313=EDGE_CURVE('',#9470,#9537,#13314,.T.);
#13314=LINE('',#9471,#167);
#13315=ORIENTED_EDGE('',*,*,#13304,.F.);
#13316=ORIENTED_EDGE('',*,*,#9474,.F.);
#13317=PLANE('',#13318);
#13318=AXIS2_PLACEMENT_3D('',#9471,#190,#182);
#13319=ADVANCED_FACE('',(#13320),#13327,.F.);
#13320=FACE_BOUND('',#13321,.F.);
#13321=EDGE_LOOP('',(#13322,#9535,#13325,#13326));
#13322=ORIENTED_EDGE('',*,*,#13323,.T.);
#13323=EDGE_CURVE('',#9465,#9532,#13324,.T.);
#13324=LINE('',#9466,#167);
#13325=ORIENTED_EDGE('',*,*,#13313,.F.);
#13326=ORIENTED_EDGE('',*,*,#9469,.F.);
#13327=PLANE('',#13328);
#13328=AXIS2_PLACEMENT_3D('',#9466,#182,#13);
#13329=ADVANCED_FACE('',(#13330),#13337,.F.);
#13330=FACE_BOUND('',#13331,.F.);
#13331=EDGE_LOOP('',(#13332,#9530,#13335,#13336));
#13332=ORIENTED_EDGE('',*,*,#13333,.T.);
#13333=EDGE_CURVE('',#9458,#9525,#13334,.T.);
#13334=LINE('',#9459,#167);
#13335=ORIENTED_EDGE('',*,*,#13323,.F.);
#13336=ORIENTED_EDGE('',*,*,#9464,.F.);
#13337=PLANE('',#13338);
#13338=AXIS2_PLACEMENT_3D('',#9459,#13,#154);
#13339=ADVANCED_FACE('',(#13340),#13347,.T.);
#13340=FACE_BOUND('',#13341,.F.);
#13341=EDGE_LOOP('',(#13342,#9523,#13345,#13346));
#13342=ORIENTED_EDGE('',*,*,#13343,.T.);
#13343=EDGE_CURVE('',#9453,#9520,#13344,.T.);
#13344=LINE('',#9454,#167);
#13345=ORIENTED_EDGE('',*,*,#13333,.F.);
#13346=ORIENTED_EDGE('',*,*,#9457,.F.);
#13347=CYLINDRICAL_SURFACE('',#13348,0.29);
#13348=AXIS2_PLACEMENT_3D('',#9462,#14,#9169);
#13349=ADVANCED_FACE('',(#13350),#13355,.F.);
#13350=FACE_BOUND('',#13351,.F.);
#13351=EDGE_LOOP('',(#13352,#9518,#13353,#13354));
#13352=ORIENTED_EDGE('',*,*,#9511,.T.);
#13353=ORIENTED_EDGE('',*,*,#13343,.F.);
#13354=ORIENTED_EDGE('',*,*,#9452,.F.);
#13355=PLANE('',#13356);
#13356=AXIS2_PLACEMENT_3D('',#9447,#13178,#9161);
#13357=ADVANCED_FACE('',(#13358),#13367,.F.);
#13358=FACE_BOUND('',#13359,.F.);
#13359=EDGE_LOOP('',(#13360,#13361,#9707,#13364,#13365,#13366));
#13360=ORIENTED_EDGE('',*,*,#9640,.F.);
#13361=ORIENTED_EDGE('',*,*,#13362,.T.);
#13362=EDGE_CURVE('',#9636,#9703,#13363,.T.);
#13363=LINE('',#9577,#167);
#13364=ORIENTED_EDGE('',*,*,#9728,.T.);
#13365=ORIENTED_EDGE('',*,*,#11228,.F.);
#13366=ORIENTED_EDGE('',*,*,#9573,.F.);
#13367=PLANE('',#13368);
#13368=AXIS2_PLACEMENT_3D('',#9577,#190,#182);
#13369=ADVANCED_FACE('',(#13370),#13377,.T.);
#13370=FACE_BOUND('',#13371,.F.);
#13371=EDGE_LOOP('',(#13372,#9701,#13375,#13376));
#13372=ORIENTED_EDGE('',*,*,#13373,.T.);
#13373=EDGE_CURVE('',#9631,#9698,#13374,.T.);
#13374=LINE('',#9632,#167);
#13375=ORIENTED_EDGE('',*,*,#13362,.F.);
#13376=ORIENTED_EDGE('',*,*,#9635,.F.);
#13377=CYLINDRICAL_SURFACE('',#13378,0.25);
#13378=AXIS2_PLACEMENT_3D('',#9595,#14,#9203);
#13379=ADVANCED_FACE('',(#13380),#13387,.F.);
#13380=FACE_BOUND('',#13381,.F.);
#13381=EDGE_LOOP('',(#13382,#9696,#13385,#13386));
#13382=ORIENTED_EDGE('',*,*,#13383,.T.);
#13383=EDGE_CURVE('',#9625,#9692,#13384,.T.);
#13384=LINE('',#9626,#167);
#13385=ORIENTED_EDGE('',*,*,#13373,.F.);
#13386=ORIENTED_EDGE('',*,*,#9630,.F.);
#13387=PLANE('',#13388);
#13388=AXIS2_PLACEMENT_3D('',#9626,#13120,#9197);
#13389=ADVANCED_FACE('',(#13390),#13397,.F.);
#13390=FACE_BOUND('',#13391,.F.);
#13391=EDGE_LOOP('',(#13392,#9690,#13395,#13396));
#13392=ORIENTED_EDGE('',*,*,#13393,.T.);
#13393=EDGE_CURVE('',#9620,#9687,#13394,.T.);
#13394=LINE('',#9621,#167);
#13395=ORIENTED_EDGE('',*,*,#13383,.F.);
#13396=ORIENTED_EDGE('',*,*,#9624,.F.);
#13397=CYLINDRICAL_SURFACE('',#9628,0.14);
#13398=ADVANCED_FACE('',(#13399),#13406,.F.);
#13399=FACE_BOUND('',#13400,.F.);
#13400=EDGE_LOOP('',(#13401,#9685,#13404,#13405));
#13401=ORIENTED_EDGE('',*,*,#13402,.T.);
#13402=EDGE_CURVE('',#9615,#9682,#13403,.T.);
#13403=LINE('',#9616,#167);
#13404=ORIENTED_EDGE('',*,*,#13393,.F.);
#13405=ORIENTED_EDGE('',*,*,#9619,.F.);
#13406=PLANE('',#13407);
#13407=AXIS2_PLACEMENT_3D('',#9616,#190,#182);
#13408=ADVANCED_FACE('',(#13409),#13416,.F.);
#13409=FACE_BOUND('',#13410,.F.);
#13410=EDGE_LOOP('',(#13411,#9680,#13414,#13415));
#13411=ORIENTED_EDGE('',*,*,#13412,.T.);
#13412=EDGE_CURVE('',#9610,#9677,#13413,.T.);
#13413=LINE('',#9611,#167);
#13414=ORIENTED_EDGE('',*,*,#13402,.F.);
#13415=ORIENTED_EDGE('',*,*,#9614,.F.);
#13416=PLANE('',#13417);
#13417=AXIS2_PLACEMENT_3D('',#9611,#182,#13);
#13418=ADVANCED_FACE('',(#13419),#13426,.F.);
#13419=FACE_BOUND('',#13420,.F.);
#13420=EDGE_LOOP('',(#13421,#9675,#13424,#13425));
#13421=ORIENTED_EDGE('',*,*,#13422,.T.);
#13422=EDGE_CURVE('',#9603,#9670,#13423,.T.);
#13423=LINE('',#9604,#167);
#13424=ORIENTED_EDGE('',*,*,#13412,.F.);
#13425=ORIENTED_EDGE('',*,*,#9609,.F.);
#13426=PLANE('',#13427);
#13427=AXIS2_PLACEMENT_3D('',#9604,#13,#154);
#13428=ADVANCED_FACE('',(#13429),#13436,.T.);
#13429=FACE_BOUND('',#13430,.F.);
#13430=EDGE_LOOP('',(#13431,#9668,#13434,#13435));
#13431=ORIENTED_EDGE('',*,*,#13432,.T.);
#13432=EDGE_CURVE('',#9598,#9665,#13433,.T.);
#13433=LINE('',#9599,#167);
#13434=ORIENTED_EDGE('',*,*,#13422,.F.);
#13435=ORIENTED_EDGE('',*,*,#9602,.F.);
#13436=CYLINDRICAL_SURFACE('',#13437,0.29);
#13437=AXIS2_PLACEMENT_3D('',#9607,#14,#9169);
#13438=ADVANCED_FACE('',(#13439),#13444,.F.);
#13439=FACE_BOUND('',#13440,.F.);
#13440=EDGE_LOOP('',(#13441,#9663,#13442,#13443));
#13441=ORIENTED_EDGE('',*,*,#9656,.T.);
#13442=ORIENTED_EDGE('',*,*,#13432,.F.);
#13443=ORIENTED_EDGE('',*,*,#9597,.F.);
#13444=PLANE('',#13445);
#13445=AXIS2_PLACEMENT_3D('',#9592,#13178,#9161);
#13446=ADVANCED_FACE('',(#13447),#13456,.F.);
#13447=FACE_BOUND('',#13448,.F.);
#13448=EDGE_LOOP('',(#13449,#13450,#9852,#13453,#13454,#13455));
#13449=ORIENTED_EDGE('',*,*,#9785,.F.);
#13450=ORIENTED_EDGE('',*,*,#13451,.T.);
#13451=EDGE_CURVE('',#9781,#9848,#13452,.T.);
#13452=LINE('',#9722,#167);
#13453=ORIENTED_EDGE('',*,*,#9873,.T.);
#13454=ORIENTED_EDGE('',*,*,#11231,.F.);
#13455=ORIENTED_EDGE('',*,*,#9718,.F.);
#13456=PLANE('',#13457);
#13457=AXIS2_PLACEMENT_3D('',#9722,#190,#182);
#13458=ADVANCED_FACE('',(#13459),#13466,.T.);
#13459=FACE_BOUND('',#13460,.F.);
#13460=EDGE_LOOP('',(#13461,#9846,#13464,#13465));
#13461=ORIENTED_EDGE('',*,*,#13462,.T.);
#13462=EDGE_CURVE('',#9776,#9843,#13463,.T.);
#13463=LINE('',#9777,#167);
#13464=ORIENTED_EDGE('',*,*,#13451,.F.);
#13465=ORIENTED_EDGE('',*,*,#9780,.F.);
#13466=CYLINDRICAL_SURFACE('',#13467,0.25);
#13467=AXIS2_PLACEMENT_3D('',#9740,#14,#9203);
#13468=ADVANCED_FACE('',(#13469),#13476,.F.);
#13469=FACE_BOUND('',#13470,.F.);
#13470=EDGE_LOOP('',(#13471,#9841,#13474,#13475));
#13471=ORIENTED_EDGE('',*,*,#13472,.T.);
#13472=EDGE_CURVE('',#9770,#9837,#13473,.T.);
#13473=LINE('',#9771,#167);
#13474=ORIENTED_EDGE('',*,*,#13462,.F.);
#13475=ORIENTED_EDGE('',*,*,#9775,.F.);
#13476=PLANE('',#13477);
#13477=AXIS2_PLACEMENT_3D('',#9771,#13120,#9197);
#13478=ADVANCED_FACE('',(#13479),#13486,.F.);
#13479=FACE_BOUND('',#13480,.F.);
#13480=EDGE_LOOP('',(#13481,#9835,#13484,#13485));
#13481=ORIENTED_EDGE('',*,*,#13482,.T.);
#13482=EDGE_CURVE('',#9765,#9832,#13483,.T.);
#13483=LINE('',#9766,#167);
#13484=ORIENTED_EDGE('',*,*,#13472,.F.);
#13485=ORIENTED_EDGE('',*,*,#9769,.F.);
#13486=CYLINDRICAL_SURFACE('',#9773,0.14);
#13487=ADVANCED_FACE('',(#13488),#13495,.F.);
#13488=FACE_BOUND('',#13489,.F.);
#13489=EDGE_LOOP('',(#13490,#9830,#13493,#13494));
#13490=ORIENTED_EDGE('',*,*,#13491,.T.);
#13491=EDGE_CURVE('',#9760,#9827,#13492,.T.);
#13492=LINE('',#9761,#167);
#13493=ORIENTED_EDGE('',*,*,#13482,.F.);
#13494=ORIENTED_EDGE('',*,*,#9764,.F.);
#13495=PLANE('',#13496);
#13496=AXIS2_PLACEMENT_3D('',#9761,#190,#182);
#13497=ADVANCED_FACE('',(#13498),#13505,.F.);
#13498=FACE_BOUND('',#13499,.F.);
#13499=EDGE_LOOP('',(#13500,#9825,#13503,#13504));
#13500=ORIENTED_EDGE('',*,*,#13501,.T.);
#13501=EDGE_CURVE('',#9755,#9822,#13502,.T.);
#13502=LINE('',#9756,#167);
#13503=ORIENTED_EDGE('',*,*,#13491,.F.);
#13504=ORIENTED_EDGE('',*,*,#9759,.F.);
#13505=PLANE('',#13506);
#13506=AXIS2_PLACEMENT_3D('',#9756,#182,#13);
#13507=ADVANCED_FACE('',(#13508),#13515,.F.);
#13508=FACE_BOUND('',#13509,.F.);
#13509=EDGE_LOOP('',(#13510,#9820,#13513,#13514));
#13510=ORIENTED_EDGE('',*,*,#13511,.T.);
#13511=EDGE_CURVE('',#9748,#9815,#13512,.T.);
#13512=LINE('',#9749,#167);
#13513=ORIENTED_EDGE('',*,*,#13501,.F.);
#13514=ORIENTED_EDGE('',*,*,#9754,.F.);
#13515=PLANE('',#13516);
#13516=AXIS2_PLACEMENT_3D('',#9749,#13,#154);
#13517=ADVANCED_FACE('',(#13518),#13525,.T.);
#13518=FACE_BOUND('',#13519,.F.);
#13519=EDGE_LOOP('',(#13520,#9813,#13523,#13524));
#13520=ORIENTED_EDGE('',*,*,#13521,.T.);
#13521=EDGE_CURVE('',#9743,#9810,#13522,.T.);
#13522=LINE('',#9744,#167);
#13523=ORIENTED_EDGE('',*,*,#13511,.F.);
#13524=ORIENTED_EDGE('',*,*,#9747,.F.);
#13525=CYLINDRICAL_SURFACE('',#13526,0.29);
#13526=AXIS2_PLACEMENT_3D('',#9752,#14,#9169);
#13527=ADVANCED_FACE('',(#13528),#13533,.F.);
#13528=FACE_BOUND('',#13529,.F.);
#13529=EDGE_LOOP('',(#13530,#9808,#13531,#13532));
#13530=ORIENTED_EDGE('',*,*,#9801,.T.);
#13531=ORIENTED_EDGE('',*,*,#13521,.F.);
#13532=ORIENTED_EDGE('',*,*,#9742,.F.);
#13533=PLANE('',#13534);
#13534=AXIS2_PLACEMENT_3D('',#9737,#13178,#9161);
#13535=ADVANCED_FACE('',(#13536),#13545,.F.);
#13536=FACE_BOUND('',#13537,.F.);
#13537=EDGE_LOOP('',(#13538,#13539,#9997,#13542,#13543,#13544));
#13538=ORIENTED_EDGE('',*,*,#9930,.F.);
#13539=ORIENTED_EDGE('',*,*,#13540,.T.);
#13540=EDGE_CURVE('',#9926,#9993,#13541,.T.);
#13541=LINE('',#9867,#167);
#13542=ORIENTED_EDGE('',*,*,#10018,.T.);
#13543=ORIENTED_EDGE('',*,*,#11234,.F.);
#13544=ORIENTED_EDGE('',*,*,#9863,.F.);
#13545=PLANE('',#13546);
#13546=AXIS2_PLACEMENT_3D('',#9867,#190,#182);
#13547=ADVANCED_FACE('',(#13548),#13555,.T.);
#13548=FACE_BOUND('',#13549,.F.);
#13549=EDGE_LOOP('',(#13550,#9991,#13553,#13554));
#13550=ORIENTED_EDGE('',*,*,#13551,.T.);
#13551=EDGE_CURVE('',#9921,#9988,#13552,.T.);
#13552=LINE('',#9922,#167);
#13553=ORIENTED_EDGE('',*,*,#13540,.F.);
#13554=ORIENTED_EDGE('',*,*,#9925,.F.);
#13555=CYLINDRICAL_SURFACE('',#13556,0.25);
#13556=AXIS2_PLACEMENT_3D('',#9885,#14,#9203);
#13557=ADVANCED_FACE('',(#13558),#13565,.F.);
#13558=FACE_BOUND('',#13559,.F.);
#13559=EDGE_LOOP('',(#13560,#9986,#13563,#13564));
#13560=ORIENTED_EDGE('',*,*,#13561,.T.);
#13561=EDGE_CURVE('',#9915,#9982,#13562,.T.);
#13562=LINE('',#9916,#167);
#13563=ORIENTED_EDGE('',*,*,#13551,.F.);
#13564=ORIENTED_EDGE('',*,*,#9920,.F.);
#13565=PLANE('',#13566);
#13566=AXIS2_PLACEMENT_3D('',#9916,#13120,#9197);
#13567=ADVANCED_FACE('',(#13568),#13575,.F.);
#13568=FACE_BOUND('',#13569,.F.);
#13569=EDGE_LOOP('',(#13570,#9980,#13573,#13574));
#13570=ORIENTED_EDGE('',*,*,#13571,.T.);
#13571=EDGE_CURVE('',#9910,#9977,#13572,.T.);
#13572=LINE('',#9911,#167);
#13573=ORIENTED_EDGE('',*,*,#13561,.F.);
#13574=ORIENTED_EDGE('',*,*,#9914,.F.);
#13575=CYLINDRICAL_SURFACE('',#9918,0.14);
#13576=ADVANCED_FACE('',(#13577),#13584,.F.);
#13577=FACE_BOUND('',#13578,.F.);
#13578=EDGE_LOOP('',(#13579,#9975,#13582,#13583));
#13579=ORIENTED_EDGE('',*,*,#13580,.T.);
#13580=EDGE_CURVE('',#9905,#9972,#13581,.T.);
#13581=LINE('',#9906,#167);
#13582=ORIENTED_EDGE('',*,*,#13571,.F.);
#13583=ORIENTED_EDGE('',*,*,#9909,.F.);
#13584=PLANE('',#13585);
#13585=AXIS2_PLACEMENT_3D('',#9906,#190,#182);
#13586=ADVANCED_FACE('',(#13587),#13594,.F.);
#13587=FACE_BOUND('',#13588,.F.);
#13588=EDGE_LOOP('',(#13589,#9970,#13592,#13593));
#13589=ORIENTED_EDGE('',*,*,#13590,.T.);
#13590=EDGE_CURVE('',#9900,#9967,#13591,.T.);
#13591=LINE('',#9901,#167);
#13592=ORIENTED_EDGE('',*,*,#13580,.F.);
#13593=ORIENTED_EDGE('',*,*,#9904,.F.);
#13594=PLANE('',#13595);
#13595=AXIS2_PLACEMENT_3D('',#9901,#182,#13);
#13596=ADVANCED_FACE('',(#13597),#13604,.F.);
#13597=FACE_BOUND('',#13598,.F.);
#13598=EDGE_LOOP('',(#13599,#9965,#13602,#13603));
#13599=ORIENTED_EDGE('',*,*,#13600,.T.);
#13600=EDGE_CURVE('',#9893,#9960,#13601,.T.);
#13601=LINE('',#9894,#167);
#13602=ORIENTED_EDGE('',*,*,#13590,.F.);
#13603=ORIENTED_EDGE('',*,*,#9899,.F.);
#13604=PLANE('',#13605);
#13605=AXIS2_PLACEMENT_3D('',#9894,#13,#154);
#13606=ADVANCED_FACE('',(#13607),#13614,.T.);
#13607=FACE_BOUND('',#13608,.F.);
#13608=EDGE_LOOP('',(#13609,#9958,#13612,#13613));
#13609=ORIENTED_EDGE('',*,*,#13610,.T.);
#13610=EDGE_CURVE('',#9888,#9955,#13611,.T.);
#13611=LINE('',#9889,#167);
#13612=ORIENTED_EDGE('',*,*,#13600,.F.);
#13613=ORIENTED_EDGE('',*,*,#9892,.F.);
#13614=CYLINDRICAL_SURFACE('',#13615,0.29);
#13615=AXIS2_PLACEMENT_3D('',#9897,#14,#9169);
#13616=ADVANCED_FACE('',(#13617),#13622,.F.);
#13617=FACE_BOUND('',#13618,.F.);
#13618=EDGE_LOOP('',(#13619,#9953,#13620,#13621));
#13619=ORIENTED_EDGE('',*,*,#9946,.T.);
#13620=ORIENTED_EDGE('',*,*,#13610,.F.);
#13621=ORIENTED_EDGE('',*,*,#9887,.F.);
#13622=PLANE('',#13623);
#13623=AXIS2_PLACEMENT_3D('',#9882,#13178,#9161);
#13624=ADVANCED_FACE('',(#13625),#13634,.F.);
#13625=FACE_BOUND('',#13626,.F.);
#13626=EDGE_LOOP('',(#13627,#13628,#10142,#13631,#13632,#13633));
#13627=ORIENTED_EDGE('',*,*,#10075,.F.);
#13628=ORIENTED_EDGE('',*,*,#13629,.T.);
#13629=EDGE_CURVE('',#10071,#10138,#13630,.T.);
#13630=LINE('',#10012,#167);
#13631=ORIENTED_EDGE('',*,*,#10163,.T.);
#13632=ORIENTED_EDGE('',*,*,#11237,.F.);
#13633=ORIENTED_EDGE('',*,*,#10008,.F.);
#13634=PLANE('',#13635);
#13635=AXIS2_PLACEMENT_3D('',#10012,#190,#182);
#13636=ADVANCED_FACE('',(#13637),#13644,.T.);
#13637=FACE_BOUND('',#13638,.F.);
#13638=EDGE_LOOP('',(#13639,#10136,#13642,#13643));
#13639=ORIENTED_EDGE('',*,*,#13640,.T.);
#13640=EDGE_CURVE('',#10066,#10133,#13641,.T.);
#13641=LINE('',#10067,#167);
#13642=ORIENTED_EDGE('',*,*,#13629,.F.);
#13643=ORIENTED_EDGE('',*,*,#10070,.F.);
#13644=CYLINDRICAL_SURFACE('',#13645,0.25);
#13645=AXIS2_PLACEMENT_3D('',#10030,#14,#9203);
#13646=ADVANCED_FACE('',(#13647),#13654,.F.);
#13647=FACE_BOUND('',#13648,.F.);
#13648=EDGE_LOOP('',(#13649,#10131,#13652,#13653));
#13649=ORIENTED_EDGE('',*,*,#13650,.T.);
#13650=EDGE_CURVE('',#10060,#10127,#13651,.T.);
#13651=LINE('',#10061,#167);
#13652=ORIENTED_EDGE('',*,*,#13640,.F.);
#13653=ORIENTED_EDGE('',*,*,#10065,.F.);
#13654=PLANE('',#13655);
#13655=AXIS2_PLACEMENT_3D('',#10061,#13120,#9197);
#13656=ADVANCED_FACE('',(#13657),#13664,.F.);
#13657=FACE_BOUND('',#13658,.F.);
#13658=EDGE_LOOP('',(#13659,#10125,#13662,#13663));
#13659=ORIENTED_EDGE('',*,*,#13660,.T.);
#13660=EDGE_CURVE('',#10055,#10122,#13661,.T.);
#13661=LINE('',#10056,#167);
#13662=ORIENTED_EDGE('',*,*,#13650,.F.);
#13663=ORIENTED_EDGE('',*,*,#10059,.F.);
#13664=CYLINDRICAL_SURFACE('',#10063,0.14);
#13665=ADVANCED_FACE('',(#13666),#13673,.F.);
#13666=FACE_BOUND('',#13667,.F.);
#13667=EDGE_LOOP('',(#13668,#10120,#13671,#13672));
#13668=ORIENTED_EDGE('',*,*,#13669,.T.);
#13669=EDGE_CURVE('',#10050,#10117,#13670,.T.);
#13670=LINE('',#10051,#167);
#13671=ORIENTED_EDGE('',*,*,#13660,.F.);
#13672=ORIENTED_EDGE('',*,*,#10054,.F.);
#13673=PLANE('',#13674);
#13674=AXIS2_PLACEMENT_3D('',#10051,#190,#182);
#13675=ADVANCED_FACE('',(#13676),#13683,.F.);
#13676=FACE_BOUND('',#13677,.F.);
#13677=EDGE_LOOP('',(#13678,#10115,#13681,#13682));
#13678=ORIENTED_EDGE('',*,*,#13679,.T.);
#13679=EDGE_CURVE('',#10045,#10112,#13680,.T.);
#13680=LINE('',#10046,#167);
#13681=ORIENTED_EDGE('',*,*,#13669,.F.);
#13682=ORIENTED_EDGE('',*,*,#10049,.F.);
#13683=PLANE('',#13684);
#13684=AXIS2_PLACEMENT_3D('',#10046,#182,#13);
#13685=ADVANCED_FACE('',(#13686),#13693,.F.);
#13686=FACE_BOUND('',#13687,.F.);
#13687=EDGE_LOOP('',(#13688,#10110,#13691,#13692));
#13688=ORIENTED_EDGE('',*,*,#13689,.T.);
#13689=EDGE_CURVE('',#10038,#10105,#13690,.T.);
#13690=LINE('',#10039,#167);
#13691=ORIENTED_EDGE('',*,*,#13679,.F.);
#13692=ORIENTED_EDGE('',*,*,#10044,.F.);
#13693=PLANE('',#13694);
#13694=AXIS2_PLACEMENT_3D('',#10039,#13,#154);
#13695=ADVANCED_FACE('',(#13696),#13703,.T.);
#13696=FACE_BOUND('',#13697,.F.);
#13697=EDGE_LOOP('',(#13698,#10103,#13701,#13702));
#13698=ORIENTED_EDGE('',*,*,#13699,.T.);
#13699=EDGE_CURVE('',#10033,#10100,#13700,.T.);
#13700=LINE('',#10034,#167);
#13701=ORIENTED_EDGE('',*,*,#13689,.F.);
#13702=ORIENTED_EDGE('',*,*,#10037,.F.);
#13703=CYLINDRICAL_SURFACE('',#13704,0.29);
#13704=AXIS2_PLACEMENT_3D('',#10042,#14,#9169);
#13705=ADVANCED_FACE('',(#13706),#13711,.F.);
#13706=FACE_BOUND('',#13707,.F.);
#13707=EDGE_LOOP('',(#13708,#10098,#13709,#13710));
#13708=ORIENTED_EDGE('',*,*,#10091,.T.);
#13709=ORIENTED_EDGE('',*,*,#13699,.F.);
#13710=ORIENTED_EDGE('',*,*,#10032,.F.);
#13711=PLANE('',#13712);
#13712=AXIS2_PLACEMENT_3D('',#10027,#13178,#9161);
#13713=ADVANCED_FACE('',(#13714),#13723,.F.);
#13714=FACE_BOUND('',#13715,.F.);
#13715=EDGE_LOOP('',(#13716,#13717,#10287,#13720,#13721,#13722));
#13716=ORIENTED_EDGE('',*,*,#10220,.F.);
#13717=ORIENTED_EDGE('',*,*,#13718,.T.);
#13718=EDGE_CURVE('',#10216,#10283,#13719,.T.);
#13719=LINE('',#10157,#167);
#13720=ORIENTED_EDGE('',*,*,#10308,.T.);
#13721=ORIENTED_EDGE('',*,*,#11240,.F.);
#13722=ORIENTED_EDGE('',*,*,#10153,.F.);
#13723=PLANE('',#13724);
#13724=AXIS2_PLACEMENT_3D('',#10157,#190,#182);
#13725=ADVANCED_FACE('',(#13726),#13733,.T.);
#13726=FACE_BOUND('',#13727,.F.);
#13727=EDGE_LOOP('',(#13728,#10281,#13731,#13732));
#13728=ORIENTED_EDGE('',*,*,#13729,.T.);
#13729=EDGE_CURVE('',#10211,#10278,#13730,.T.);
#13730=LINE('',#10212,#167);
#13731=ORIENTED_EDGE('',*,*,#13718,.F.);
#13732=ORIENTED_EDGE('',*,*,#10215,.F.);
#13733=CYLINDRICAL_SURFACE('',#13734,0.25);
#13734=AXIS2_PLACEMENT_3D('',#10175,#14,#9203);
#13735=ADVANCED_FACE('',(#13736),#13743,.F.);
#13736=FACE_BOUND('',#13737,.F.);
#13737=EDGE_LOOP('',(#13738,#10276,#13741,#13742));
#13738=ORIENTED_EDGE('',*,*,#13739,.T.);
#13739=EDGE_CURVE('',#10205,#10272,#13740,.T.);
#13740=LINE('',#10206,#167);
#13741=ORIENTED_EDGE('',*,*,#13729,.F.);
#13742=ORIENTED_EDGE('',*,*,#10210,.F.);
#13743=PLANE('',#13744);
#13744=AXIS2_PLACEMENT_3D('',#10206,#13120,#9197);
#13745=ADVANCED_FACE('',(#13746),#13753,.F.);
#13746=FACE_BOUND('',#13747,.F.);
#13747=EDGE_LOOP('',(#13748,#10270,#13751,#13752));
#13748=ORIENTED_EDGE('',*,*,#13749,.T.);
#13749=EDGE_CURVE('',#10200,#10267,#13750,.T.);
#13750=LINE('',#10201,#167);
#13751=ORIENTED_EDGE('',*,*,#13739,.F.);
#13752=ORIENTED_EDGE('',*,*,#10204,.F.);
#13753=CYLINDRICAL_SURFACE('',#10208,0.14);
#13754=ADVANCED_FACE('',(#13755),#13762,.F.);
#13755=FACE_BOUND('',#13756,.F.);
#13756=EDGE_LOOP('',(#13757,#10265,#13760,#13761));
#13757=ORIENTED_EDGE('',*,*,#13758,.T.);
#13758=EDGE_CURVE('',#10195,#10262,#13759,.T.);
#13759=LINE('',#10196,#167);
#13760=ORIENTED_EDGE('',*,*,#13749,.F.);
#13761=ORIENTED_EDGE('',*,*,#10199,.F.);
#13762=PLANE('',#13763);
#13763=AXIS2_PLACEMENT_3D('',#10196,#190,#182);
#13764=ADVANCED_FACE('',(#13765),#13772,.F.);
#13765=FACE_BOUND('',#13766,.F.);
#13766=EDGE_LOOP('',(#13767,#10260,#13770,#13771));
#13767=ORIENTED_EDGE('',*,*,#13768,.T.);
#13768=EDGE_CURVE('',#10190,#10257,#13769,.T.);
#13769=LINE('',#10191,#167);
#13770=ORIENTED_EDGE('',*,*,#13758,.F.);
#13771=ORIENTED_EDGE('',*,*,#10194,.F.);
#13772=PLANE('',#13773);
#13773=AXIS2_PLACEMENT_3D('',#10191,#182,#13);
#13774=ADVANCED_FACE('',(#13775),#13782,.F.);
#13775=FACE_BOUND('',#13776,.F.);
#13776=EDGE_LOOP('',(#13777,#10255,#13780,#13781));
#13777=ORIENTED_EDGE('',*,*,#13778,.T.);
#13778=EDGE_CURVE('',#10183,#10250,#13779,.T.);
#13779=LINE('',#10184,#167);
#13780=ORIENTED_EDGE('',*,*,#13768,.F.);
#13781=ORIENTED_EDGE('',*,*,#10189,.F.);
#13782=PLANE('',#13783);
#13783=AXIS2_PLACEMENT_3D('',#10184,#13,#154);
#13784=ADVANCED_FACE('',(#13785),#13792,.T.);
#13785=FACE_BOUND('',#13786,.F.);
#13786=EDGE_LOOP('',(#13787,#10248,#13790,#13791));
#13787=ORIENTED_EDGE('',*,*,#13788,.T.);
#13788=EDGE_CURVE('',#10178,#10245,#13789,.T.);
#13789=LINE('',#10179,#167);
#13790=ORIENTED_EDGE('',*,*,#13778,.F.);
#13791=ORIENTED_EDGE('',*,*,#10182,.F.);
#13792=CYLINDRICAL_SURFACE('',#13793,0.29);
#13793=AXIS2_PLACEMENT_3D('',#10187,#14,#9169);
#13794=ADVANCED_FACE('',(#13795),#13800,.F.);
#13795=FACE_BOUND('',#13796,.F.);
#13796=EDGE_LOOP('',(#13797,#10243,#13798,#13799));
#13797=ORIENTED_EDGE('',*,*,#10236,.T.);
#13798=ORIENTED_EDGE('',*,*,#13788,.F.);
#13799=ORIENTED_EDGE('',*,*,#10177,.F.);
#13800=PLANE('',#13801);
#13801=AXIS2_PLACEMENT_3D('',#10172,#13178,#9161);
#13802=ADVANCED_FACE('',(#13803),#13812,.F.);
#13803=FACE_BOUND('',#13804,.F.);
#13804=EDGE_LOOP('',(#13805,#13806,#10432,#13809,#13810,#13811));
#13805=ORIENTED_EDGE('',*,*,#10365,.F.);
#13806=ORIENTED_EDGE('',*,*,#13807,.T.);
#13807=EDGE_CURVE('',#10361,#10428,#13808,.T.);
#13808=LINE('',#10302,#167);
#13809=ORIENTED_EDGE('',*,*,#10453,.T.);
#13810=ORIENTED_EDGE('',*,*,#11243,.F.);
#13811=ORIENTED_EDGE('',*,*,#10298,.F.);
#13812=PLANE('',#13813);
#13813=AXIS2_PLACEMENT_3D('',#10302,#190,#182);
#13814=ADVANCED_FACE('',(#13815),#13822,.T.);
#13815=FACE_BOUND('',#13816,.F.);
#13816=EDGE_LOOP('',(#13817,#10426,#13820,#13821));
#13817=ORIENTED_EDGE('',*,*,#13818,.T.);
#13818=EDGE_CURVE('',#10356,#10423,#13819,.T.);
#13819=LINE('',#10357,#167);
#13820=ORIENTED_EDGE('',*,*,#13807,.F.);
#13821=ORIENTED_EDGE('',*,*,#10360,.F.);
#13822=CYLINDRICAL_SURFACE('',#13823,0.25);
#13823=AXIS2_PLACEMENT_3D('',#10320,#14,#9203);
#13824=ADVANCED_FACE('',(#13825),#13832,.F.);
#13825=FACE_BOUND('',#13826,.F.);
#13826=EDGE_LOOP('',(#13827,#10421,#13830,#13831));
#13827=ORIENTED_EDGE('',*,*,#13828,.T.);
#13828=EDGE_CURVE('',#10350,#10417,#13829,.T.);
#13829=LINE('',#10351,#167);
#13830=ORIENTED_EDGE('',*,*,#13818,.F.);
#13831=ORIENTED_EDGE('',*,*,#10355,.F.);
#13832=PLANE('',#13833);
#13833=AXIS2_PLACEMENT_3D('',#10351,#13120,#9197);
#13834=ADVANCED_FACE('',(#13835),#13842,.F.);
#13835=FACE_BOUND('',#13836,.F.);
#13836=EDGE_LOOP('',(#13837,#10415,#13840,#13841));
#13837=ORIENTED_EDGE('',*,*,#13838,.T.);
#13838=EDGE_CURVE('',#10345,#10412,#13839,.T.);
#13839=LINE('',#10346,#167);
#13840=ORIENTED_EDGE('',*,*,#13828,.F.);
#13841=ORIENTED_EDGE('',*,*,#10349,.F.);
#13842=CYLINDRICAL_SURFACE('',#10353,0.14);
#13843=ADVANCED_FACE('',(#13844),#13851,.F.);
#13844=FACE_BOUND('',#13845,.F.);
#13845=EDGE_LOOP('',(#13846,#10410,#13849,#13850));
#13846=ORIENTED_EDGE('',*,*,#13847,.T.);
#13847=EDGE_CURVE('',#10340,#10407,#13848,.T.);
#13848=LINE('',#10341,#167);
#13849=ORIENTED_EDGE('',*,*,#13838,.F.);
#13850=ORIENTED_EDGE('',*,*,#10344,.F.);
#13851=PLANE('',#13852);
#13852=AXIS2_PLACEMENT_3D('',#10341,#190,#182);
#13853=ADVANCED_FACE('',(#13854),#13861,.F.);
#13854=FACE_BOUND('',#13855,.F.);
#13855=EDGE_LOOP('',(#13856,#10405,#13859,#13860));
#13856=ORIENTED_EDGE('',*,*,#13857,.T.);
#13857=EDGE_CURVE('',#10335,#10402,#13858,.T.);
#13858=LINE('',#10336,#167);
#13859=ORIENTED_EDGE('',*,*,#13847,.F.);
#13860=ORIENTED_EDGE('',*,*,#10339,.F.);
#13861=PLANE('',#13862);
#13862=AXIS2_PLACEMENT_3D('',#10336,#182,#13);
#13863=ADVANCED_FACE('',(#13864),#13871,.F.);
#13864=FACE_BOUND('',#13865,.F.);
#13865=EDGE_LOOP('',(#13866,#10400,#13869,#13870));
#13866=ORIENTED_EDGE('',*,*,#13867,.T.);
#13867=EDGE_CURVE('',#10328,#10395,#13868,.T.);
#13868=LINE('',#10329,#167);
#13869=ORIENTED_EDGE('',*,*,#13857,.F.);
#13870=ORIENTED_EDGE('',*,*,#10334,.F.);
#13871=PLANE('',#13872);
#13872=AXIS2_PLACEMENT_3D('',#10329,#13,#154);
#13873=ADVANCED_FACE('',(#13874),#13881,.T.);
#13874=FACE_BOUND('',#13875,.F.);
#13875=EDGE_LOOP('',(#13876,#10393,#13879,#13880));
#13876=ORIENTED_EDGE('',*,*,#13877,.T.);
#13877=EDGE_CURVE('',#10323,#10390,#13878,.T.);
#13878=LINE('',#10324,#167);
#13879=ORIENTED_EDGE('',*,*,#13867,.F.);
#13880=ORIENTED_EDGE('',*,*,#10327,.F.);
#13881=CYLINDRICAL_SURFACE('',#13882,0.29);
#13882=AXIS2_PLACEMENT_3D('',#10332,#14,#9169);
#13883=ADVANCED_FACE('',(#13884),#13889,.F.);
#13884=FACE_BOUND('',#13885,.F.);
#13885=EDGE_LOOP('',(#13886,#10388,#13887,#13888));
#13886=ORIENTED_EDGE('',*,*,#10381,.T.);
#13887=ORIENTED_EDGE('',*,*,#13877,.F.);
#13888=ORIENTED_EDGE('',*,*,#10322,.F.);
#13889=PLANE('',#13890);
#13890=AXIS2_PLACEMENT_3D('',#10317,#13178,#9161);
#13891=ADVANCED_FACE('',(#13892),#13901,.F.);
#13892=FACE_BOUND('',#13893,.F.);
#13893=EDGE_LOOP('',(#13894,#13895,#10577,#13898,#13899,#13900));
#13894=ORIENTED_EDGE('',*,*,#10510,.F.);
#13895=ORIENTED_EDGE('',*,*,#13896,.T.);
#13896=EDGE_CURVE('',#10506,#10573,#13897,.T.);
#13897=LINE('',#10447,#167);
#13898=ORIENTED_EDGE('',*,*,#10598,.T.);
#13899=ORIENTED_EDGE('',*,*,#11246,.F.);
#13900=ORIENTED_EDGE('',*,*,#10443,.F.);
#13901=PLANE('',#13902);
#13902=AXIS2_PLACEMENT_3D('',#10447,#190,#182);
#13903=ADVANCED_FACE('',(#13904),#13911,.T.);
#13904=FACE_BOUND('',#13905,.F.);
#13905=EDGE_LOOP('',(#13906,#10571,#13909,#13910));
#13906=ORIENTED_EDGE('',*,*,#13907,.T.);
#13907=EDGE_CURVE('',#10501,#10568,#13908,.T.);
#13908=LINE('',#10502,#167);
#13909=ORIENTED_EDGE('',*,*,#13896,.F.);
#13910=ORIENTED_EDGE('',*,*,#10505,.F.);
#13911=CYLINDRICAL_SURFACE('',#13912,0.25);
#13912=AXIS2_PLACEMENT_3D('',#10465,#14,#9203);
#13913=ADVANCED_FACE('',(#13914),#13921,.F.);
#13914=FACE_BOUND('',#13915,.F.);
#13915=EDGE_LOOP('',(#13916,#10566,#13919,#13920));
#13916=ORIENTED_EDGE('',*,*,#13917,.T.);
#13917=EDGE_CURVE('',#10495,#10562,#13918,.T.);
#13918=LINE('',#10496,#167);
#13919=ORIENTED_EDGE('',*,*,#13907,.F.);
#13920=ORIENTED_EDGE('',*,*,#10500,.F.);
#13921=PLANE('',#13922);
#13922=AXIS2_PLACEMENT_3D('',#10496,#13120,#9197);
#13923=ADVANCED_FACE('',(#13924),#13931,.F.);
#13924=FACE_BOUND('',#13925,.F.);
#13925=EDGE_LOOP('',(#13926,#10560,#13929,#13930));
#13926=ORIENTED_EDGE('',*,*,#13927,.T.);
#13927=EDGE_CURVE('',#10490,#10557,#13928,.T.);
#13928=LINE('',#10491,#167);
#13929=ORIENTED_EDGE('',*,*,#13917,.F.);
#13930=ORIENTED_EDGE('',*,*,#10494,.F.);
#13931=CYLINDRICAL_SURFACE('',#10498,0.14);
#13932=ADVANCED_FACE('',(#13933),#13940,.F.);
#13933=FACE_BOUND('',#13934,.F.);
#13934=EDGE_LOOP('',(#13935,#10555,#13938,#13939));
#13935=ORIENTED_EDGE('',*,*,#13936,.T.);
#13936=EDGE_CURVE('',#10485,#10552,#13937,.T.);
#13937=LINE('',#10486,#167);
#13938=ORIENTED_EDGE('',*,*,#13927,.F.);
#13939=ORIENTED_EDGE('',*,*,#10489,.F.);
#13940=PLANE('',#13941);
#13941=AXIS2_PLACEMENT_3D('',#10486,#190,#182);
#13942=ADVANCED_FACE('',(#13943),#13950,.F.);
#13943=FACE_BOUND('',#13944,.F.);
#13944=EDGE_LOOP('',(#13945,#10550,#13948,#13949));
#13945=ORIENTED_EDGE('',*,*,#13946,.T.);
#13946=EDGE_CURVE('',#10480,#10547,#13947,.T.);
#13947=LINE('',#10481,#167);
#13948=ORIENTED_EDGE('',*,*,#13936,.F.);
#13949=ORIENTED_EDGE('',*,*,#10484,.F.);
#13950=PLANE('',#13951);
#13951=AXIS2_PLACEMENT_3D('',#10481,#182,#13);
#13952=ADVANCED_FACE('',(#13953),#13960,.F.);
#13953=FACE_BOUND('',#13954,.F.);
#13954=EDGE_LOOP('',(#13955,#10545,#13958,#13959));
#13955=ORIENTED_EDGE('',*,*,#13956,.T.);
#13956=EDGE_CURVE('',#10473,#10540,#13957,.T.);
#13957=LINE('',#10474,#167);
#13958=ORIENTED_EDGE('',*,*,#13946,.F.);
#13959=ORIENTED_EDGE('',*,*,#10479,.F.);
#13960=PLANE('',#13961);
#13961=AXIS2_PLACEMENT_3D('',#10474,#13,#154);
#13962=ADVANCED_FACE('',(#13963),#13970,.T.);
#13963=FACE_BOUND('',#13964,.F.);
#13964=EDGE_LOOP('',(#13965,#10538,#13968,#13969));
#13965=ORIENTED_EDGE('',*,*,#13966,.T.);
#13966=EDGE_CURVE('',#10468,#10535,#13967,.T.);
#13967=LINE('',#10469,#167);
#13968=ORIENTED_EDGE('',*,*,#13956,.F.);
#13969=ORIENTED_EDGE('',*,*,#10472,.F.);
#13970=CYLINDRICAL_SURFACE('',#13971,0.29);
#13971=AXIS2_PLACEMENT_3D('',#10477,#14,#9169);
#13972=ADVANCED_FACE('',(#13973),#13978,.F.);
#13973=FACE_BOUND('',#13974,.F.);
#13974=EDGE_LOOP('',(#13975,#10533,#13976,#13977));
#13975=ORIENTED_EDGE('',*,*,#10526,.T.);
#13976=ORIENTED_EDGE('',*,*,#13966,.F.);
#13977=ORIENTED_EDGE('',*,*,#10467,.F.);
#13978=PLANE('',#13979);
#13979=AXIS2_PLACEMENT_3D('',#10462,#13178,#9161);
#13980=ADVANCED_FACE('',(#13981),#13990,.F.);
#13981=FACE_BOUND('',#13982,.F.);
#13982=EDGE_LOOP('',(#13983,#13984,#10722,#13987,#13988,#13989));
#13983=ORIENTED_EDGE('',*,*,#10655,.F.);
#13984=ORIENTED_EDGE('',*,*,#13985,.T.);
#13985=EDGE_CURVE('',#10651,#10718,#13986,.T.);
#13986=LINE('',#10592,#167);
#13987=ORIENTED_EDGE('',*,*,#10743,.T.);
#13988=ORIENTED_EDGE('',*,*,#11249,.F.);
#13989=ORIENTED_EDGE('',*,*,#10588,.F.);
#13990=PLANE('',#13991);
#13991=AXIS2_PLACEMENT_3D('',#10592,#190,#182);
#13992=ADVANCED_FACE('',(#13993),#14000,.T.);
#13993=FACE_BOUND('',#13994,.F.);
#13994=EDGE_LOOP('',(#13995,#10716,#13998,#13999));
#13995=ORIENTED_EDGE('',*,*,#13996,.T.);
#13996=EDGE_CURVE('',#10646,#10713,#13997,.T.);
#13997=LINE('',#10647,#167);
#13998=ORIENTED_EDGE('',*,*,#13985,.F.);
#13999=ORIENTED_EDGE('',*,*,#10650,.F.);
#14000=CYLINDRICAL_SURFACE('',#14001,0.25);
#14001=AXIS2_PLACEMENT_3D('',#10610,#14,#9203);
#14002=ADVANCED_FACE('',(#14003),#14010,.F.);
#14003=FACE_BOUND('',#14004,.F.);
#14004=EDGE_LOOP('',(#14005,#10711,#14008,#14009));
#14005=ORIENTED_EDGE('',*,*,#14006,.T.);
#14006=EDGE_CURVE('',#10640,#10707,#14007,.T.);
#14007=LINE('',#10641,#167);
#14008=ORIENTED_EDGE('',*,*,#13996,.F.);
#14009=ORIENTED_EDGE('',*,*,#10645,.F.);
#14010=PLANE('',#14011);
#14011=AXIS2_PLACEMENT_3D('',#10641,#13120,#9197);
#14012=ADVANCED_FACE('',(#14013),#14020,.F.);
#14013=FACE_BOUND('',#14014,.F.);
#14014=EDGE_LOOP('',(#14015,#10705,#14018,#14019));
#14015=ORIENTED_EDGE('',*,*,#14016,.T.);
#14016=EDGE_CURVE('',#10635,#10702,#14017,.T.);
#14017=LINE('',#10636,#167);
#14018=ORIENTED_EDGE('',*,*,#14006,.F.);
#14019=ORIENTED_EDGE('',*,*,#10639,.F.);
#14020=CYLINDRICAL_SURFACE('',#10643,0.14);
#14021=ADVANCED_FACE('',(#14022),#14029,.F.);
#14022=FACE_BOUND('',#14023,.F.);
#14023=EDGE_LOOP('',(#14024,#10700,#14027,#14028));
#14024=ORIENTED_EDGE('',*,*,#14025,.T.);
#14025=EDGE_CURVE('',#10630,#10697,#14026,.T.);
#14026=LINE('',#10631,#167);
#14027=ORIENTED_EDGE('',*,*,#14016,.F.);
#14028=ORIENTED_EDGE('',*,*,#10634,.F.);
#14029=PLANE('',#14030);
#14030=AXIS2_PLACEMENT_3D('',#10631,#190,#182);
#14031=ADVANCED_FACE('',(#14032),#14039,.F.);
#14032=FACE_BOUND('',#14033,.F.);
#14033=EDGE_LOOP('',(#14034,#10695,#14037,#14038));
#14034=ORIENTED_EDGE('',*,*,#14035,.T.);
#14035=EDGE_CURVE('',#10625,#10692,#14036,.T.);
#14036=LINE('',#10626,#167);
#14037=ORIENTED_EDGE('',*,*,#14025,.F.);
#14038=ORIENTED_EDGE('',*,*,#10629,.F.);
#14039=PLANE('',#14040);
#14040=AXIS2_PLACEMENT_3D('',#10626,#182,#13);
#14041=ADVANCED_FACE('',(#14042),#14049,.F.);
#14042=FACE_BOUND('',#14043,.F.);
#14043=EDGE_LOOP('',(#14044,#10690,#14047,#14048));
#14044=ORIENTED_EDGE('',*,*,#14045,.T.);
#14045=EDGE_CURVE('',#10618,#10685,#14046,.T.);
#14046=LINE('',#10619,#167);
#14047=ORIENTED_EDGE('',*,*,#14035,.F.);
#14048=ORIENTED_EDGE('',*,*,#10624,.F.);
#14049=PLANE('',#14050);
#14050=AXIS2_PLACEMENT_3D('',#10619,#13,#154);
#14051=ADVANCED_FACE('',(#14052),#14059,.T.);
#14052=FACE_BOUND('',#14053,.F.);
#14053=EDGE_LOOP('',(#14054,#10683,#14057,#14058));
#14054=ORIENTED_EDGE('',*,*,#14055,.T.);
#14055=EDGE_CURVE('',#10613,#10680,#14056,.T.);
#14056=LINE('',#10614,#167);
#14057=ORIENTED_EDGE('',*,*,#14045,.F.);
#14058=ORIENTED_EDGE('',*,*,#10617,.F.);
#14059=CYLINDRICAL_SURFACE('',#14060,0.29);
#14060=AXIS2_PLACEMENT_3D('',#10622,#14,#9169);
#14061=ADVANCED_FACE('',(#14062),#14067,.F.);
#14062=FACE_BOUND('',#14063,.F.);
#14063=EDGE_LOOP('',(#14064,#10678,#14065,#14066));
#14064=ORIENTED_EDGE('',*,*,#10671,.T.);
#14065=ORIENTED_EDGE('',*,*,#14055,.F.);
#14066=ORIENTED_EDGE('',*,*,#10612,.F.);
#14067=PLANE('',#14068);
#14068=AXIS2_PLACEMENT_3D('',#10607,#13178,#9161);
#14069=ADVANCED_FACE('',(#14070),#14077,.T.);
#14070=FACE_BOUND('',#14071,.F.);
#14071=EDGE_LOOP('',(#14072,#10861,#14075,#14076));
#14072=ORIENTED_EDGE('',*,*,#14073,.T.);
#14073=EDGE_CURVE('',#10791,#10858,#14074,.T.);
#14074=LINE('',#10792,#167);
#14075=ORIENTED_EDGE('',*,*,#11206,.F.);
#14076=ORIENTED_EDGE('',*,*,#10795,.F.);
#14077=CYLINDRICAL_SURFACE('',#14078,0.25);
#14078=AXIS2_PLACEMENT_3D('',#10755,#14,#9203);
#14079=ADVANCED_FACE('',(#14080),#14087,.F.);
#14080=FACE_BOUND('',#14081,.F.);
#14081=EDGE_LOOP('',(#14082,#10856,#14085,#14086));
#14082=ORIENTED_EDGE('',*,*,#14083,.T.);
#14083=EDGE_CURVE('',#10785,#10852,#14084,.T.);
#14084=LINE('',#10786,#167);
#14085=ORIENTED_EDGE('',*,*,#14073,.F.);
#14086=ORIENTED_EDGE('',*,*,#10790,.F.);
#14087=PLANE('',#14088);
#14088=AXIS2_PLACEMENT_3D('',#10786,#13120,#9197);
#14089=ADVANCED_FACE('',(#14090),#14097,.F.);
#14090=FACE_BOUND('',#14091,.F.);
#14091=EDGE_LOOP('',(#14092,#10850,#14095,#14096));
#14092=ORIENTED_EDGE('',*,*,#14093,.T.);
#14093=EDGE_CURVE('',#10780,#10847,#14094,.T.);
#14094=LINE('',#10781,#167);
#14095=ORIENTED_EDGE('',*,*,#14083,.F.);
#14096=ORIENTED_EDGE('',*,*,#10784,.F.);
#14097=CYLINDRICAL_SURFACE('',#10788,0.14);
#14098=ADVANCED_FACE('',(#14099),#14106,.F.);
#14099=FACE_BOUND('',#14100,.F.);
#14100=EDGE_LOOP('',(#14101,#10845,#14104,#14105));
#14101=ORIENTED_EDGE('',*,*,#14102,.T.);
#14102=EDGE_CURVE('',#10775,#10842,#14103,.T.);
#14103=LINE('',#10776,#167);
#14104=ORIENTED_EDGE('',*,*,#14093,.F.);
#14105=ORIENTED_EDGE('',*,*,#10779,.F.);
#14106=PLANE('',#14107);
#14107=AXIS2_PLACEMENT_3D('',#10776,#190,#182);
#14108=ADVANCED_FACE('',(#14109),#14116,.F.);
#14109=FACE_BOUND('',#14110,.F.);
#14110=EDGE_LOOP('',(#14111,#10840,#14114,#14115));
#14111=ORIENTED_EDGE('',*,*,#14112,.T.);
#14112=EDGE_CURVE('',#10770,#10837,#14113,.T.);
#14113=LINE('',#10771,#167);
#14114=ORIENTED_EDGE('',*,*,#14102,.F.);
#14115=ORIENTED_EDGE('',*,*,#10774,.F.);
#14116=PLANE('',#14117);
#14117=AXIS2_PLACEMENT_3D('',#10771,#182,#13);
#14118=ADVANCED_FACE('',(#14119),#14126,.F.);
#14119=FACE_BOUND('',#14120,.F.);
#14120=EDGE_LOOP('',(#14121,#10835,#14124,#14125));
#14121=ORIENTED_EDGE('',*,*,#14122,.T.);
#14122=EDGE_CURVE('',#10763,#10830,#14123,.T.);
#14123=LINE('',#10764,#167);
#14124=ORIENTED_EDGE('',*,*,#14112,.F.);
#14125=ORIENTED_EDGE('',*,*,#10769,.F.);
#14126=PLANE('',#14127);
#14127=AXIS2_PLACEMENT_3D('',#10764,#13,#154);
#14128=ADVANCED_FACE('',(#14129),#14136,.T.);
#14129=FACE_BOUND('',#14130,.F.);
#14130=EDGE_LOOP('',(#14131,#10828,#14134,#14135));
#14131=ORIENTED_EDGE('',*,*,#14132,.T.);
#14132=EDGE_CURVE('',#10758,#10825,#14133,.T.);
#14133=LINE('',#10759,#167);
#14134=ORIENTED_EDGE('',*,*,#14122,.F.);
#14135=ORIENTED_EDGE('',*,*,#10762,.F.);
#14136=CYLINDRICAL_SURFACE('',#14137,0.29);
#14137=AXIS2_PLACEMENT_3D('',#10767,#14,#9169);
#14138=ADVANCED_FACE('',(#14139),#14144,.F.);
#14139=FACE_BOUND('',#14140,.F.);
#14140=EDGE_LOOP('',(#14141,#10823,#14142,#14143));
#14141=ORIENTED_EDGE('',*,*,#10816,.T.);
#14142=ORIENTED_EDGE('',*,*,#14132,.F.);
#14143=ORIENTED_EDGE('',*,*,#10757,.F.);
#14144=PLANE('',#14145);
#14145=AXIS2_PLACEMENT_3D('',#10752,#13178,#9161);
#14146=ADVANCED_FACE('',(#14147),#14150,.F.);
#14147=FACE_BOUND('',#14148,.T.);
#14148=EDGE_LOOP('',(#14149));
#14149=ORIENTED_EDGE('',*,*,#11032,.F.);
#14150=PLANE('',#11036);
#14151=( GEOMETRIC_REPRESENTATION_CONTEXT(3) GLOBAL_UNCERTAINTY_ASSIGNED_CONTEXT((#14155)) GLOBAL_UNIT_ASSIGNED_CONTEXT((#14152,#14153,#14154)) REPRESENTATION_CONTEXT('Context #1','3D Context with UNIT and UNCERTAINTY') );
#14152=( LENGTH_UNIT() NAMED_UNIT(*) SI_UNIT(.MILLI.,.METRE.) );
#14153=( NAMED_UNIT(*) PLANE_ANGLE_UNIT() SI_UNIT($,.RADIAN.) );
#14154=( NAMED_UNIT(*) SI_UNIT($,.STERADIAN.) SOLID_ANGLE_UNIT() );
#14155=UNCERTAINTY_MEASURE_WITH_UNIT(LENGTH_MEASURE(1.E-07),#14152,'distance_accuracy_value','confusion accuracy');
#14156=MECHANICAL_DESIGN_GEOMETRIC_PRESENTATION_REPRESENTATION('',(#14157,#14167,#14168,#14169,#14170,#14179,#14180,#14181,#14182,#14183,#14184,#14185,#14186,#14187,#14188,#14189,#14190,#14191,#14192,#14193,#14194,#14195,#14196,#14197,#14198,#14199,#14200,#14201,#14202,#14203,#14204,#14205,#14206,#14207,#14208,#14209,#14210,#14211,#14212,#14213,#14214,#14215,#14216,#14217,#14218,#14219,#14220,#14221,#14222,#14223,#14224,#14225,#14226,#14227,#14228,#14229,#14230,#14231,#14232,#14233,#14234,#14235,#14236,#14237,#14238,#14239,#14240,#14241,#14242,#14243,#14244,#14245,#14246,#14247,#14248,#14249,#14250,#14251,#14252,#14253,#14254,#14255,#14256,#14257,#14258,#14259,#14260,#14261,#14262,#14263,#14264,#14265,#14266,#14267,#14268,#14269,#14270,#14271,#14272,#14273,#14274,#14275,#14276,#14277,#14278,#14279,#14280,#14281,#14282,#14283,#14284,#14285,#14286,#14287,#14288,#14289,#14290,#14291,#14292,#14293,#14294,#14295,#14296,#14297,#14298,#14299,#14300,#14301,#14302,#14303,#14304,#14305,#14306,#14307,#14308,#14309,#14310,#14311,#14312,#14313,#14314,#14315,#14316,#14317,#14318,#14319,#14320,#14321,#14322,#14323,#14324,#14325,#14326,#14327,#14328,#14329,#14330,#14331,#14332,#14333,#14334,#14335,#14336,#14337,#14338,#14339,#14340,#14341,#14342,#14343,#14344,#14345,#14346,#14347,#14348,#14349,#14350,#14351,#14352,#14353,#14354,#14355,#14356,#14357,#14358,#14359,#14360,#14361,#14362,#14363,#14364,#14365,#14366,#14367,#14368,#14369,#14370,#14371,#14372,#14373,#14374,#14375,#14376,#14377,#14378,#14379,#14380,#14381,#14382,#14383,#14384,#14385,#14386,#14387,#14388,#14389,#14390,#14391,#14392,#14393,#14394,#14395,#14396,#14397,#14398,#14399,#14400,#14401,#14402,#14403,#14404,#14405,#14406,#14407,#14408,#14409,#14410,#14411,#14412,#14413,#14414,#14415,#14416,#14417,#14418,#14419,#14420,#14421,#14422,#14423,#14424,#14425,#14426,#14427,#14428,#14429,#14430,#14431,#14432,#14433,#14434,#14435,#14436,#14437,#14438,#14439,#14440,#14441,#14442,#14443,#14444,#14445,#14446,#14447,#14448,#14449,#14450,#14451,#14452,#14453,#14454,#14455,#14456,#14457,#14458,#14459,#14460,#14461,#14462,#14463,#14464,#14465,#14466,#14467,#14468,#14469,#14470,#14471,#14472,#14473,#14474,#14475,#14476,#14477,#14478,#14479,#14480,#14481,#14482,#14483,#14484,#14485,#14486,#14487,#14488,#14489,#14490,#14491,#14492,#14493,#14494,#14495,#14496,#14497,#14498,#14499,#14500,#14501,#14502,#14503,#14504,#14505,#14506,#14507,#14508,#14509,#14510,#14511,#14512,#14513,#14514,#14515,#14516,#14517,#14518,#14519,#14520,#14521,#14522,#14523,#14524,#14525,#14526,#14527,#14528,#14529,#14530,#14531,#14532,#14533,#14534,#14535,#14536,#14537,#14538,#14539,#14540,#14541,#14542,#14543,#14544,#14545,#14546,#14547,#14548,#14549,#14550,#14551,#14552,#14553,#14554,#14555,#14556,#14557,#14558,#14559,#14560,#14561,#14562,#14563,#14564,#14565,#14566,#14567,#14568,#14569,#14570,#14571,#14572,#14573,#14574,#14575,#14576,#14577,#14578,#14579,#14580,#14581,#14582,#14583,#14584,#14585,#14586,#14587,#14588,#14589,#14590,#14591,#14592,#14593,#14594,#14595,#14596,#14597,#14598,#14599,#14600,#14601,#14602,#14603,#14604,#14605,#14606,#14607,#14608,#14609,#14610,#14611,#14612,#14613,#14614,#14615,#14616,#14617,#14618,#14619,#14620,#14621,#14622,#14623,#14624,#14625,#14626,#14627,#14628,#14629,#14630,#14631,#14632,#14633,#14634,#14635,#14636,#14637,#14638,#14639,#14640,#14641,#14642,#14643,#14644,#14645,#14646,#14647,#14648,#14649,#14650,#14651,#14652,#14653,#14654,#14655,#14656,#14657,#14658,#14659,#14660,#14661,#14662,#14663,#14664,#14665,#14666,#14667,#14668,#14669,#14670,#14671,#14672,#14673,#14674,#14675,#14676,#14677,#14678,#14679,#14680,#14681,#14682,#14683,#14684,#14685,#14686,#14687,#14688,#14689,#14690,#14691,#14692,#14693,#14694,#14695,#14696,#14697,#14698,#14699,#14700,#14701,#14702,#14703,#14704,#14705,#14706,#14707,#14708,#14709,#14710,#14711,#14712,#14713,#14714,#14715,#14716,#14717,#14718,#14719,#14720,#14721,#14722,#14723,#14724,#14725,#14726,#14727,#14728,#14729,#14730,#14731,#14732,#14733,#14734,#14735,#14736,#14737,#14738,#14739,#14740,#14741,#14742,#14743,#14744,#14745,#14746,#14747,#14748,#14749,#14750,#14751,#14752,#14753,#14754,#14755,#14756,#14757,#14758,#14759,#14760,#14761,#14762,#14763,#14764,#14765,#14766,#14767,#14768,#14769,#14770,#14771,#14772,#14773,#14774,#14775,#14776,#14777,#14778,#14779,#14780,#14781,#14782,#14783,#14784,#14785,#14786,#14787,#14788,#14789,#14790,#14791,#14792,#14793,#14794,#14795,#14796,#14797,#14798,#14799,#14800,#14801,#14802,#14803,#14804,#14805,#14806,#14807,#14808,#14809,#14810,#14811,#14812,#14813,#14814,#14815,#14816,#14817,#14818,#14819,#14820,#14821,#14822,#14823,#14824,#14825,#14826,#14827,#14828,#14829,#14830,#14831,#14832,#14833,#14834,#14835,#14836,#14837,#14838,#14839,#14840,#14841,#14842,#14843,#14844,#14845,#14846,#14847,#14848,#14849,#14850,#14851,#14852,#14853,#14854,#14855,#14856,#14857,#14858,#14859,#14860,#14861,#14862,#14863,#14864,#14865,#14866,#14867,#14868,#14869,#14870,#14871,#14872,#14873,#14874,#14875,#14876,#14877,#14878,#14879,#14880,#14881,#14882,#14883,#14884,#14885,#14886,#14887,#14888,#14889,#14890,#14891,#14892,#14893,#14894,#14895,#14896,#14897,#14898,#14899,#14900,#14901,#14902,#14903,#14904,#14905,#14906,#14907,#14908,#14909,#14910,#14911,#14912,#14913,#14914,#14915,#14916,#14917,#14918,#14919,#14920),#14151);
#14157=STYLED_ITEM('color',(#14158),#17);
#14158=PRESENTATION_STYLE_ASSIGNMENT((#14159,#14165));
#14159=SURFACE_STYLE_USAGE(.BOTH.,#14160);
#14160=SURFACE_SIDE_STYLE('',(#14161));
#14161=SURFACE_STYLE_FILL_AREA(#14162);
#14162=FILL_AREA_STYLE('',(#14163));
#14163=FILL_AREA_STYLE_COLOUR('',#14164);
#14164=COLOUR_RGB('',0.147999998088,0.145000001626,0.145000001626);
#14165=CURVE_STYLE('',#14166,POSITIVE_LENGTH_MEASURE(0.1),#14164);
#14166=DRAUGHTING_PRE_DEFINED_CURVE_FONT('continuous');
#14167=STYLED_ITEM('color',(#14158),#138);
#14168=STYLED_ITEM('color',(#14158),#192);
#14169=STYLED_ITEM('color',(#14158),#205);
#14170=STYLED_ITEM('color',(#14171),#226);
#14171=PRESENTATION_STYLE_ASSIGNMENT((#14172,#14178));
#14172=SURFACE_STYLE_USAGE(.BOTH.,#14173);
#14173=SURFACE_SIDE_STYLE('',(#14174));
#14174=SURFACE_STYLE_FILL_AREA(#14175);
#14175=FILL_AREA_STYLE('',(#14176));
#14176=FILL_AREA_STYLE_COLOUR('',#14177);
#14177=COLOUR_RGB('',0.823999987314,0.819999987296,0.781000009244);
#14178=CURVE_STYLE('',#14166,POSITIVE_LENGTH_MEASURE(0.1),#14177);
#14179=STYLED_ITEM('color',(#14158),#247);
#14180=STYLED_ITEM('color',(#14171),#265);
#14181=STYLED_ITEM('color',(#14158),#286);
#14182=STYLED_ITEM('color',(#14171),#304);
#14183=STYLED_ITEM('color',(#14158),#325);
#14184=STYLED_ITEM('color',(#14171),#343);
#14185=STYLED_ITEM('color',(#14158),#364);
#14186=STYLED_ITEM('color',(#14171),#382);
#14187=STYLED_ITEM('color',(#14158),#403);
#14188=STYLED_ITEM('color',(#14171),#421);
#14189=STYLED_ITEM('color',(#14158),#442);
#14190=STYLED_ITEM('color',(#14171),#460);
#14191=STYLED_ITEM('color',(#14158),#481);
#14192=STYLED_ITEM('color',(#14171),#499);
#14193=STYLED_ITEM('color',(#14158),#520);
#14194=STYLED_ITEM('color',(#14171),#538);
#14195=STYLED_ITEM('color',(#14158),#559);
#14196=STYLED_ITEM('color',(#14171),#577);
#14197=STYLED_ITEM('color',(#14158),#598);
#14198=STYLED_ITEM('color',(#14171),#616);
#14199=STYLED_ITEM('color',(#14158),#637);
#14200=STYLED_ITEM('color',(#14171),#655);
#14201=STYLED_ITEM('color',(#14158),#676);
#14202=STYLED_ITEM('color',(#14158),#693);
#14203=STYLED_ITEM('color',(#14158),#706);
#14204=STYLED_ITEM('color',(#14158),#815);
#14205=STYLED_ITEM('color',(#14158),#924);
#14206=STYLED_ITEM('color',(#14158),#937);
#14207=STYLED_ITEM('color',(#14158),#950);
#14208=STYLED_ITEM('color',(#14158),#1055);
#14209=STYLED_ITEM('color',(#14158),#1070);
#14210=STYLED_ITEM('color',(#14158),#1085);
#14211=STYLED_ITEM('color',(#14171),#1125);
#14212=STYLED_ITEM('color',(#14171),#1191);
#14213=STYLED_ITEM('color',(#14171),#1207);
#14214=STYLED_ITEM('color',(#14158),#1260);
#14215=STYLED_ITEM('color',(#14171),#1276);
#14216=STYLED_ITEM('color',(#14171),#1336);
#14217=STYLED_ITEM('color',(#14171),#1352);
#14218=STYLED_ITEM('color',(#14158),#1405);
#14219=STYLED_ITEM('color',(#14171),#1421);
#14220=STYLED_ITEM('color',(#14171),#1481);
#14221=STYLED_ITEM('color',(#14171),#1497);
#14222=STYLED_ITEM('color',(#14158),#1550);
#14223=STYLED_ITEM('color',(#14171),#1566);
#14224=STYLED_ITEM('color',(#14171),#1626);
#14225=STYLED_ITEM('color',(#14171),#1642);
#14226=STYLED_ITEM('color',(#14158),#1695);
#14227=STYLED_ITEM('color',(#14171),#1711);
#14228=STYLED_ITEM('color',(#14171),#1771);
#14229=STYLED_ITEM('color',(#14171),#1787);
#14230=STYLED_ITEM('color',(#14158),#1840);
#14231=STYLED_ITEM('color',(#14171),#1856);
#14232=STYLED_ITEM('color',(#14171),#1916);
#14233=STYLED_ITEM('color',(#14171),#1932);
#14234=STYLED_ITEM('color',(#14158),#1985);
#14235=STYLED_ITEM('color',(#14171),#2001);
#14236=STYLED_ITEM('color',(#14171),#2061);
#14237=STYLED_ITEM('color',(#14171),#2077);
#14238=STYLED_ITEM('color',(#14158),#2130);
#14239=STYLED_ITEM('color',(#14171),#2146);
#14240=STYLED_ITEM('color',(#14171),#2206);
#14241=STYLED_ITEM('color',(#14171),#2222);
#14242=STYLED_ITEM('color',(#14158),#2275);
#14243=STYLED_ITEM('color',(#14171),#2291);
#14244=STYLED_ITEM('color',(#14171),#2351);
#14245=STYLED_ITEM('color',(#14171),#2367);
#14246=STYLED_ITEM('color',(#14158),#2420);
#14247=STYLED_ITEM('color',(#14171),#2436);
#14248=STYLED_ITEM('color',(#14171),#2496);
#14249=STYLED_ITEM('color',(#14171),#2512);
#14250=STYLED_ITEM('color',(#14158),#2565);
#14251=STYLED_ITEM('color',(#14171),#2581);
#14252=STYLED_ITEM('color',(#14171),#2641);
#14253=STYLED_ITEM('color',(#14171),#2657);
#14254=STYLED_ITEM('color',(#14158),#2710);
#14255=STYLED_ITEM('color',(#14171),#2726);
#14256=STYLED_ITEM('color',(#14171),#2786);
#14257=STYLED_ITEM('color',(#14171),#2802);
#14258=STYLED_ITEM('color',(#14158),#2855);
#14259=STYLED_ITEM('color',(#14158),#2887);
#14260=STYLED_ITEM('color',(#14171),#2905);
#14261=STYLED_ITEM('color',(#14158),#2926);
#14262=STYLED_ITEM('color',(#14171),#2944);
#14263=STYLED_ITEM('color',(#14158),#2965);
#14264=STYLED_ITEM('color',(#14171),#2983);
#14265=STYLED_ITEM('color',(#14158),#3004);
#14266=STYLED_ITEM('color',(#14171),#3022);
#14267=STYLED_ITEM('color',(#14158),#3043);
#14268=STYLED_ITEM('color',(#14171),#3061);
#14269=STYLED_ITEM('color',(#14158),#3082);
#14270=STYLED_ITEM('color',(#14171),#3100);
#14271=STYLED_ITEM('color',(#14158),#3121);
#14272=STYLED_ITEM('color',(#14171),#3139);
#14273=STYLED_ITEM('color',(#14158),#3160);
#14274=STYLED_ITEM('color',(#14171),#3178);
#14275=STYLED_ITEM('color',(#14158),#3199);
#14276=STYLED_ITEM('color',(#14171),#3217);
#14277=STYLED_ITEM('color',(#14158),#3238);
#14278=STYLED_ITEM('color',(#14171),#3256);
#14279=STYLED_ITEM('color',(#14158),#3277);
#14280=STYLED_ITEM('color',(#14171),#3295);
#14281=STYLED_ITEM('color',(#14158),#3316);
#14282=STYLED_ITEM('color',(#14171),#3334);
#14283=STYLED_ITEM('color',(#14158),#3355);
#14284=STYLED_ITEM('color',(#14158),#3365);
#14285=STYLED_ITEM('color',(#14171),#3377);
#14286=STYLED_ITEM('color',(#14158),#3398);
#14287=STYLED_ITEM('color',(#14171),#3416);
#14288=STYLED_ITEM('color',(#14158),#3437);
#14289=STYLED_ITEM('color',(#14171),#3455);
#14290=STYLED_ITEM('color',(#14158),#3476);
#14291=STYLED_ITEM('color',(#14171),#3494);
#14292=STYLED_ITEM('color',(#14158),#3515);
#14293=STYLED_ITEM('color',(#14171),#3533);
#14294=STYLED_ITEM('color',(#14158),#3554);
#14295=STYLED_ITEM('color',(#14171),#3572);
#14296=STYLED_ITEM('color',(#14158),#3593);
#14297=STYLED_ITEM('color',(#14171),#3611);
#14298=STYLED_ITEM('color',(#14158),#3632);
#14299=STYLED_ITEM('color',(#14171),#3650);
#14300=STYLED_ITEM('color',(#14158),#3671);
#14301=STYLED_ITEM('color',(#14171),#3689);
#14302=STYLED_ITEM('color',(#14158),#3710);
#14303=STYLED_ITEM('color',(#14171),#3728);
#14304=STYLED_ITEM('color',(#14158),#3749);
#14305=STYLED_ITEM('color',(#14171),#3767);
#14306=STYLED_ITEM('color',(#14158),#3788);
#14307=STYLED_ITEM('color',(#14171),#3806);
#14308=STYLED_ITEM('color',(#14158),#3827);
#14309=STYLED_ITEM('color',(#14158),#3844);
#14310=STYLED_ITEM('color',(#14158),#3859);
#14311=STYLED_ITEM('color',(#14158),#3874);
#14312=STYLED_ITEM('color',(#14171),#3890);
#14313=STYLED_ITEM('color',(#14158),#3911);
#14314=STYLED_ITEM('color',(#14171),#3929);
#14315=STYLED_ITEM('color',(#14158),#3950);
#14316=STYLED_ITEM('color',(#14171),#3968);
#14317=STYLED_ITEM('color',(#14158),#3989);
#14318=STYLED_ITEM('color',(#14171),#4007);
#14319=STYLED_ITEM('color',(#14158),#4028);
#14320=STYLED_ITEM('color',(#14171),#4046);
#14321=STYLED_ITEM('color',(#14158),#4067);
#14322=STYLED_ITEM('color',(#14171),#4085);
#14323=STYLED_ITEM('color',(#14158),#4106);
#14324=STYLED_ITEM('color',(#14171),#4124);
#14325=STYLED_ITEM('color',(#14158),#4145);
#14326=STYLED_ITEM('color',(#14171),#4163);
#14327=STYLED_ITEM('color',(#14158),#4184);
#14328=STYLED_ITEM('color',(#14171),#4202);
#14329=STYLED_ITEM('color',(#14158),#4223);
#14330=STYLED_ITEM('color',(#14171),#4241);
#14331=STYLED_ITEM('color',(#14158),#4262);
#14332=STYLED_ITEM('color',(#14171),#4280);
#14333=STYLED_ITEM('color',(#14158),#4301);
#14334=STYLED_ITEM('color',(#14171),#4319);
#14335=STYLED_ITEM('color',(#14158),#4340);
#14336=STYLED_ITEM('color',(#14171),#4353);
#14337=STYLED_ITEM('color',(#14158),#4376);
#14338=STYLED_ITEM('color',(#14158),#4486);
#14339=STYLED_ITEM('color',(#14158),#4500);
#14340=STYLED_ITEM('color',(#14171),#4550);
#14341=STYLED_ITEM('color',(#14171),#4562);
#14342=STYLED_ITEM('color',(#14171),#4572);
#14343=STYLED_ITEM('color',(#14171),#4583);
#14344=STYLED_ITEM('color',(#14171),#4592);
#14345=STYLED_ITEM('color',(#14171),#4602);
#14346=STYLED_ITEM('color',(#14171),#4612);
#14347=STYLED_ITEM('color',(#14171),#4622);
#14348=STYLED_ITEM('color',(#14171),#4632);
#14349=STYLED_ITEM('color',(#14171),#4641);
#14350=STYLED_ITEM('color',(#14171),#4653);
#14351=STYLED_ITEM('color',(#14171),#4663);
#14352=STYLED_ITEM('color',(#14171),#4673);
#14353=STYLED_ITEM('color',(#14171),#4682);
#14354=STYLED_ITEM('color',(#14171),#4692);
#14355=STYLED_ITEM('color',(#14171),#4702);
#14356=STYLED_ITEM('color',(#14171),#4712);
#14357=STYLED_ITEM('color',(#14171),#4722);
#14358=STYLED_ITEM('color',(#14171),#4730);
#14359=STYLED_ITEM('color',(#14171),#4742);
#14360=STYLED_ITEM('color',(#14171),#4752);
#14361=STYLED_ITEM('color',(#14171),#4762);
#14362=STYLED_ITEM('color',(#14171),#4771);
#14363=STYLED_ITEM('color',(#14171),#4781);
#14364=STYLED_ITEM('color',(#14171),#4791);
#14365=STYLED_ITEM('color',(#14171),#4801);
#14366=STYLED_ITEM('color',(#14171),#4811);
#14367=STYLED_ITEM('color',(#14171),#4819);
#14368=STYLED_ITEM('color',(#14171),#4831);
#14369=STYLED_ITEM('color',(#14171),#4841);
#14370=STYLED_ITEM('color',(#14171),#4851);
#14371=STYLED_ITEM('color',(#14171),#4860);
#14372=STYLED_ITEM('color',(#14171),#4870);
#14373=STYLED_ITEM('color',(#14171),#4880);
#14374=STYLED_ITEM('color',(#14171),#4890);
#14375=STYLED_ITEM('color',(#14171),#4900);
#14376=STYLED_ITEM('color',(#14171),#4908);
#14377=STYLED_ITEM('color',(#14171),#4920);
#14378=STYLED_ITEM('color',(#14171),#4930);
#14379=STYLED_ITEM('color',(#14171),#4940);
#14380=STYLED_ITEM('color',(#14171),#4949);
#14381=STYLED_ITEM('color',(#14171),#4959);
#14382=STYLED_ITEM('color',(#14171),#4969);
#14383=STYLED_ITEM('color',(#14171),#4979);
#14384=STYLED_ITEM('color',(#14171),#4989);
#14385=STYLED_ITEM('color',(#14171),#4997);
#14386=STYLED_ITEM('color',(#14171),#5009);
#14387=STYLED_ITEM('color',(#14171),#5019);
#14388=STYLED_ITEM('color',(#14171),#5029);
#14389=STYLED_ITEM('color',(#14171),#5038);
#14390=STYLED_ITEM('color',(#14171),#5048);
#14391=STYLED_ITEM('color',(#14171),#5058);
#14392=STYLED_ITEM('color',(#14171),#5068);
#14393=STYLED_ITEM('color',(#14171),#5078);
#14394=STYLED_ITEM('color',(#14171),#5086);
#14395=STYLED_ITEM('color',(#14171),#5098);
#14396=STYLED_ITEM('color',(#14171),#5108);
#14397=STYLED_ITEM('color',(#14171),#5118);
#14398=STYLED_ITEM('color',(#14171),#5127);
#14399=STYLED_ITEM('color',(#14171),#5137);
#14400=STYLED_ITEM('color',(#14171),#5147);
#14401=STYLED_ITEM('color',(#14171),#5157);
#14402=STYLED_ITEM('color',(#14171),#5167);
#14403=STYLED_ITEM('color',(#14171),#5175);
#14404=STYLED_ITEM('color',(#14171),#5187);
#14405=STYLED_ITEM('color',(#14171),#5197);
#14406=STYLED_ITEM('color',(#14171),#5207);
#14407=STYLED_ITEM('color',(#14171),#5216);
#14408=STYLED_ITEM('color',(#14171),#5226);
#14409=STYLED_ITEM('color',(#14171),#5236);
#14410=STYLED_ITEM('color',(#14171),#5246);
#14411=STYLED_ITEM('color',(#14171),#5256);
#14412=STYLED_ITEM('color',(#14171),#5264);
#14413=STYLED_ITEM('color',(#14171),#5276);
#14414=STYLED_ITEM('color',(#14171),#5286);
#14415=STYLED_ITEM('color',(#14171),#5296);
#14416=STYLED_ITEM('color',(#14171),#5305);
#14417=STYLED_ITEM('color',(#14171),#5315);
#14418=STYLED_ITEM('color',(#14171),#5325);
#14419=STYLED_ITEM('color',(#14171),#5335);
#14420=STYLED_ITEM('color',(#14171),#5345);
#14421=STYLED_ITEM('color',(#14171),#5353);
#14422=STYLED_ITEM('color',(#14171),#5365);
#14423=STYLED_ITEM('color',(#14171),#5375);
#14424=STYLED_ITEM('color',(#14171),#5385);
#14425=STYLED_ITEM('color',(#14171),#5394);
#14426=STYLED_ITEM('color',(#14171),#5404);
#14427=STYLED_ITEM('color',(#14171),#5414);
#14428=STYLED_ITEM('color',(#14171),#5424);
#14429=STYLED_ITEM('color',(#14171),#5434);
#14430=STYLED_ITEM('color',(#14171),#5442);
#14431=STYLED_ITEM('color',(#14171),#5454);
#14432=STYLED_ITEM('color',(#14171),#5464);
#14433=STYLED_ITEM('color',(#14171),#5474);
#14434=STYLED_ITEM('color',(#14171),#5483);
#14435=STYLED_ITEM('color',(#14171),#5493);
#14436=STYLED_ITEM('color',(#14171),#5503);
#14437=STYLED_ITEM('color',(#14171),#5513);
#14438=STYLED_ITEM('color',(#14171),#5523);
#14439=STYLED_ITEM('color',(#14171),#5531);
#14440=STYLED_ITEM('color',(#14171),#5543);
#14441=STYLED_ITEM('color',(#14171),#5553);
#14442=STYLED_ITEM('color',(#14171),#5563);
#14443=STYLED_ITEM('color',(#14171),#5572);
#14444=STYLED_ITEM('color',(#14171),#5582);
#14445=STYLED_ITEM('color',(#14171),#5592);
#14446=STYLED_ITEM('color',(#14171),#5602);
#14447=STYLED_ITEM('color',(#14171),#5612);
#14448=STYLED_ITEM('color',(#14158),#5620);
#14449=STYLED_ITEM('color',(#14158),#5634);
#14450=STYLED_ITEM('color',(#14171),#5744);
#14451=STYLED_ITEM('color',(#14158),#5764);
#14452=STYLED_ITEM('color',(#14171),#5790);
#14453=STYLED_ITEM('color',(#14171),#5856);
#14454=STYLED_ITEM('color',(#14171),#5872);
#14455=STYLED_ITEM('color',(#14158),#5925);
#14456=STYLED_ITEM('color',(#14171),#5936);
#14457=STYLED_ITEM('color',(#14171),#5996);
#14458=STYLED_ITEM('color',(#14171),#6012);
#14459=STYLED_ITEM('color',(#14158),#6065);
#14460=STYLED_ITEM('color',(#14171),#6076);
#14461=STYLED_ITEM('color',(#14171),#6136);
#14462=STYLED_ITEM('color',(#14171),#6152);
#14463=STYLED_ITEM('color',(#14158),#6205);
#14464=STYLED_ITEM('color',(#14171),#6216);
#14465=STYLED_ITEM('color',(#14171),#6276);
#14466=STYLED_ITEM('color',(#14171),#6292);
#14467=STYLED_ITEM('color',(#14158),#6345);
#14468=STYLED_ITEM('color',(#14171),#6356);
#14469=STYLED_ITEM('color',(#14171),#6416);
#14470=STYLED_ITEM('color',(#14171),#6432);
#14471=STYLED_ITEM('color',(#14158),#6485);
#14472=STYLED_ITEM('color',(#14171),#6496);
#14473=STYLED_ITEM('color',(#14171),#6556);
#14474=STYLED_ITEM('color',(#14171),#6572);
#14475=STYLED_ITEM('color',(#14158),#6625);
#14476=STYLED_ITEM('color',(#14171),#6636);
#14477=STYLED_ITEM('color',(#14171),#6696);
#14478=STYLED_ITEM('color',(#14171),#6712);
#14479=STYLED_ITEM('color',(#14158),#6765);
#14480=STYLED_ITEM('color',(#14171),#6776);
#14481=STYLED_ITEM('color',(#14171),#6836);
#14482=STYLED_ITEM('color',(#14171),#6852);
#14483=STYLED_ITEM('color',(#14158),#6905);
#14484=STYLED_ITEM('color',(#14171),#6916);
#14485=STYLED_ITEM('color',(#14171),#6976);
#14486=STYLED_ITEM('color',(#14171),#6992);
#14487=STYLED_ITEM('color',(#14158),#7045);
#14488=STYLED_ITEM('color',(#14171),#7056);
#14489=STYLED_ITEM('color',(#14171),#7116);
#14490=STYLED_ITEM('color',(#14171),#7132);
#14491=STYLED_ITEM('color',(#14158),#7185);
#14492=STYLED_ITEM('color',(#14171),#7196);
#14493=STYLED_ITEM('color',(#14171),#7256);
#14494=STYLED_ITEM('color',(#14171),#7272);
#14495=STYLED_ITEM('color',(#14158),#7325);
#14496=STYLED_ITEM('color',(#14171),#7333);
#14497=STYLED_ITEM('color',(#14171),#7391);
#14498=STYLED_ITEM('color',(#14171),#7407);
#14499=STYLED_ITEM('color',(#14171),#7455);
#14500=STYLED_ITEM('color',(#14171),#7519);
#14501=STYLED_ITEM('color',(#14171),#7535);
#14502=STYLED_ITEM('color',(#14158),#7583);
#14503=STYLED_ITEM('color',(#14171),#7593);
#14504=STYLED_ITEM('color',(#14171),#7653);
#14505=STYLED_ITEM('color',(#14171),#7669);
#14506=STYLED_ITEM('color',(#14158),#7722);
#14507=STYLED_ITEM('color',(#14171),#7733);
#14508=STYLED_ITEM('color',(#14171),#7793);
#14509=STYLED_ITEM('color',(#14171),#7809);
#14510=STYLED_ITEM('color',(#14158),#7862);
#14511=STYLED_ITEM('color',(#14171),#7873);
#14512=STYLED_ITEM('color',(#14171),#7933);
#14513=STYLED_ITEM('color',(#14171),#7949);
#14514=STYLED_ITEM('color',(#14158),#8002);
#14515=STYLED_ITEM('color',(#14171),#8013);
#14516=STYLED_ITEM('color',(#14171),#8073);
#14517=STYLED_ITEM('color',(#14171),#8089);
#14518=STYLED_ITEM('color',(#14158),#8142);
#14519=STYLED_ITEM('color',(#14171),#8153);
#14520=STYLED_ITEM('color',(#14171),#8213);
#14521=STYLED_ITEM('color',(#14171),#8229);
#14522=STYLED_ITEM('color',(#14158),#8282);
#14523=STYLED_ITEM('color',(#14171),#8293);
#14524=STYLED_ITEM('color',(#14171),#8353);
#14525=STYLED_ITEM('color',(#14171),#8369);
#14526=STYLED_ITEM('color',(#14158),#8422);
#14527=STYLED_ITEM('color',(#14171),#8433);
#14528=STYLED_ITEM('color',(#14171),#8493);
#14529=STYLED_ITEM('color',(#14171),#8509);
#14530=STYLED_ITEM('color',(#14158),#8562);
#14531=STYLED_ITEM('color',(#14171),#8573);
#14532=STYLED_ITEM('color',(#14171),#8633);
#14533=STYLED_ITEM('color',(#14171),#8649);
#14534=STYLED_ITEM('color',(#14158),#8702);
#14535=STYLED_ITEM('color',(#14171),#8713);
#14536=STYLED_ITEM('color',(#14171),#8773);
#14537=STYLED_ITEM('color',(#14171),#8789);
#14538=STYLED_ITEM('color',(#14158),#8842);
#14539=STYLED_ITEM('color',(#14171),#8853);
#14540=STYLED_ITEM('color',(#14171),#8913);
#14541=STYLED_ITEM('color',(#14171),#8929);
#14542=STYLED_ITEM('color',(#14158),#8982);
#14543=STYLED_ITEM('color',(#14171),#8993);
#14544=STYLED_ITEM('color',(#14171),#9053);
#14545=STYLED_ITEM('color',(#14171),#9069);
#14546=STYLED_ITEM('color',(#14158),#9122);
#14547=STYLED_ITEM('color',(#14171),#9143);
#14548=STYLED_ITEM('color',(#14171),#9209);
#14549=STYLED_ITEM('color',(#14171),#9225);
#14550=STYLED_ITEM('color',(#14158),#9278);
#14551=STYLED_ITEM('color',(#14171),#9294);
#14552=STYLED_ITEM('color',(#14171),#9354);
#14553=STYLED_ITEM('color',(#14171),#9370);
#14554=STYLED_ITEM('color',(#14158),#9423);
#14555=STYLED_ITEM('color',(#14171),#9439);
#14556=STYLED_ITEM('color',(#14171),#9499);
#14557=STYLED_ITEM('color',(#14171),#9515);
#14558=STYLED_ITEM('color',(#14158),#9568);
#14559=STYLED_ITEM('color',(#14171),#9584);
#14560=STYLED_ITEM('color',(#14171),#9644);
#14561=STYLED_ITEM('color',(#14171),#9660);
#14562=STYLED_ITEM('color',(#14158),#9713);
#14563=STYLED_ITEM('color',(#14171),#9729);
#14564=STYLED_ITEM('color',(#14171),#9789);
#14565=STYLED_ITEM('color',(#14171),#9805);
#14566=STYLED_ITEM('color',(#14158),#9858);
#14567=STYLED_ITEM('color',(#14171),#9874);
#14568=STYLED_ITEM('color',(#14171),#9934);
#14569=STYLED_ITEM('color',(#14171),#9950);
#14570=STYLED_ITEM('color',(#14158),#10003);
#14571=STYLED_ITEM('color',(#14171),#10019);
#14572=STYLED_ITEM('color',(#14171),#10079);
#14573=STYLED_ITEM('color',(#14171),#10095);
#14574=STYLED_ITEM('color',(#14158),#10148);
#14575=STYLED_ITEM('color',(#14171),#10164);
#14576=STYLED_ITEM('color',(#14171),#10224);
#14577=STYLED_ITEM('color',(#14171),#10240);
#14578=STYLED_ITEM('color',(#14158),#10293);
#14579=STYLED_ITEM('color',(#14171),#10309);
#14580=STYLED_ITEM('color',(#14171),#10369);
#14581=STYLED_ITEM('color',(#14171),#10385);
#14582=STYLED_ITEM('color',(#14158),#10438);
#14583=STYLED_ITEM('color',(#14171),#10454);
#14584=STYLED_ITEM('color',(#14171),#10514);
#14585=STYLED_ITEM('color',(#14171),#10530);
#14586=STYLED_ITEM('color',(#14158),#10583);
#14587=STYLED_ITEM('color',(#14171),#10599);
#14588=STYLED_ITEM('color',(#14171),#10659);
#14589=STYLED_ITEM('color',(#14171),#10675);
#14590=STYLED_ITEM('color',(#14158),#10728);
#14591=STYLED_ITEM('color',(#14171),#10744);
#14592=STYLED_ITEM('color',(#14171),#10804);
#14593=STYLED_ITEM('color',(#14171),#10820);
#14594=STYLED_ITEM('color',(#14171),#10871);
#14595=STYLED_ITEM('color',(#14171),#10881);
#14596=STYLED_ITEM('color',(#14171),#10893);
#14597=STYLED_ITEM('color',(#14171),#10905);
#14598=STYLED_ITEM('color',(#14171),#10917);
#14599=STYLED_ITEM('color',(#14171),#10929);
#14600=STYLED_ITEM('color',(#14171),#10941);
#14601=STYLED_ITEM('color',(#14171),#10953);
#14602=STYLED_ITEM('color',(#14171),#10965);
#14603=STYLED_ITEM('color',(#14171),#10977);
#14604=STYLED_ITEM('color',(#14171),#10989);
#14605=STYLED_ITEM('color',(#14171),#11001);
#14606=STYLED_ITEM('color',(#14158),#11013);
#14607=STYLED_ITEM('color',(#14158),#11041);
#14608=STYLED_ITEM('color',(#14171),#11050);
#14609=STYLED_ITEM('color',(#14171),#11062);
#14610=STYLED_ITEM('color',(#14171),#11074);
#14611=STYLED_ITEM('color',(#14171),#11086);
#14612=STYLED_ITEM('color',(#14171),#11098);
#14613=STYLED_ITEM('color',(#14171),#11110);
#14614=STYLED_ITEM('color',(#14171),#11122);
#14615=STYLED_ITEM('color',(#14171),#11134);
#14616=STYLED_ITEM('color',(#14171),#11146);
#14617=STYLED_ITEM('color',(#14171),#11158);
#14618=STYLED_ITEM('color',(#14171),#11170);
#14619=STYLED_ITEM('color',(#14158),#11182);
#14620=STYLED_ITEM('color',(#14171),#11191);
#14621=STYLED_ITEM('color',(#14171),#11201);
#14622=STYLED_ITEM('color',(#14158),#11214);
#14623=STYLED_ITEM('color',(#14171),#11256);
#14624=STYLED_ITEM('color',(#14171),#11266);
#14625=STYLED_ITEM('color',(#14171),#11277);
#14626=STYLED_ITEM('color',(#14171),#11286);
#14627=STYLED_ITEM('color',(#14171),#11296);
#14628=STYLED_ITEM('color',(#14171),#11306);
#14629=STYLED_ITEM('color',(#14171),#11316);
#14630=STYLED_ITEM('color',(#14171),#11326);
#14631=STYLED_ITEM('color',(#14171),#11335);
#14632=STYLED_ITEM('color',(#14171),#11345);
#14633=STYLED_ITEM('color',(#14171),#11355);
#14634=STYLED_ITEM('color',(#14171),#11364);
#14635=STYLED_ITEM('color',(#14171),#11374);
#14636=STYLED_ITEM('color',(#14171),#11384);
#14637=STYLED_ITEM('color',(#14171),#11394);
#14638=STYLED_ITEM('color',(#14171),#11404);
#14639=STYLED_ITEM('color',(#14171),#11412);
#14640=STYLED_ITEM('color',(#14171),#11422);
#14641=STYLED_ITEM('color',(#14171),#11432);
#14642=STYLED_ITEM('color',(#14171),#11441);
#14643=STYLED_ITEM('color',(#14171),#11451);
#14644=STYLED_ITEM('color',(#14171),#11461);
#14645=STYLED_ITEM('color',(#14171),#11471);
#14646=STYLED_ITEM('color',(#14171),#11481);
#14647=STYLED_ITEM('color',(#14171),#11489);
#14648=STYLED_ITEM('color',(#14171),#11499);
#14649=STYLED_ITEM('color',(#14171),#11509);
#14650=STYLED_ITEM('color',(#14171),#11518);
#14651=STYLED_ITEM('color',(#14171),#11528);
#14652=STYLED_ITEM('color',(#14171),#11538);
#14653=STYLED_ITEM('color',(#14171),#11548);
#14654=STYLED_ITEM('color',(#14171),#11558);
#14655=STYLED_ITEM('color',(#14171),#11566);
#14656=STYLED_ITEM('color',(#14171),#11576);
#14657=STYLED_ITEM('color',(#14171),#11586);
#14658=STYLED_ITEM('color',(#14171),#11595);
#14659=STYLED_ITEM('color',(#14171),#11605);
#14660=STYLED_ITEM('color',(#14171),#11615);
#14661=STYLED_ITEM('color',(#14171),#11625);
#14662=STYLED_ITEM('color',(#14171),#11635);
#14663=STYLED_ITEM('color',(#14171),#11643);
#14664=STYLED_ITEM('color',(#14171),#11653);
#14665=STYLED_ITEM('color',(#14171),#11663);
#14666=STYLED_ITEM('color',(#14171),#11672);
#14667=STYLED_ITEM('color',(#14171),#11682);
#14668=STYLED_ITEM('color',(#14171),#11692);
#14669=STYLED_ITEM('color',(#14171),#11702);
#14670=STYLED_ITEM('color',(#14171),#11712);
#14671=STYLED_ITEM('color',(#14171),#11720);
#14672=STYLED_ITEM('color',(#14171),#11730);
#14673=STYLED_ITEM('color',(#14171),#11740);
#14674=STYLED_ITEM('color',(#14171),#11749);
#14675=STYLED_ITEM('color',(#14171),#11759);
#14676=STYLED_ITEM('color',(#14171),#11769);
#14677=STYLED_ITEM('color',(#14171),#11779);
#14678=STYLED_ITEM('color',(#14171),#11789);
#14679=STYLED_ITEM('color',(#14171),#11797);
#14680=STYLED_ITEM('color',(#14171),#11807);
#14681=STYLED_ITEM('color',(#14171),#11817);
#14682=STYLED_ITEM('color',(#14171),#11826);
#14683=STYLED_ITEM('color',(#14171),#11836);
#14684=STYLED_ITEM('color',(#14171),#11846);
#14685=STYLED_ITEM('color',(#14171),#11856);
#14686=STYLED_ITEM('color',(#14171),#11866);
#14687=STYLED_ITEM('color',(#14171),#11874);
#14688=STYLED_ITEM('color',(#14171),#11884);
#14689=STYLED_ITEM('color',(#14171),#11894);
#14690=STYLED_ITEM('color',(#14171),#11903);
#14691=STYLED_ITEM('color',(#14171),#11913);
#14692=STYLED_ITEM('color',(#14171),#11923);
#14693=STYLED_ITEM('color',(#14171),#11933);
#14694=STYLED_ITEM('color',(#14171),#11943);
#14695=STYLED_ITEM('color',(#14171),#11951);
#14696=STYLED_ITEM('color',(#14171),#11961);
#14697=STYLED_ITEM('color',(#14171),#11971);
#14698=STYLED_ITEM('color',(#14171),#11980);
#14699=STYLED_ITEM('color',(#14171),#11990);
#14700=STYLED_ITEM('color',(#14171),#12000);
#14701=STYLED_ITEM('color',(#14171),#12010);
#14702=STYLED_ITEM('color',(#14171),#12020);
#14703=STYLED_ITEM('color',(#14171),#12028);
#14704=STYLED_ITEM('color',(#14171),#12038);
#14705=STYLED_ITEM('color',(#14171),#12048);
#14706=STYLED_ITEM('color',(#14171),#12057);
#14707=STYLED_ITEM('color',(#14171),#12067);
#14708=STYLED_ITEM('color',(#14171),#12077);
#14709=STYLED_ITEM('color',(#14171),#12087);
#14710=STYLED_ITEM('color',(#14171),#12097);
#14711=STYLED_ITEM('color',(#14171),#12105);
#14712=STYLED_ITEM('color',(#14171),#12115);
#14713=STYLED_ITEM('color',(#14171),#12124);
#14714=STYLED_ITEM('color',(#14171),#12134);
#14715=STYLED_ITEM('color',(#14171),#12144);
#14716=STYLED_ITEM('color',(#14171),#12154);
#14717=STYLED_ITEM('color',(#14171),#12164);
#14718=STYLED_ITEM('color',(#14171),#12172);
#14719=STYLED_ITEM('color',(#14171),#12183);
#14720=STYLED_ITEM('color',(#14171),#12192);
#14721=STYLED_ITEM('color',(#14171),#12202);
#14722=STYLED_ITEM('color',(#14171),#12212);
#14723=STYLED_ITEM('color',(#14171),#12222);
#14724=STYLED_ITEM('color',(#14171),#12232);
#14725=STYLED_ITEM('color',(#14171),#12241);
#14726=STYLED_ITEM('color',(#14171),#12251);
#14727=STYLED_ITEM('color',(#14171),#12261);
#14728=STYLED_ITEM('color',(#14171),#12270);
#14729=STYLED_ITEM('color',(#14171),#12280);
#14730=STYLED_ITEM('color',(#14171),#12290);
#14731=STYLED_ITEM('color',(#14171),#12300);
#14732=STYLED_ITEM('color',(#14171),#12310);
#14733=STYLED_ITEM('color',(#14171),#12318);
#14734=STYLED_ITEM('color',(#14171),#12328);
#14735=STYLED_ITEM('color',(#14171),#12338);
#14736=STYLED_ITEM('color',(#14171),#12347);
#14737=STYLED_ITEM('color',(#14171),#12357);
#14738=STYLED_ITEM('color',(#14171),#12367);
#14739=STYLED_ITEM('color',(#14171),#12377);
#14740=STYLED_ITEM('color',(#14171),#12387);
#14741=STYLED_ITEM('color',(#14171),#12395);
#14742=STYLED_ITEM('color',(#14171),#12405);
#14743=STYLED_ITEM('color',(#14171),#12415);
#14744=STYLED_ITEM('color',(#14171),#12424);
#14745=STYLED_ITEM('color',(#14171),#12434);
#14746=STYLED_ITEM('color',(#14171),#12444);
#14747=STYLED_ITEM('color',(#14171),#12454);
#14748=STYLED_ITEM('color',(#14171),#12464);
#14749=STYLED_ITEM('color',(#14171),#12472);
#14750=STYLED_ITEM('color',(#14171),#12482);
#14751=STYLED_ITEM('color',(#14171),#12492);
#14752=STYLED_ITEM('color',(#14171),#12501);
#14753=STYLED_ITEM('color',(#14171),#12511);
#14754=STYLED_ITEM('color',(#14171),#12521);
#14755=STYLED_ITEM('color',(#14171),#12531);
#14756=STYLED_ITEM('color',(#14171),#12541);
#14757=STYLED_ITEM('color',(#14171),#12549);
#14758=STYLED_ITEM('color',(#14171),#12559);
#14759=STYLED_ITEM('color',(#14171),#12569);
#14760=STYLED_ITEM('color',(#14171),#12578);
#14761=STYLED_ITEM('color',(#14171),#12588);
#14762=STYLED_ITEM('color',(#14171),#12598);
#14763=STYLED_ITEM('color',(#14171),#12608);
#14764=STYLED_ITEM('color',(#14171),#12618);
#14765=STYLED_ITEM('color',(#14171),#12626);
#14766=STYLED_ITEM('color',(#14171),#12636);
#14767=STYLED_ITEM('color',(#14171),#12646);
#14768=STYLED_ITEM('color',(#14171),#12655);
#14769=STYLED_ITEM('color',(#14171),#12665);
#14770=STYLED_ITEM('color',(#14171),#12675);
#14771=STYLED_ITEM('color',(#14171),#12685);
#14772=STYLED_ITEM('color',(#14171),#12695);
#14773=STYLED_ITEM('color',(#14171),#12703);
#14774=STYLED_ITEM('color',(#14171),#12713);
#14775=STYLED_ITEM('color',(#14171),#12723);
#14776=STYLED_ITEM('color',(#14171),#12732);
#14777=STYLED_ITEM('color',(#14171),#12742);
#14778=STYLED_ITEM('color',(#14171),#12752);
#14779=STYLED_ITEM('color',(#14171),#12762);
#14780=STYLED_ITEM('color',(#14171),#12772);
#14781=STYLED_ITEM('color',(#14171),#12780);
#14782=STYLED_ITEM('color',(#14171),#12790);
#14783=STYLED_ITEM('color',(#14171),#12800);
#14784=STYLED_ITEM('color',(#14171),#12809);
#14785=STYLED_ITEM('color',(#14171),#12819);
#14786=STYLED_ITEM('color',(#14171),#12829);
#14787=STYLED_ITEM('color',(#14171),#12839);
#14788=STYLED_ITEM('color',(#14171),#12849);
#14789=STYLED_ITEM('color',(#14171),#12857);
#14790=STYLED_ITEM('color',(#14171),#12867);
#14791=STYLED_ITEM('color',(#14171),#12877);
#14792=STYLED_ITEM('color',(#14171),#12886);
#14793=STYLED_ITEM('color',(#14171),#12896);
#14794=STYLED_ITEM('color',(#14171),#12906);
#14795=STYLED_ITEM('color',(#14171),#12916);
#14796=STYLED_ITEM('color',(#14171),#12926);
#14797=STYLED_ITEM('color',(#14171),#12934);
#14798=STYLED_ITEM('color',(#14171),#12944);
#14799=STYLED_ITEM('color',(#14171),#12954);
#14800=STYLED_ITEM('color',(#14171),#12963);
#14801=STYLED_ITEM('color',(#14171),#12973);
#14802=STYLED_ITEM('color',(#14171),#12983);
#14803=STYLED_ITEM('color',(#14171),#12993);
#14804=STYLED_ITEM('color',(#14171),#13003);
#14805=STYLED_ITEM('color',(#14171),#13011);
#14806=STYLED_ITEM('color',(#14171),#13021);
#14807=STYLED_ITEM('color',(#14171),#13031);
#14808=STYLED_ITEM('color',(#14171),#13040);
#14809=STYLED_ITEM('color',(#14171),#13050);
#14810=STYLED_ITEM('color',(#14171),#13060);
#14811=STYLED_ITEM('color',(#14171),#13070);
#14812=STYLED_ITEM('color',(#14171),#13080);
#14813=STYLED_ITEM('color',(#14171),#13088);
#14814=STYLED_ITEM('color',(#14171),#13100);
#14815=STYLED_ITEM('color',(#14171),#13110);
#14816=STYLED_ITEM('color',(#14171),#13121);
#14817=STYLED_ITEM('color',(#14171),#13130);
#14818=STYLED_ITEM('color',(#14171),#13140);
#14819=STYLED_ITEM('color',(#14171),#13150);
#14820=STYLED_ITEM('color',(#14171),#13160);
#14821=STYLED_ITEM('color',(#14171),#13170);
#14822=STYLED_ITEM('color',(#14171),#13179);
#14823=STYLED_ITEM('color',(#14171),#13191);
#14824=STYLED_ITEM('color',(#14171),#13201);
#14825=STYLED_ITEM('color',(#14171),#13211);
#14826=STYLED_ITEM('color',(#14171),#13220);
#14827=STYLED_ITEM('color',(#14171),#13230);
#14828=STYLED_ITEM('color',(#14171),#13240);
#14829=STYLED_ITEM('color',(#14171),#13250);
#14830=STYLED_ITEM('color',(#14171),#13260);
#14831=STYLED_ITEM('color',(#14171),#13268);
#14832=STYLED_ITEM('color',(#14171),#13280);
#14833=STYLED_ITEM('color',(#14171),#13290);
#14834=STYLED_ITEM('color',(#14171),#13300);
#14835=STYLED_ITEM('color',(#14171),#13309);
#14836=STYLED_ITEM('color',(#14171),#13319);
#14837=STYLED_ITEM('color',(#14171),#13329);
#14838=STYLED_ITEM('color',(#14171),#13339);
#14839=STYLED_ITEM('color',(#14171),#13349);
#14840=STYLED_ITEM('color',(#14171),#13357);
#14841=STYLED_ITEM('color',(#14171),#13369);
#14842=STYLED_ITEM('color',(#14171),#13379);
#14843=STYLED_ITEM('color',(#14171),#13389);
#14844=STYLED_ITEM('color',(#14171),#13398);
#14845=STYLED_ITEM('color',(#14171),#13408);
#14846=STYLED_ITEM('color',(#14171),#13418);
#14847=STYLED_ITEM('color',(#14171),#13428);
#14848=STYLED_ITEM('color',(#14171),#13438);
#14849=STYLED_ITEM('color',(#14171),#13446);
#14850=STYLED_ITEM('color',(#14171),#13458);
#14851=STYLED_ITEM('color',(#14171),#13468);
#14852=STYLED_ITEM('color',(#14171),#13478);
#14853=STYLED_ITEM('color',(#14171),#13487);
#14854=STYLED_ITEM('color',(#14171),#13497);
#14855=STYLED_ITEM('color',(#14171),#13507);
#14856=STYLED_ITEM('color',(#14171),#13517);
#14857=STYLED_ITEM('color',(#14171),#13527);
#14858=STYLED_ITEM('color',(#14171),#13535);
#14859=STYLED_ITEM('color',(#14171),#13547);
#14860=STYLED_ITEM('color',(#14171),#13557);
#14861=STYLED_ITEM('color',(#14171),#13567);
#14862=STYLED_ITEM('color',(#14171),#13576);
#14863=STYLED_ITEM('color',(#14171),#13586);
#14864=STYLED_ITEM('color',(#14171),#13596);
#14865=STYLED_ITEM('color',(#14171),#13606);
#14866=STYLED_ITEM('color',(#14171),#13616);
#14867=STYLED_ITEM('color',(#14171),#13624);
#14868=STYLED_ITEM('color',(#14171),#13636);
#14869=STYLED_ITEM('color',(#14171),#13646);
#14870=STYLED_ITEM('color',(#14171),#13656);
#14871=STYLED_ITEM('color',(#14171),#13665);
#14872=STYLED_ITEM('color',(#14171),#13675);
#14873=STYLED_ITEM('color',(#14171),#13685);
#14874=STYLED_ITEM('color',(#14171),#13695);
#14875=STYLED_ITEM('color',(#14171),#13705);
#14876=STYLED_ITEM('color',(#14171),#13713);
#14877=STYLED_ITEM('color',(#14171),#13725);
#14878=STYLED_ITEM('color',(#14171),#13735);
#14879=STYLED_ITEM('color',(#14171),#13745);
#14880=STYLED_ITEM('color',(#14171),#13754);
#14881=STYLED_ITEM('color',(#14171),#13764);
#14882=STYLED_ITEM('color',(#14171),#13774);
#14883=STYLED_ITEM('color',(#14171),#13784);
#14884=STYLED_ITEM('color',(#14171),#13794);
#14885=STYLED_ITEM('color',(#14171),#13802);
#14886=STYLED_ITEM('color',(#14171),#13814);
#14887=STYLED_ITEM('color',(#14171),#13824);
#14888=STYLED_ITEM('color',(#14171),#13834);
#14889=STYLED_ITEM('color',(#14171),#13843);
#14890=STYLED_ITEM('color',(#14171),#13853);
#14891=STYLED_ITEM('color',(#14171),#13863);
#14892=STYLED_ITEM('color',(#14171),#13873);
#14893=STYLED_ITEM('color',(#14171),#13883);
#14894=STYLED_ITEM('color',(#14171),#13891);
#14895=STYLED_ITEM('color',(#14171),#13903);
#14896=STYLED_ITEM('color',(#14171),#13913);
#14897=STYLED_ITEM('color',(#14171),#13923);
#14898=STYLED_ITEM('color',(#14171),#13932);
#14899=STYLED_ITEM('color',(#14171),#13942);
#14900=STYLED_ITEM('color',(#14171),#13952);
#14901=STYLED_ITEM('color',(#14171),#13962);
#14902=STYLED_ITEM('color',(#14171),#13972);
#14903=STYLED_ITEM('color',(#14171),#13980);
#14904=STYLED_ITEM('color',(#14171),#13992);
#14905=STYLED_ITEM('color',(#14171),#14002);
#14906=STYLED_ITEM('color',(#14171),#14012);
#14907=STYLED_ITEM('color',(#14171),#14021);
#14908=STYLED_ITEM('color',(#14171),#14031);
#14909=STYLED_ITEM('color',(#14171),#14041);
#14910=STYLED_ITEM('color',(#14171),#14051);
#14911=STYLED_ITEM('color',(#14171),#14061);
#14912=STYLED_ITEM('color',(#14171),#14069);
#14913=STYLED_ITEM('color',(#14171),#14079);
#14914=STYLED_ITEM('color',(#14171),#14089);
#14915=STYLED_ITEM('color',(#14171),#14098);
#14916=STYLED_ITEM('color',(#14171),#14108);
#14917=STYLED_ITEM('color',(#14171),#14118);
#14918=STYLED_ITEM('color',(#14171),#14128);
#14919=STYLED_ITEM('color',(#14171),#14138);
#14920=STYLED_ITEM('color',(#14921),#14146);
#14921=PRESENTATION_STYLE_ASSIGNMENT((#14922,#14928));
#14922=SURFACE_STYLE_USAGE(.BOTH.,#14923);
#14923=SURFACE_SIDE_STYLE('',(#14924));
#14924=SURFACE_STYLE_FILL_AREA(#14925);
#14925=FILL_AREA_STYLE('',(#14926));
#14926=FILL_AREA_STYLE_COLOUR('',#14927);
#14927=COLOUR_RGB('',0.690999998585,0.664000007176,0.597999987832);
#14928=CURVE_STYLE('',#14166,POSITIVE_LENGTH_MEASURE(0.1),#14927);
ENDSEC;
END-ISO-10303-21;
